UDI,Product ID,Type,Air temperature [K],Process temperature [K],Rotational speed [rpm],Torque [Nm],Tool wear [min],Machine failure,TWF,HDF,PWF,OSF,RNF,Temperature_Difference,Mechanical_Load,Wear_Stress,Wear_Heat
1,M14860,M,298.1,308.6,1551,42.8,0,0,0,0,0,0,0,10.5,66382.79999999999,0.0,0.0
2,L47181,L,298.2,308.7,1408,46.3,3,0,0,0,0,0,0,10.5,65190.399999999994,138.89999999999998,926.0999999999999
3,L47182,L,298.1,308.5,1498,49.4,5,0,0,0,0,0,0,10.399999999999977,74001.2,247.0,1542.5
4,L47183,L,298.2,308.6,1433,39.5,7,0,0,0,0,0,0,10.400000000000034,56603.5,276.5,2160.2000000000003
5,L47184,L,298.2,308.7,1408,40.0,9,0,0,0,0,0,0,10.5,56320.0,360.0,2778.2999999999997
6,M14865,M,298.1,308.6,1425,41.9,11,0,0,0,0,0,0,10.5,59707.5,460.9,3394.6000000000004
7,L47186,L,298.1,308.6,1558,42.4,14,0,0,0,0,0,0,10.5,66059.2,593.6,4320.400000000001
8,L47187,L,298.1,308.6,1527,40.2,16,0,0,0,0,0,0,10.5,61385.4,643.2,4937.6
9,M14868,M,298.3,308.7,1667,28.6,18,0,0,0,0,0,0,10.399999999999977,47676.200000000004,514.8000000000001,5556.599999999999
10,M14869,M,298.5,309.0,1741,28.0,21,0,0,0,0,0,0,10.5,48748.0,588.0,6489.0
11,H29424,H,298.4,308.9,1782,23.9,24,0,0,0,0,0,0,10.5,42589.799999999996,573.5999999999999,7413.599999999999
12,H29425,H,298.6,309.1,1423,44.3,29,0,0,0,0,0,0,10.5,63038.899999999994,1284.6999999999998,8963.900000000001
13,M14872,M,298.6,309.1,1339,51.1,34,0,0,0,0,0,0,10.5,68422.90000000001,1737.4,10509.400000000001
14,M14873,M,298.6,309.2,1742,30.0,37,0,0,0,0,0,0,10.599999999999966,52260.0,1110.0,11440.4
15,L47194,L,298.6,309.2,2035,19.6,40,0,0,0,0,0,0,10.599999999999966,39886.0,784.0,12368.0
16,L47195,L,298.6,309.2,1542,48.4,42,0,0,0,0,0,0,10.599999999999966,74632.8,2032.8,12986.4
17,M14876,M,298.6,309.2,1311,46.6,44,0,0,0,0,0,0,10.599999999999966,61092.6,2050.4,13604.8
18,M14877,M,298.7,309.2,1410,45.6,47,0,0,0,0,0,0,10.5,64296.0,2143.2000000000003,14532.4
19,H29432,H,298.8,309.2,1306,54.5,50,0,0,0,0,0,0,10.399999999999977,71177.0,2725.0,15460.0
20,M14879,M,298.9,309.3,1632,32.5,55,0,0,0,0,0,0,10.400000000000034,53040.0,1787.5,17011.5
21,H29434,H,298.9,309.3,1375,42.7,58,0,0,0,0,0,0,10.400000000000034,58712.50000000001,2476.6000000000004,17939.4
22,L47201,L,298.8,309.3,1450,44.8,63,0,0,0,0,0,0,10.5,64959.99999999999,2822.3999999999996,19485.9
23,M14882,M,298.9,309.3,1581,30.7,65,0,0,0,0,0,0,10.400000000000034,48536.7,1995.5,20104.5
24,L47203,L,299.0,309.4,1758,25.7,68,0,0,0,0,0,0,10.399999999999977,45180.6,1747.6,21039.199999999997
25,M14884,M,299.0,309.4,1561,37.3,70,0,0,0,0,0,0,10.399999999999977,58225.299999999996,2611.0,21658.0
26,L47205,L,299.0,309.5,1861,23.3,73,0,0,0,0,0,0,10.5,43361.3,1700.9,22593.5
27,L47206,L,299.1,309.5,1512,39.0,75,0,0,0,0,0,0,10.399999999999977,58968.0,2925.0,23212.5
28,H29441,H,299.1,309.4,1811,24.6,77,0,0,0,0,0,0,10.299999999999955,44550.600000000006,1894.2,23823.8
29,L47208,L,299.1,309.4,1439,44.2,82,0,0,0,0,0,0,10.299999999999955,63603.8,3624.4,25370.8
30,L47209,L,299.0,309.4,1693,30.1,84,0,0,0,0,0,0,10.399999999999977,50959.3,2528.4,25989.6
31,M14890,M,299.1,309.5,1339,48.2,86,0,0,0,0,0,0,10.399999999999977,64539.8,4145.2,26617.0
32,L47211,L,299.0,309.4,1798,25.5,89,0,0,0,0,0,0,10.399999999999977,45849.0,2269.5,27536.6
33,L47212,L,299.0,309.4,1419,48.3,91,0,0,0,0,0,0,10.399999999999977,68537.7,4395.3,28155.399999999998
34,L47213,L,298.9,309.3,1665,32.5,93,0,0,0,0,0,0,10.400000000000034,54112.5,3022.5,28764.9
35,M14894,M,298.8,309.1,1559,34.7,95,0,0,0,0,0,0,10.300000000000011,54097.3,3296.5000000000005,29364.500000000004
36,M14895,M,298.8,309.2,1452,48.6,98,0,0,0,0,0,0,10.399999999999977,70567.2,4762.8,30301.6
37,M14896,M,298.9,309.2,1581,36.7,101,0,0,0,0,0,0,10.300000000000011,58022.700000000004,3706.7000000000003,31229.199999999997
38,L47217,L,298.8,309.1,1439,39.2,104,0,0,0,0,0,0,10.300000000000011,56408.8,4076.8,32146.4
39,H29452,H,298.9,309.2,1379,50.7,106,0,0,0,0,0,0,10.300000000000011,69915.3,5374.200000000001,32775.2
40,L47219,L,298.8,309.1,1350,52.5,111,0,0,0,0,0,0,10.300000000000011,70875.0,5827.5,34310.100000000006
41,L47220,L,298.8,309.1,1362,45.4,113,0,0,0,0,0,0,10.300000000000011,61834.799999999996,5130.2,34928.3
42,L47221,L,298.8,309.1,1368,50.8,115,0,0,0,0,0,0,10.300000000000011,69494.4,5842.0,35546.5
43,M14902,M,298.8,309.1,1368,49.1,117,0,0,0,0,0,0,10.300000000000011,67168.8,5744.7,36164.700000000004
44,H29457,H,298.8,309.2,1372,48.5,120,0,0,0,0,0,0,10.399999999999977,66542.0,5820.0,37104.0
45,M14904,M,298.8,309.1,1472,47.5,125,0,0,0,0,0,0,10.300000000000011,69920.0,5937.5,38637.5
46,L47225,L,298.8,309.1,1489,49.1,128,0,0,0,0,0,0,10.300000000000011,73109.90000000001,6284.8,39564.8
47,M14906,M,298.7,309.0,1843,25.8,130,0,0,0,0,0,0,10.300000000000011,47549.4,3354.0,40170.0
48,L47227,L,298.8,309.1,1418,46.3,133,0,0,0,0,0,0,10.300000000000011,65653.4,6157.9,41110.3
49,H29462,H,298.8,309.2,1425,53.9,135,0,0,0,0,0,0,10.399999999999977,76807.5,7276.5,41742.0
50,M14909,M,298.9,309.2,1412,44.1,140,0,0,0,0,0,0,10.300000000000011,62269.200000000004,6174.0,43288.0
51,L47230,L,298.9,309.1,2861,4.6,143,1,0,0,1,0,0,10.200000000000045,13160.599999999999,657.8,44201.3
52,L47231,L,298.9,309.1,1383,54.9,145,0,0,0,0,0,0,10.200000000000045,75926.7,7960.5,44819.5
53,H29466,H,298.8,309.0,1497,43.8,147,0,0,0,0,0,0,10.199999999999989,65568.59999999999,6438.599999999999,45423.0
54,L47233,L,298.7,309.0,1565,35.1,152,0,0,0,0,0,0,10.300000000000011,54931.5,5335.2,46968.0
55,L47234,L,298.7,309.0,1691,30.1,154,0,0,0,0,0,0,10.300000000000011,50899.100000000006,4635.400000000001,47586.0
56,L47235,L,298.8,309.1,1512,40.7,156,0,0,0,0,0,0,10.300000000000011,61538.4,6349.200000000001,48219.600000000006
57,L47236,L,298.8,309.1,1477,42.4,158,0,0,0,0,0,0,10.300000000000011,62624.799999999996,6699.2,48837.8
58,L47237,L,298.8,309.1,1513,40.3,160,0,0,0,0,0,0,10.300000000000011,60973.899999999994,6448.0,49456.0
59,M14918,M,298.8,309.0,1661,29.5,162,0,0,0,0,0,0,10.199999999999989,48999.5,4779.0,50058.0
60,L47239,L,298.8,309.1,1378,54.4,165,0,0,0,0,0,0,10.300000000000011,74963.2,8976.0,51001.50000000001
61,L47240,L,298.8,309.1,1393,52.6,167,0,0,0,0,0,0,10.300000000000011,73271.8,8784.2,51619.700000000004
62,M14921,M,298.8,309.0,1592,38.2,169,0,0,0,0,0,0,10.199999999999989,60814.4,6455.8,52221.0
63,L47242,L,298.8,309.0,1829,22.9,172,0,0,0,0,0,0,10.199999999999989,41884.1,3938.7999999999997,53148.0
64,M14923,M,298.9,309.0,1812,25.9,174,0,0,0,0,0,0,10.100000000000023,46930.799999999996,4506.599999999999,53766.0
65,L47244,L,299.0,309.1,1523,38.6,177,0,0,0,0,0,0,10.100000000000023,58787.8,6832.2,54710.700000000004
66,L47245,L,299.0,309.1,1394,45.1,179,0,0,0,0,0,0,10.100000000000023,62869.4,8072.900000000001,55328.9
67,M14926,M,298.9,308.9,1679,28.7,181,0,0,0,0,0,0,10.0,48187.299999999996,5194.7,55910.899999999994
68,H29481,H,298.8,308.9,1466,44.1,184,0,0,0,0,0,0,10.099999999999966,64650.6,8114.400000000001,56837.6
69,L47248,L,298.8,308.9,1527,32.4,189,0,0,0,0,0,0,10.099999999999966,49474.799999999996,6123.599999999999,58382.1
70,L47249,L,298.9,309.0,1410,65.7,191,1,0,0,1,1,0,10.100000000000023,92637.0,12548.7,59019.0
71,M14930,M,298.9,309.0,1924,22.6,193,0,0,0,0,0,0,10.100000000000023,43482.4,4361.8,59637.0
72,L47251,L,298.9,309.1,1452,45.5,196,0,0,0,0,0,0,10.200000000000045,66066.0,8918.0,60583.600000000006
73,L47252,L,298.9,309.1,1369,44.4,198,0,0,0,0,0,0,10.200000000000045,60783.6,8791.199999999999,61201.8
74,L47253,L,299.0,309.1,1592,35.0,200,0,0,0,0,0,0,10.100000000000023,55720.0,7000.0,61820.00000000001
75,L47254,L,298.9,309.0,1601,32.3,202,0,0,0,0,0,0,10.100000000000023,51712.299999999996,6524.599999999999,62418.0
76,L47255,L,298.8,308.9,1379,46.7,204,0,0,0,0,0,0,10.099999999999966,64399.3,9526.800000000001,63015.6
77,L47256,L,298.8,308.9,1461,47.9,206,0,0,0,0,0,0,10.099999999999966,69981.9,9867.4,63633.399999999994
78,L47257,L,298.8,308.9,1455,41.3,208,1,1,0,0,0,0,10.099999999999966,60091.49999999999,8590.4,64251.2
79,L47258,L,298.8,308.9,1398,51.5,0,0,0,0,0,0,0,10.099999999999966,71997.0,0.0,0.0
80,L47259,L,298.8,308.9,1402,37.9,2,0,0,0,0,0,0,10.099999999999966,53135.799999999996,75.8,617.8
81,H29494,H,298.8,308.8,1445,49.9,4,0,0,0,0,0,0,10.0,72105.5,199.6,1235.2
82,L47261,L,298.9,308.9,1450,47.5,9,0,0,0,0,0,0,10.0,68875.0,427.5,2780.1
83,L47262,L,298.9,308.9,1453,40.8,11,0,0,0,0,0,0,10.0,59282.399999999994,448.79999999999995,3397.8999999999996
84,L47263,L,299.0,309.0,1469,40.1,13,0,0,0,0,0,0,10.0,58906.9,521.3000000000001,4017.0
85,L47264,L,298.9,308.9,1422,47.6,15,0,0,0,0,0,0,10.0,67687.2,714.0,4633.5
86,M14945,M,299.0,309.0,1804,26.8,17,0,0,0,0,0,0,10.0,48347.200000000004,455.6,5253.0
87,H29500,H,299.0,309.0,1436,43.9,20,0,0,0,0,0,0,10.0,63040.4,878.0,6180.0
88,L47267,L,299.0,309.0,1544,31.8,25,0,0,0,0,0,0,10.0,49099.200000000004,795.0,7725.0
89,M14948,M,299.0,309.0,1419,45.2,27,0,0,0,0,0,0,10.0,64138.8,1220.4,8343.0
90,M14949,M,298.9,308.9,1487,39.5,30,0,0,0,0,0,0,10.0,58736.5,1185.0,9267.0
91,L47270,L,298.9,308.9,1753,25.8,33,0,0,0,0,0,0,10.0,45227.4,851.4,10193.699999999999
92,L47271,L,298.9,308.9,1830,24.9,35,0,0,0,0,0,0,10.0,45567.0,871.5,10811.5
93,M14952,M,298.9,308.9,1727,27.1,37,0,0,0,0,0,0,10.0,46801.700000000004,1002.7,11429.3
94,L47273,L,299.1,309.0,1450,43.0,40,0,0,0,0,0,0,9.899999999999977,62350.0,1720.0,12360.0
95,L47274,L,299.0,308.9,1622,31.9,42,0,0,0,0,0,0,9.899999999999977,51741.799999999996,1339.8,12973.8
96,M14955,M,299.0,309.0,1351,52.2,44,0,0,0,0,0,0,10.0,70522.2,2296.8,13596.0
97,M14956,M,299.0,309.0,1575,35.3,47,0,0,0,0,0,0,10.0,55597.49999999999,1659.1,14523.0
98,M14957,M,298.9,308.9,1750,29.9,50,0,0,0,0,0,0,10.0,52325.0,1495.0,15444.999999999998
99,L47278,L,298.9,308.8,1529,32.7,53,0,0,0,0,0,0,9.900000000000034,49998.3,1733.1000000000001,16366.400000000001
100,L47279,L,298.8,308.8,1523,44.4,55,0,0,0,0,0,0,10.0,67621.2,2442.0,16984.0
101,L47280,L,298.8,308.9,1852,25.0,57,0,0,0,0,0,0,10.099999999999966,46300.0,1425.0,17607.3
102,L47281,L,298.8,308.8,1991,20.7,59,0,0,0,0,0,0,10.0,41213.7,1221.3,18219.2
103,L47282,L,298.8,308.8,1555,40.6,61,0,0,0,0,0,0,10.0,63133.0,2476.6,18836.8
104,M14963,M,298.8,308.8,1441,40.5,63,0,0,0,0,0,0,10.0,58360.5,2551.5,19454.4
105,L47284,L,298.8,308.7,1450,43.4,66,0,0,0,0,0,0,9.899999999999977,62930.0,2864.4,20374.2
106,L47285,L,298.8,308.7,1591,31.1,68,0,0,0,0,0,0,9.899999999999977,49480.100000000006,2114.8,20991.6
107,L47286,L,298.8,308.7,1445,48.5,70,0,0,0,0,0,0,9.899999999999977,70082.5,3395.0,21609.0
108,M14967,M,298.8,308.8,1497,46.8,72,0,0,0,0,0,0,10.0,70059.59999999999,3369.6,22233.600000000002
109,H29522,H,298.9,308.8,1621,32.7,75,0,0,0,0,0,0,9.900000000000034,53006.700000000004,2452.5,23160.0
110,L47289,L,298.9,308.7,1572,34.1,80,0,0,0,0,0,0,9.800000000000011,53605.200000000004,2728.0,24696.0
111,L47290,L,298.8,308.6,1872,22.5,82,0,0,0,0,0,0,9.800000000000011,42120.0,1845.0,25305.2
112,H29525,H,298.7,308.6,1499,43.5,84,0,0,0,0,0,0,9.900000000000034,65206.5,3654.0,25922.4
113,M14972,M,298.8,308.7,1498,39.5,89,0,0,0,0,0,0,9.899999999999977,59171.0,3515.5,27474.3
114,M14973,M,298.8,308.6,1486,41.9,92,0,0,0,0,0,0,9.800000000000011,62263.4,3854.7999999999997,28391.2
115,L47294,L,298.8,308.6,1680,29.4,95,0,0,0,0,0,0,9.800000000000011,49392.0,2793.0,29317.000000000004
116,L47295,L,298.8,308.6,1431,45.7,97,0,0,0,0,0,0,9.800000000000011,65396.700000000004,4432.900000000001,29934.2
117,L47296,L,298.9,308.7,1564,34.1,99,0,0,0,0,0,0,9.800000000000011,53332.4,3375.9,30561.3
118,L47297,L,298.8,308.6,1599,33.0,101,0,0,0,0,0,0,9.800000000000011,52767.0,3333.0,31168.600000000002
119,M14978,M,298.8,308.6,1707,28.1,103,0,0,0,0,0,0,9.800000000000011,47966.700000000004,2894.3,31785.800000000003
120,L47299,L,298.7,308.5,1467,40.7,106,0,0,0,0,0,0,9.800000000000011,59706.9,4314.200000000001,32701.0
121,L47300,L,298.9,308.7,1433,44.7,108,0,0,0,0,0,0,9.800000000000011,64055.100000000006,4827.6,33339.6
122,L47301,L,298.9,308.7,1558,41.2,110,0,0,0,0,0,0,9.800000000000011,64189.600000000006,4532.0,33957.0
123,L47302,L,299.0,308.8,1310,50.7,112,0,0,0,0,0,0,9.800000000000011,66417.0,5678.400000000001,34585.6
124,L47303,L,298.9,308.7,1546,43.4,114,0,0,0,0,0,0,9.800000000000011,67096.4,4947.599999999999,35191.799999999996
125,L47304,L,298.9,308.7,1727,29.4,116,0,0,0,0,0,0,9.800000000000011,50773.799999999996,3410.3999999999996,35809.2
126,L47305,L,298.9,308.6,1560,32.2,118,0,0,0,0,0,0,9.700000000000045,50232.00000000001,3799.6000000000004,36414.8
127,L47306,L,299.0,308.6,1329,60.5,120,0,0,0,0,0,0,9.600000000000023,80404.5,7260.0,37032.0
128,L47307,L,298.9,308.6,1413,46.5,122,0,0,0,0,0,0,9.700000000000045,65704.5,5673.0,37649.200000000004
129,L47308,L,299.0,308.6,1587,38.6,124,0,0,0,0,0,0,9.600000000000023,61258.200000000004,4786.400000000001,38266.4
130,L47309,L,298.9,308.5,1559,34.3,126,0,0,0,0,0,0,9.600000000000023,53473.7,4321.799999999999,38871.0
131,L47310,L,298.8,308.4,1473,41.1,128,0,0,0,0,0,0,9.599999999999966,60540.3,5260.8,39475.2
132,L47311,L,298.8,308.4,1737,27.7,130,0,0,0,0,0,0,9.599999999999966,48114.9,3601.0,40092.0
133,M14992,M,298.7,308.4,1441,43.2,132,0,0,0,0,0,0,9.699999999999989,62251.200000000004,5702.400000000001,40708.799999999996
134,M14993,M,298.7,308.4,1430,49.6,135,0,0,0,0,0,0,9.699999999999989,70928.0,6696.0,41634.0
135,L47314,L,298.8,308.4,1369,53.0,138,0,0,0,0,0,0,9.599999999999966,72557.0,7314.0,42559.2
136,M14995,M,298.8,308.5,1711,28.5,140,0,0,0,0,0,0,9.699999999999989,48763.5,3990.0,43190.0
137,H29550,H,298.7,308.5,1420,45.7,143,0,0,0,0,0,0,9.800000000000011,64894.00000000001,6535.1,44115.5
138,L47317,L,298.7,308.6,1297,55.3,148,0,0,0,0,0,0,9.900000000000034,71724.09999999999,8184.4,45672.8
139,H29552,H,298.8,308.6,1449,49.4,150,0,0,0,0,0,0,9.800000000000011,71580.59999999999,7410.0,46290.0
140,L47319,L,298.8,308.6,1268,55.8,155,0,0,0,0,0,0,9.800000000000011,70754.4,8649.0,47833.0
141,L47320,L,298.8,308.6,1511,36.1,157,0,0,0,0,0,0,9.800000000000011,54547.1,5667.7,48450.200000000004
142,L47321,L,298.7,308.5,1544,35.2,159,0,0,0,0,0,0,9.800000000000011,54348.8,5596.8,49051.5
143,M15002,M,298.6,308.4,1778,28.2,161,0,0,0,0,0,0,9.799999999999955,50139.6,4540.2,49652.399999999994
144,H29557,H,298.6,308.4,1407,50.5,164,0,0,0,0,0,0,9.799999999999955,71053.5,8282.0,50577.6
145,M15004,M,298.6,308.4,1391,42.4,169,0,0,0,0,0,0,9.799999999999955,58978.4,7165.599999999999,52119.6
146,L47325,L,298.5,308.4,1513,33.6,172,0,0,0,0,0,0,9.899999999999977,50836.8,5779.2,53044.799999999996
147,H29560,H,298.5,308.4,1612,36.1,174,0,0,0,0,0,0,9.899999999999977,58193.200000000004,6281.400000000001,53661.6
148,L47327,L,298.4,308.4,1515,40.1,179,0,0,0,0,0,0,10.0,60751.5,7177.900000000001,55203.6
149,M15008,M,298.3,308.3,1379,48.0,181,0,0,0,0,0,0,10.0,66192.0,8688.0,55802.3
150,L47329,L,298.4,308.3,1473,39.9,184,0,0,0,0,0,0,9.900000000000034,58772.7,7341.599999999999,56727.200000000004
151,L47330,L,298.4,308.3,1422,42.7,186,0,0,0,0,0,0,9.900000000000034,60719.4,7942.200000000001,57343.8
152,M15011,M,298.4,308.2,1463,37.6,188,0,0,0,0,0,0,9.800000000000011,55008.8,7068.8,57941.6
153,M15012,M,298.4,308.2,1584,41.0,191,0,0,0,0,0,0,9.800000000000011,64944.0,7831.0,58866.2
154,L47333,L,298.4,308.2,1850,27.0,194,0,0,0,0,0,0,9.800000000000011,49950.0,5238.0,59790.799999999996
155,L47334,L,298.4,308.2,1528,36.2,196,0,0,0,0,0,0,9.800000000000011,55313.600000000006,7095.200000000001,60407.2
156,H29569,H,298.4,308.2,1987,19.8,198,0,0,0,0,0,0,9.800000000000011,39342.6,3920.4,61023.6
157,M15016,M,298.4,308.1,1495,46.0,203,0,0,0,0,0,0,9.700000000000045,68770.0,9338.0,62544.3
158,H29571,H,298.4,308.2,1478,43.5,206,0,0,0,0,0,0,9.800000000000011,64293.0,8961.0,63489.2
159,M15018,M,298.4,308.2,1499,40.0,211,0,0,0,0,0,0,9.800000000000011,59960.0,8440.0,65030.2
160,L47339,L,298.4,308.2,1471,47.0,214,0,0,0,0,0,0,9.800000000000011,69137.0,10058.0,65954.8
161,L47340,L,298.4,308.2,1282,60.7,216,1,0,0,0,1,0,9.800000000000011,77817.40000000001,13111.2,66571.2
162,L47341,L,298.3,308.1,1412,52.3,218,1,0,0,0,1,0,9.800000000000011,73847.59999999999,11401.4,67165.8
163,L47342,L,298.3,308.1,1586,35.5,0,0,0,0,0,0,0,9.800000000000011,56303.0,0.0,0.0
164,M15023,M,298.4,308.2,1468,43.8,2,0,0,0,0,0,0,9.800000000000011,64298.399999999994,87.6,616.4
165,M15024,M,298.5,308.3,1440,43.6,5,0,0,0,0,0,0,9.800000000000011,62784.0,218.0,1541.5
166,L47345,L,298.5,308.4,1733,26.0,8,0,0,0,0,0,0,9.899999999999977,45058.0,208.0,2467.2
167,H29580,H,298.4,308.2,1612,32.6,10,0,0,0,0,0,0,9.800000000000011,52551.200000000004,326.0,3082.0
168,H29581,H,298.4,308.3,1458,42.9,15,0,0,0,0,0,0,9.900000000000034,62548.2,643.5,4624.5
169,L47348,L,298.4,308.3,1433,62.3,20,1,0,0,1,0,0,9.900000000000034,89275.9,1246.0,6166.0
170,L47349,L,298.4,308.3,1318,59.1,22,0,0,0,0,0,0,9.900000000000034,77893.8,1300.2,6782.6
171,M15030,M,298.4,308.2,1610,35.0,24,0,0,0,0,0,0,9.800000000000011,56350.0,840.0,7396.799999999999
172,L47351,L,298.2,308.1,1462,50.8,27,0,0,0,0,0,0,9.900000000000034,74269.59999999999,1371.6,8318.7
173,M15032,M,298.1,308.0,1924,20.8,29,0,0,0,0,0,0,9.899999999999977,40019.200000000004,603.2,8932.0
174,M15033,M,298.2,308.0,1591,33.7,32,0,0,0,0,0,0,9.800000000000011,53616.700000000004,1078.4,9856.0
175,L47354,L,298.2,308.1,1306,58.3,35,0,0,0,0,0,0,9.900000000000034,76139.8,2040.5,10783.5
176,L47355,L,298.2,308.1,1382,43.5,37,0,0,0,0,0,0,9.900000000000034,60117.0,1609.5,11399.7
177,L47356,L,298.2,308.1,1618,34.7,39,0,0,0,0,0,0,9.900000000000034,56144.600000000006,1353.3000000000002,12015.900000000001
178,L47357,L,298.2,308.2,1988,21.4,41,0,0,0,0,0,0,10.0,42543.2,877.4,12636.199999999999
179,L47358,L,298.2,308.2,1436,50.2,43,0,0,0,0,0,0,10.0,72087.2,2158.6,13252.6
180,L47359,L,298.2,308.3,1304,49.8,45,0,0,0,0,0,0,10.100000000000023,64939.2,2241.0,13873.5
181,L47360,L,298.2,308.3,1475,49.9,47,0,0,0,0,0,0,10.100000000000023,73602.5,2345.2999999999997,14490.1
182,H29595,H,298.2,308.3,1824,24.2,49,0,0,0,0,0,0,10.100000000000023,44140.799999999996,1185.8,15106.7
183,M15042,M,298.1,308.2,1342,48.1,54,0,0,0,0,0,0,10.099999999999966,64550.200000000004,2597.4,16642.8
184,L47363,L,298.1,308.2,1485,40.7,57,0,0,0,0,0,0,10.099999999999966,60439.50000000001,2319.9,17567.399999999998
185,L47364,L,298.2,308.2,1667,30.6,59,0,0,0,0,0,0,10.0,51010.200000000004,1805.4,18183.8
186,L47365,L,298.2,308.2,1446,38.2,61,0,0,0,0,0,0,10.0,55237.200000000004,2330.2000000000003,18800.2
187,L47366,L,298.1,308.3,1301,56.0,63,0,0,0,0,0,0,10.199999999999989,72856.0,3528.0,19422.9
188,L47367,L,298.2,308.4,1379,43.1,65,0,0,0,0,0,0,10.199999999999989,59434.9,2801.5,20046.0
189,L47368,L,298.3,308.5,1606,33.6,67,0,0,0,0,0,0,10.199999999999989,53961.600000000006,2251.2000000000003,20669.5
190,M15049,M,298.3,308.4,1539,43.4,69,0,0,0,0,0,0,10.099999999999966,66792.59999999999,2994.6,21279.6
191,L47370,L,298.2,308.4,1477,49.9,72,0,0,0,0,0,0,10.199999999999989,73702.3,3592.7999999999997,22204.8
192,L47371,L,298.2,308.4,1666,34.6,74,0,0,0,0,0,0,10.199999999999989,57643.600000000006,2560.4,22821.6
193,H29606,H,298.2,308.4,1398,51.8,76,0,0,0,0,0,0,10.199999999999989,72416.4,3936.7999999999997,23438.399999999998
194,H29607,H,298.2,308.4,1678,34.6,81,0,0,0,0,0,0,10.199999999999989,58058.8,2802.6,24980.399999999998
195,M15054,M,298.2,308.5,2678,10.7,86,1,0,0,1,0,0,10.300000000000011,28654.6,920.1999999999999,26531.0
196,L47375,L,298.3,308.5,1453,42.9,89,0,0,0,0,0,0,10.199999999999989,62333.7,3818.1,27456.5
197,H29610,H,298.3,308.6,1432,49.5,91,0,0,0,0,0,0,10.300000000000011,70884.0,4504.5,28082.600000000002
198,M15057,M,298.4,308.6,1527,40.9,96,0,0,0,0,0,0,10.200000000000045,62454.299999999996,3926.3999999999996,29625.600000000002
199,L47378,L,298.4,308.7,1588,35.0,99,0,0,0,0,0,0,10.300000000000011,55580.0,3465.0,30561.3
200,L47379,L,298.4,308.6,1433,47.1,101,0,0,0,0,0,0,10.200000000000045,67494.3,4757.1,31168.600000000002
201,L47380,L,298.4,308.6,1609,35.0,103,0,0,0,0,0,0,10.200000000000045,56315.0,3605.0,31785.800000000003
202,L47381,L,298.3,308.5,1575,41.2,105,0,0,0,0,0,0,10.199999999999989,64890.00000000001,4326.0,32392.5
203,M15062,M,298.4,308.5,1636,35.7,107,0,0,0,0,0,0,10.100000000000023,58405.200000000004,3819.9,33009.5
204,L47383,L,298.4,308.5,1490,37.9,110,0,0,0,0,0,0,10.100000000000023,56471.0,4169.0,33935.0
205,L47384,L,298.4,308.5,1741,32.8,112,0,0,0,0,0,0,10.100000000000023,57104.799999999996,3673.5999999999995,34552.0
206,M15065,M,298.5,308.6,1344,53.0,114,0,0,0,0,0,0,10.100000000000023,71232.0,6042.0,35180.4
207,L47386,L,298.5,308.7,1609,35.3,117,0,0,0,0,0,0,10.199999999999989,56797.7,4130.099999999999,36117.9
208,M15067,M,298.4,308.7,1421,60.7,119,1,0,0,1,0,0,10.300000000000011,86254.7,7223.3,36735.299999999996
209,L47388,L,298.4,308.6,1591,36.7,122,0,0,0,0,0,0,10.200000000000045,58389.700000000004,4477.400000000001,37649.200000000004
210,L47389,L,298.4,308.6,1477,44.0,124,0,0,0,0,0,0,10.200000000000045,64988.0,5456.0,38266.4
211,L47390,L,298.4,308.7,1523,36.1,126,0,0,0,0,0,0,10.300000000000011,54980.3,4548.6,38896.2
212,L47391,L,298.5,308.7,1575,33.9,128,0,0,0,0,0,0,10.199999999999989,53392.5,4339.2,39513.6
213,H29626,H,298.4,308.7,1344,52.9,130,0,0,0,0,0,0,10.300000000000011,71097.59999999999,6877.0,40131.0
214,L47393,L,298.4,308.7,1386,44.9,135,0,0,0,0,0,0,10.300000000000011,62231.4,6061.5,41674.5
215,M15074,M,298.3,308.6,1589,37.1,137,0,0,0,0,0,0,10.300000000000011,58951.9,5082.7,42278.200000000004
216,L47395,L,298.3,308.6,1548,40.3,140,0,0,0,0,0,0,10.300000000000011,62384.399999999994,5642.0,43204.0
217,L47396,L,298.3,308.6,1499,38.3,142,0,0,0,0,0,0,10.300000000000011,57411.7,5438.599999999999,43821.200000000004
218,L47397,L,298.3,308.5,1664,31.6,144,0,0,0,0,0,0,10.199999999999989,52582.4,4550.400000000001,44424.0
219,L47398,L,298.3,308.6,1447,38.1,146,0,0,0,0,0,0,10.300000000000011,55130.700000000004,5562.6,45055.600000000006
220,M15079,M,298.3,308.5,1434,46.2,148,0,0,0,0,0,0,10.199999999999989,66250.8,6837.6,45658.0
221,L47400,L,298.3,308.5,1416,52.7,151,0,0,0,0,0,0,10.199999999999989,74623.2,7957.700000000001,46583.5
222,H29635,H,298.4,308.5,1827,24.3,153,0,0,0,0,0,0,10.100000000000023,44396.1,3717.9,47200.5
223,L47402,L,298.4,308.6,1304,45.0,158,0,0,0,0,0,0,10.200000000000045,58680.0,7110.0,48758.8
224,L47403,L,298.4,308.6,1569,34.4,160,0,0,0,0,0,0,10.200000000000045,53973.6,5504.0,49376.0
225,L47404,L,298.3,308.6,1584,29.3,162,0,0,0,0,0,0,10.300000000000011,46411.200000000004,4746.6,49993.200000000004
226,L47405,L,298.3,308.5,1362,53.8,164,0,0,0,0,0,0,10.199999999999989,73275.59999999999,8823.199999999999,50594.0
227,L47406,L,298.3,308.4,1329,49.2,166,0,0,0,0,0,0,10.099999999999966,65386.8,8167.200000000001,51194.399999999994
228,L47407,L,298.3,308.5,1539,36.1,168,0,0,0,0,0,0,10.199999999999989,55557.9,6064.8,51828.0
229,M15088,M,298.3,308.5,1629,37.1,170,0,0,0,0,0,0,10.199999999999989,60435.9,6307.0,52445.0
230,L47409,L,298.3,308.5,1538,32.2,173,0,0,0,0,0,0,10.199999999999989,49523.600000000006,5570.6,53370.5
231,L47410,L,298.3,308.6,1570,34.8,175,0,0,0,0,0,0,10.300000000000011,54635.99999999999,6089.999999999999,54005.00000000001
232,L47411,L,298.3,308.4,1408,43.1,177,0,0,0,0,0,0,10.099999999999966,60684.8,7628.7,54586.799999999996
233,L47412,L,298.2,308.4,1424,47.6,179,0,0,0,0,0,0,10.199999999999989,67782.40000000001,8520.4,55203.6
234,L47413,L,298.2,308.4,1512,34.9,181,0,0,0,0,0,0,10.199999999999989,52768.799999999996,6316.9,55820.399999999994
235,L47414,L,298.2,308.4,1478,42.9,183,0,0,0,0,0,0,10.199999999999989,63406.2,7850.7,56437.2
236,M15095,M,298.1,308.3,1680,33.7,185,0,0,0,0,0,0,10.199999999999989,56616.00000000001,6234.500000000001,57035.5
237,L47416,L,298.1,308.3,1495,38.7,188,0,0,0,0,0,0,10.199999999999989,57856.50000000001,7275.6,57960.4
238,M15097,M,298.0,308.1,1552,36.6,190,0,0,0,0,0,0,10.100000000000023,56803.200000000004,6954.0,58539.00000000001
239,L47418,L,297.9,308.1,1393,50.3,193,0,0,0,0,0,0,10.200000000000045,70067.9,9707.9,59463.3
240,L47419,L,298.0,308.2,1611,30.6,195,0,0,0,0,0,0,10.199999999999989,49296.600000000006,5967.0,60099.0
241,M15100,M,298.0,308.1,1339,51.6,197,0,0,0,0,0,0,10.100000000000023,69092.40000000001,10165.2,60695.700000000004
242,L47421,L,298.0,308.1,1777,24.3,200,0,0,0,0,0,0,10.100000000000023,43181.1,4860.0,61620.00000000001
243,L47422,L,298.0,308.2,1348,58.8,202,1,0,0,0,1,0,10.199999999999989,79262.4,11877.599999999999,62256.399999999994
244,L47423,L,298.0,308.2,1442,44.1,204,0,0,0,0,0,0,10.199999999999989,63592.200000000004,8996.4,62872.799999999996
245,M15104,M,298.0,308.2,1395,49.1,206,0,0,0,0,0,0,10.199999999999989,68494.5,10114.6,63489.2
246,M15105,M,297.9,308.1,1627,31.4,209,0,0,0,0,0,0,10.200000000000045,51087.799999999996,6562.599999999999,64392.9
247,L47426,L,297.9,308.1,1585,33.5,212,0,0,0,0,0,0,10.200000000000045,53097.5,7102.0,65317.200000000004
248,L47427,L,298.0,308.2,1469,45.5,214,0,0,0,0,0,0,10.199999999999989,66839.5,9737.0,65954.8
249,L47428,L,298.0,308.3,1362,56.8,216,1,0,0,0,1,0,10.300000000000011,77361.59999999999,12268.8,66592.8
250,L47429,L,298.0,308.3,1405,56.2,218,1,0,0,0,1,0,10.300000000000011,78961.0,12251.6,67209.40000000001
251,L47430,L,298.0,308.3,1662,32.7,0,0,0,0,0,0,0,10.300000000000011,54347.4,0.0,0.0
252,M15111,M,298.0,308.2,1466,42.6,2,0,0,0,0,0,0,10.199999999999989,62451.6,85.2,616.4
253,L47432,L,298.0,308.2,1620,35.8,5,0,0,0,0,0,0,10.199999999999989,57995.99999999999,179.0,1541.0
254,L47433,L,298.0,308.2,1357,48.2,7,0,0,0,0,0,0,10.199999999999989,65407.4,337.40000000000003,2157.4
255,L47434,L,298.0,308.2,1514,37.9,9,0,0,0,0,0,0,10.199999999999989,57380.6,341.09999999999997,2773.7999999999997
256,L47435,L,298.0,308.2,1489,40.4,11,0,0,0,0,0,0,10.199999999999989,60155.6,444.4,3390.2
257,L47436,L,298.1,308.3,1331,63.0,13,0,0,0,0,0,0,10.199999999999989,83853.0,819.0,4007.9
258,L47437,L,298.0,308.0,1615,29.5,15,0,0,0,0,0,0,10.0,47642.5,442.5,4620.0
259,L47438,L,298.1,308.2,1482,37.9,17,0,0,0,0,0,0,10.099999999999966,56167.799999999996,644.3,5239.4
260,M15119,M,298.1,308.2,1420,63.9,19,1,0,0,1,0,0,10.099999999999966,90738.0,1214.1,5855.8
261,M15120,M,298.2,308.3,1522,49.1,22,0,0,0,0,0,0,10.100000000000023,74730.2,1080.2,6782.6
262,L47441,L,298.1,308.2,1654,32.1,25,0,0,0,0,0,0,10.099999999999966,53093.4,802.5,7705.0
263,M15122,M,298.1,308.2,1736,26.8,27,0,0,0,0,0,0,10.099999999999966,46524.8,723.6,8321.4
264,M15123,M,298.0,308.1,1587,32.3,30,0,0,0,0,0,0,10.100000000000023,51260.1,968.9999999999999,9243.0
265,L47444,L,298.1,308.2,1390,47.5,33,0,0,0,0,0,0,10.099999999999966,66025.0,1567.5,10170.6
266,L47445,L,298.0,308.1,1454,37.1,35,0,0,0,0,0,0,10.100000000000023,53943.4,1298.5,10783.5
267,H29680,H,298.0,308.1,1440,43.7,37,0,0,0,0,0,0,10.100000000000023,62928.00000000001,1616.9,11399.7
268,L47447,L,297.9,308.0,1954,21.1,42,0,0,0,0,0,0,10.100000000000023,41229.4,886.2,12936.0
269,H29682,H,297.9,308.0,1800,24.8,44,0,0,0,0,0,0,10.100000000000023,44640.0,1091.2,13552.0
270,L47449,L,298.0,308.0,1524,37.0,49,0,0,0,0,0,0,10.0,56388.0,1813.0,15092.0
271,H29684,H,298.0,308.0,1520,39.6,51,0,0,0,0,0,0,10.0,60192.0,2019.6000000000001,15708.0
272,M15131,M,298.1,308.1,1452,40.8,56,0,0,0,0,0,0,10.0,59241.6,2284.7999999999997,17253.600000000002
273,L47452,L,298.1,308.1,1484,40.4,59,0,0,0,0,0,0,10.0,59953.6,2383.6,18177.9
274,L47453,L,298.1,308.0,1426,46.0,61,0,0,0,0,0,0,9.899999999999977,65596.0,2806.0,18788.0
275,L47454,L,298.1,308.0,1652,28.5,63,0,0,0,0,0,0,9.899999999999977,47082.0,1795.5,19404.0
276,L47455,L,298.0,308.0,1401,54.7,65,0,0,0,0,0,0,10.0,76634.7,3555.5,20020.0
277,M15136,M,298.0,307.9,1750,26.6,67,0,0,0,0,0,0,9.899999999999977,46550.0,1782.2,20629.3
278,H29691,H,298.0,308.0,1479,50.7,70,0,0,0,0,0,0,10.0,74985.3,3549.0,21560.0
279,M15138,M,298.0,308.0,1620,29.4,75,0,0,0,0,0,0,10.0,47628.0,2205.0,23100.0
280,L47459,L,298.0,308.1,1819,23.4,78,0,0,0,0,0,0,10.100000000000023,42564.6,1825.1999999999998,24031.800000000003
281,M15140,M,298.1,308.1,1456,43.7,80,0,0,0,0,0,0,10.0,63627.200000000004,3496.0,24648.0
282,L47461,L,298.1,308.0,1626,36.5,83,0,0,0,0,0,0,9.899999999999977,59349.0,3029.5,25564.0
283,M15142,M,298.1,308.1,1390,49.8,85,0,0,0,0,0,0,10.0,69222.0,4233.0,26188.500000000004
284,L47463,L,298.2,308.2,1469,43.0,88,0,0,0,0,0,0,10.0,63167.0,3784.0,27121.6
285,L47464,L,298.2,308.3,2051,19.2,90,0,0,0,0,0,0,10.100000000000023,39379.2,1728.0,27747.0
286,L47465,L,298.2,308.3,1568,36.0,92,0,0,0,0,0,0,10.100000000000023,56448.0,3312.0,28363.600000000002
287,L47466,L,298.2,308.3,1589,33.2,94,0,0,0,0,0,0,10.100000000000023,52754.8,3120.8,28980.2
288,L47467,L,298.2,308.3,1805,31.6,96,0,0,0,0,0,0,10.100000000000023,57038.0,3033.6000000000004,29596.800000000003
289,H29702,H,298.2,308.4,1385,42.2,98,0,0,0,0,0,0,10.199999999999989,58447.00000000001,4135.6,30223.199999999997
290,L47469,L,298.1,308.4,1436,46.7,103,0,0,0,0,0,0,10.299999999999955,67061.2,4810.1,31765.199999999997
291,L47470,L,298.1,308.4,1438,45.6,105,0,0,0,0,0,0,10.299999999999955,65572.8,4788.0,32381.999999999996
292,L47471,L,298.0,308.3,1473,42.6,107,0,0,0,0,0,0,10.300000000000011,62749.8,4558.2,32988.1
293,L47472,L,298.1,308.4,1335,40.2,109,0,0,0,0,0,0,10.299999999999955,53667.00000000001,4381.8,33615.6
294,H29707,H,298.1,308.5,1392,44.8,111,0,0,0,0,0,0,10.399999999999977,62361.6,4972.799999999999,34243.5
295,M15154,M,298.1,308.5,1372,51.1,116,0,0,0,0,0,0,10.399999999999977,70109.2,5927.6,35786.0
296,M15155,M,298.1,308.6,1716,30.7,119,0,0,0,0,0,0,10.5,52681.2,3653.2999999999997,36723.4
297,L47476,L,298.0,308.5,1395,46.2,122,0,0,0,0,0,0,10.5,64449.00000000001,5636.400000000001,37637.0
298,L47477,L,298.0,308.5,1713,25.3,124,0,0,0,0,0,0,10.5,43338.9,3137.2000000000003,38254.0
299,H29712,H,297.9,308.5,2129,18.7,126,0,0,0,0,0,0,10.600000000000023,39812.299999999996,2356.2,38871.0
300,M15159,M,297.8,308.3,1567,35.6,131,0,0,0,0,0,0,10.5,55785.200000000004,4663.6,40387.3
301,L47480,L,297.8,308.4,1622,38.3,134,0,0,0,0,0,0,10.599999999999966,62122.6,5132.2,41325.6
302,L47481,L,297.7,308.4,1740,27.1,136,0,0,0,0,0,0,10.699999999999989,47154.0,3685.6000000000004,41942.399999999994
303,H29716,H,297.8,308.4,1512,35.1,138,0,0,0,0,0,0,10.599999999999966,53071.200000000004,4843.8,42559.2
304,M15163,M,297.8,308.4,1479,43.5,143,0,0,0,0,0,0,10.599999999999966,64336.5,6220.5,44101.2
305,L47484,L,297.8,308.4,1737,27.5,146,0,0,0,0,0,0,10.599999999999966,47767.5,4015.0,45026.399999999994
306,L47485,L,297.8,308.4,2129,19.2,148,0,0,0,0,0,0,10.599999999999966,40876.799999999996,2841.6,45643.2
307,L47486,L,297.8,308.4,1374,47.1,150,0,0,0,0,0,0,10.599999999999966,64715.4,7065.0,46260.0
308,M15167,M,297.8,308.4,1579,36.6,152,0,0,0,0,0,0,10.599999999999966,57791.4,5563.2,46876.799999999996
309,L47488,L,297.9,308.5,1305,47.2,155,0,0,0,0,0,0,10.600000000000023,61596.00000000001,7316.0,47817.5
310,M15169,M,297.9,308.5,1449,40.8,157,0,0,0,0,0,0,10.600000000000023,59119.2,6405.599999999999,48434.5
311,H29724,H,298.0,308.6,1526,41.8,160,0,0,0,0,0,0,10.600000000000023,63786.799999999996,6688.0,49376.0
312,M15171,M,298.0,308.6,1453,44.1,165,0,0,0,0,0,0,10.600000000000023,64077.3,7276.5,50919.00000000001
313,L47492,L,297.9,308.6,1468,36.0,168,0,0,0,0,0,0,10.700000000000045,52848.0,6048.0,51844.8
314,L47493,L,298.0,308.6,1313,50.8,170,0,0,0,0,0,0,10.600000000000023,66700.4,8636.0,52462.00000000001
315,M15174,M,297.9,308.5,1300,53.0,172,0,0,0,0,0,0,10.600000000000023,68900.0,9116.0,53062.0
316,L47495,L,297.9,308.4,1646,40.6,175,0,0,0,0,0,0,10.5,66827.6,7105.0,53969.99999999999
317,L47496,L,297.8,308.4,1714,33.2,177,0,0,0,0,0,0,10.599999999999966,56904.8,5876.400000000001,54586.799999999996
318,L47497,L,297.8,308.4,1685,28.4,179,0,0,0,0,0,0,10.599999999999966,47854.0,5083.599999999999,55203.6
319,L47498,L,297.8,308.4,1512,39.9,181,0,0,0,0,0,0,10.599999999999966,60328.799999999996,7221.9,55820.399999999994
320,L47499,L,297.8,308.4,1612,32.1,183,0,0,0,0,0,0,10.599999999999966,51745.200000000004,5874.3,56437.2
321,H29734,H,297.8,308.4,1550,38.2,185,0,0,0,0,0,0,10.599999999999966,59210.00000000001,7067.000000000001,57053.99999999999
322,L47501,L,297.8,308.4,1518,32.5,190,0,0,0,0,0,0,10.599999999999966,49335.0,6175.0,58595.99999999999
323,L47502,L,297.8,308.5,1448,40.0,192,0,0,0,0,0,0,10.699999999999989,57920.0,7680.0,59232.0
324,L47503,L,297.8,308.5,1561,46.3,194,0,0,0,0,0,0,10.699999999999989,72274.29999999999,8982.199999999999,59849.0
325,M15184,M,297.8,308.5,1488,41.9,196,0,0,0,0,0,0,10.699999999999989,62347.2,8212.4,60466.0
326,L47505,L,297.8,308.5,1699,27.8,199,0,0,0,0,0,0,10.699999999999989,47232.200000000004,5532.2,61391.5
327,L47506,L,297.7,308.5,1501,41.4,201,0,0,0,0,0,0,10.800000000000011,62141.4,8321.4,62008.5
328,L47507,L,297.7,308.5,1373,56.7,203,1,0,0,0,1,0,10.800000000000011,77849.1,11510.1,62625.5
329,H29742,H,297.6,308.4,1703,31.4,205,0,0,0,0,0,0,10.799999999999955,53474.2,6437.0,63221.99999999999
330,H29743,H,297.7,308.5,1720,29.9,210,0,0,0,0,0,0,10.800000000000011,51428.0,6279.0,64785.0
331,M15190,M,297.6,308.4,1398,41.9,215,0,0,0,0,0,0,10.799999999999955,58576.2,9008.5,66306.0
332,M15191,M,297.6,308.4,1391,51.9,218,0,0,0,0,0,0,10.799999999999955,72192.9,11314.199999999999,67231.2
333,M15192,M,297.6,308.3,1538,40.2,0,0,0,0,0,0,0,10.699999999999989,61827.600000000006,0.0,0.0
334,L47513,L,297.5,308.2,1647,31.3,3,0,0,0,0,0,0,10.699999999999989,51551.1,93.9,924.5999999999999
335,M15194,M,297.5,308.1,1469,44.8,5,0,0,0,0,0,0,10.600000000000023,65811.2,224.0,1540.5
336,L47515,L,297.4,308.1,1749,25.9,8,0,0,0,0,0,0,10.700000000000045,45299.1,207.2,2464.8
337,M15196,M,297.6,308.2,1995,20.5,10,0,0,0,0,0,0,10.599999999999966,40897.5,205.0,3082.0
338,L47517,L,297.6,308.3,1742,27.7,13,0,0,0,0,0,0,10.699999999999989,48253.4,360.09999999999997,4007.9
339,L47518,L,297.5,308.2,1563,38.2,15,0,0,0,0,0,0,10.699999999999989,59706.600000000006,573.0,4623.0
340,M15199,M,297.5,308.2,1713,32.2,17,0,0,0,0,0,0,10.699999999999989,55158.600000000006,547.4000000000001,5239.4
341,L47520,L,297.4,308.1,1474,39.4,20,0,0,0,0,0,0,10.700000000000045,58075.6,788.0,6162.0
342,M15201,M,297.4,308.2,1530,32.6,22,0,0,0,0,0,0,10.800000000000011,49878.0,717.2,6780.4
343,L47522,L,297.4,308.2,1471,46.5,25,0,0,0,0,0,0,10.800000000000011,68401.5,1162.5,7705.0
344,L47523,L,297.5,308.3,1388,48.6,27,0,0,0,0,0,0,10.800000000000011,67456.8,1312.2,8324.1
345,M15204,M,297.5,308.2,2448,13.8,29,0,0,0,0,0,0,10.699999999999989,33782.4,400.20000000000005,8937.8
346,L47525,L,297.5,308.3,1585,32.9,32,0,0,0,0,0,0,10.800000000000011,52146.5,1052.8,9865.6
347,M15206,M,297.5,308.3,1459,45.2,34,0,0,0,0,0,0,10.800000000000011,65946.8,1536.8000000000002,10482.2
348,L47527,L,297.5,308.3,1544,40.8,37,0,0,0,0,0,0,10.800000000000011,62995.2,1509.6,11407.1
349,L47528,L,297.6,308.3,1617,31.7,39,0,0,0,0,0,0,10.699999999999989,51258.9,1236.3,12023.7
350,L47529,L,297.6,308.3,1595,34.3,41,0,0,0,0,0,0,10.699999999999989,54708.49999999999,1406.3,12640.300000000001
351,H29764,H,297.6,308.3,1400,44.3,43,0,0,0,0,0,0,10.699999999999989,62019.99999999999,1904.8999999999999,13256.9
352,M15211,M,297.6,308.4,1611,31.0,48,0,0,0,0,0,0,10.799999999999955,49941.0,1488.0,14803.199999999999
353,M15212,M,297.6,308.4,1507,46.0,51,0,0,0,0,0,0,10.799999999999955,69322.0,2346.0,15728.4
354,H29767,H,297.5,308.3,1674,30.0,54,0,0,0,0,0,0,10.800000000000011,50220.0,1620.0,16648.2
355,L47534,L,297.6,308.3,1658,34.3,59,0,0,0,0,0,0,10.699999999999989,56869.399999999994,2023.6999999999998,18189.7
356,L47535,L,297.6,308.3,1623,36.9,61,0,0,0,0,0,0,10.699999999999989,59888.7,2250.9,18806.3
357,M15216,M,297.6,308.4,1398,48.9,63,0,0,0,0,0,0,10.799999999999955,68362.2,3080.7,19429.199999999997
358,L47537,L,297.6,308.4,1517,34.2,66,0,0,0,0,0,0,10.799999999999955,51881.4,2257.2000000000003,20354.399999999998
359,M15218,M,297.6,308.3,1467,36.7,68,0,0,0,0,0,0,10.699999999999989,53838.9,2495.6000000000004,20964.4
360,M15219,M,297.6,308.3,1567,34.6,71,0,0,0,0,0,0,10.699999999999989,54218.200000000004,2456.6,21889.3
361,M15220,M,297.5,308.3,1521,38.2,74,0,0,0,0,0,0,10.800000000000011,58102.200000000004,2826.8,22814.2
362,L47541,L,297.5,308.3,1596,36.8,77,0,0,0,0,0,0,10.800000000000011,58732.799999999996,2833.6,23739.100000000002
363,H29776,H,297.6,308.3,1640,30.9,79,0,0,0,0,0,0,10.699999999999989,50676.0,2441.1,24355.7
364,L47543,L,297.6,308.3,1438,47.8,84,0,0,0,0,0,0,10.699999999999989,68736.4,4015.2,25897.2
365,L47544,L,297.6,308.4,1407,55.2,86,0,0,0,0,0,0,10.799999999999955,77666.40000000001,4747.2,26522.399999999998
366,L47545,L,297.6,308.4,1353,57.5,88,0,0,0,0,0,0,10.799999999999955,77797.5,5060.0,27139.199999999997
367,M15226,M,297.6,308.5,1552,40.9,90,0,0,0,0,0,0,10.899999999999977,63476.799999999996,3681.0,27765.0
368,M15227,M,297.6,308.4,1569,38.3,93,0,0,0,0,0,0,10.799999999999955,60092.7,3561.8999999999996,28681.199999999997
369,L47548,L,297.5,308.4,1489,39.5,96,0,0,0,0,0,0,10.899999999999977,58815.5,3792.0,29606.399999999998
370,H29783,H,297.5,308.4,1587,36.1,98,0,0,0,0,0,0,10.899999999999977,57290.700000000004,3537.8,30223.199999999997
371,M15230,M,297.5,308.3,1622,37.2,103,0,0,0,0,0,0,10.800000000000011,60338.4,3831.6000000000004,31754.9
372,L47551,L,297.5,308.4,1604,38.1,106,0,0,0,0,0,0,10.899999999999977,61112.4,4038.6000000000004,32690.399999999998
373,M15232,M,297.4,308.3,1405,51.7,108,0,0,0,0,0,0,10.900000000000034,72638.5,5583.6,33296.4
374,L47553,L,297.4,308.3,1412,42.0,111,0,0,0,0,0,0,10.900000000000034,59304.0,4662.0,34221.3
375,L47554,L,297.4,308.3,1431,43.0,113,0,0,0,0,0,0,10.900000000000034,61533.0,4859.0,34837.9
376,L47555,L,297.4,308.2,1533,37.4,115,0,0,0,0,0,0,10.800000000000011,57334.2,4301.0,35443.0
377,M15236,M,297.4,308.2,1401,51.9,117,0,0,0,0,0,0,10.800000000000011,72711.9,6072.3,36059.4
378,M15237,M,297.4,308.2,1424,53.9,120,0,0,0,0,0,0,10.800000000000011,76753.59999999999,6468.0,36984.0
379,L47558,L,297.3,308.2,1754,29.4,123,0,0,0,0,0,0,10.899999999999977,51567.6,3616.2,37908.6
380,L47559,L,297.3,308.2,1754,26.8,125,0,0,0,0,0,0,10.899999999999977,47007.200000000004,3350.0,38525.0
381,L47560,L,297.5,308.3,2564,12.8,127,1,0,0,1,0,0,10.800000000000011,32819.200000000004,1625.6000000000001,39154.1
382,L47561,L,297.5,308.5,1546,40.4,129,0,0,0,0,0,0,11.0,62458.399999999994,5211.599999999999,39796.5
383,L47562,L,297.5,308.5,1335,48.0,131,0,0,0,0,0,0,11.0,64080.0,6288.0,40413.5
384,M15243,M,297.5,308.6,1842,27.0,133,0,0,0,0,0,0,11.100000000000023,49734.0,3591.0,41043.8
385,L47564,L,297.5,308.5,1712,26.8,136,0,0,0,0,0,0,11.0,45881.6,3644.8,41956.0
386,M15245,M,297.6,308.6,1414,45.4,138,0,0,0,0,0,0,11.0,64195.6,6265.2,42586.8
387,L47566,L,297.6,308.7,1319,50.9,141,0,0,0,0,0,0,11.099999999999966,67137.09999999999,7176.9,43526.7
388,L47567,L,297.7,308.7,1249,60.4,143,0,0,0,0,0,0,11.0,75439.59999999999,8637.199999999999,44144.1
389,L47568,L,297.6,308.7,1455,48.2,145,0,0,0,0,0,0,11.099999999999966,70131.0,6989.0,44761.5
390,M15249,M,297.6,308.7,1408,54.8,147,0,0,0,0,0,0,11.099999999999966,77158.4,8055.599999999999,45378.9
391,L47570,L,297.6,308.7,1460,46.7,150,0,0,0,0,0,0,11.099999999999966,68182.0,7005.0,46305.0
392,L47571,L,297.6,308.6,1491,38.1,152,0,0,0,0,0,0,11.0,56807.1,5791.2,46907.200000000004
393,M15252,M,297.6,308.5,1490,43.4,154,0,0,0,0,0,0,10.899999999999977,64666.0,6683.599999999999,47509.0
394,M15253,M,297.5,308.4,1350,52.2,157,0,0,0,0,0,0,10.899999999999977,70470.0,8195.4,48418.799999999996
395,L47574,L,297.5,308.4,1528,39.9,160,0,0,0,0,0,0,10.899999999999977,60967.2,6384.0,49344.0
396,L47575,L,297.4,308.3,1571,37.7,162,0,0,0,0,0,0,10.900000000000034,59226.700000000004,6107.400000000001,49944.6
397,L47576,L,297.4,308.3,1490,42.6,164,0,0,0,0,0,0,10.900000000000034,63474.0,6986.400000000001,50561.200000000004
398,M15257,M,297.4,308.3,1774,28.9,166,0,0,0,0,0,0,10.900000000000034,51268.6,4797.4,51177.8
399,H29812,H,297.4,308.3,1502,43.6,169,0,0,0,0,0,0,10.900000000000034,65487.200000000004,7368.400000000001,52102.700000000004
400,L47579,L,297.4,308.4,1392,49.7,174,0,0,0,0,0,0,11.0,69182.40000000001,8647.800000000001,53661.6
401,L47580,L,297.4,308.5,2100,16.9,176,0,0,0,0,0,0,11.100000000000023,35490.0,2974.3999999999996,54296.0
402,L47581,L,297.5,308.5,1722,30.4,178,0,0,0,0,0,0,11.0,52348.799999999996,5411.2,54913.0
403,L47582,L,297.4,308.6,1678,32.3,180,0,0,0,0,0,0,11.200000000000045,54199.399999999994,5813.999999999999,55548.00000000001
404,L47583,L,297.3,308.6,1273,59.8,182,0,0,0,0,0,0,11.300000000000011,76125.4,10883.6,56165.200000000004
405,L47584,L,297.3,308.6,1297,45.9,184,0,0,0,0,0,0,11.300000000000011,59532.299999999996,8445.6,56782.4
406,L47585,L,297.3,308.5,1350,57.6,186,0,0,0,0,0,0,11.199999999999989,77760.0,10713.6,57381.0
407,L47586,L,297.4,308.6,1439,51.9,188,0,0,0,0,0,0,11.200000000000045,74684.09999999999,9757.199999999999,58016.8
408,M15267,M,297.4,308.5,1600,42.1,190,0,0,0,0,0,0,11.100000000000023,67360.0,7999.0,58615.0
409,M15268,M,297.4,308.6,1434,44.4,193,0,0,0,0,0,0,11.200000000000045,63669.6,8569.199999999999,59559.8
410,L47589,L,297.4,308.6,1459,41.3,196,0,0,0,0,0,0,11.200000000000045,60256.7,8094.799999999999,60485.600000000006
411,M15270,M,297.5,308.6,1472,44.9,198,0,0,0,0,0,0,11.100000000000023,66092.8,8890.199999999999,61102.8
412,L47591,L,297.5,308.7,1429,44.3,201,0,0,0,0,0,0,11.199999999999989,63304.7,8904.3,62048.7
413,L47592,L,297.5,308.6,1388,48.2,203,0,0,0,0,0,0,11.100000000000023,66901.6,9784.6,62645.8
414,L47593,L,297.4,308.4,1573,34.5,205,0,0,0,0,0,0,11.0,54268.5,7072.5,63221.99999999999
415,L47594,L,297.4,308.4,1588,32.5,207,0,0,0,0,0,0,11.0,51610.0,6727.5,63838.799999999996
416,L47595,L,297.5,308.4,1511,42.8,209,0,0,0,0,0,0,10.899999999999977,64670.799999999996,8945.199999999999,64455.6
417,L47596,L,297.4,308.5,1495,37.8,211,0,0,0,0,0,0,11.100000000000023,56510.99999999999,7975.799999999999,65093.5
418,L47597,L,297.4,308.4,1394,50.1,213,0,0,0,0,0,0,11.0,69839.40000000001,10671.300000000001,65689.2
419,L47598,L,297.4,308.4,2151,17.7,0,0,0,0,0,0,0,11.0,38072.7,0.0,0.0
420,M15279,M,297.3,308.3,1501,38.2,2,0,0,0,0,0,0,11.0,57338.200000000004,76.4,616.6
421,M15280,M,297.3,308.3,1301,39.6,5,0,0,0,0,0,0,11.0,51519.6,198.0,1541.5
422,M15281,M,297.3,308.3,1657,31.1,8,0,0,0,0,0,0,11.0,51532.700000000004,248.8,2466.4
423,L47602,L,297.3,308.3,1333,55.2,11,0,0,0,0,0,0,11.0,73581.6,607.2,3391.3
424,L47603,L,297.3,308.3,1484,43.9,13,0,0,0,0,0,0,11.0,65147.6,570.6999999999999,4007.9
425,L47604,L,297.3,308.4,1430,45.7,15,0,0,0,0,0,0,11.099999999999966,65351.00000000001,685.5,4626.0
426,M15285,M,297.3,308.4,1665,28.9,17,0,0,0,0,0,0,11.099999999999966,48118.5,491.29999999999995,5242.799999999999
427,L47606,L,297.4,308.5,1501,44.9,20,0,0,0,0,0,0,11.100000000000023,67394.9,898.0,6170.0
428,M15287,M,297.5,308.5,1496,42.2,22,0,0,0,0,0,0,11.0,63131.200000000004,928.4000000000001,6787.0
429,M15288,M,297.6,308.6,1595,36.9,25,0,0,0,0,0,0,11.0,58855.5,922.5,7715.000000000001
430,L47609,L,297.5,308.6,1208,62.3,28,0,0,0,0,0,0,11.100000000000023,75258.4,1744.3999999999999,8640.800000000001
431,L47610,L,297.5,308.6,1596,37.1,30,0,0,0,0,0,0,11.100000000000023,59211.600000000006,1113.0,9258.0
432,L47611,L,297.5,308.5,1446,41.9,32,0,0,0,0,0,0,11.0,60587.4,1340.8,9872.0
433,M15292,M,297.6,308.5,1466,39.7,34,0,0,0,0,0,0,10.899999999999977,58200.200000000004,1349.8000000000002,10489.0
434,M15293,M,297.6,308.5,1848,23.7,37,0,0,0,0,0,0,10.899999999999977,43797.6,876.9,11414.5
435,M15294,M,297.5,308.5,1484,44.7,40,0,0,0,0,0,0,11.0,66334.8,1788.0,12340.0
436,L47615,L,297.4,308.3,1493,41.2,43,0,0,0,0,0,0,10.900000000000034,61511.600000000006,1771.6000000000001,13256.9
437,L47616,L,297.3,308.3,1504,36.3,45,0,0,0,0,0,0,11.0,54595.2,1633.4999999999998,13873.5
438,L47617,L,297.3,308.3,1538,38.5,47,0,0,0,0,0,0,11.0,59213.0,1809.5,14490.1
439,L47618,L,297.4,308.4,1341,52.2,49,0,0,0,0,0,0,11.0,70000.2,2557.8,15111.599999999999
440,M15299,M,297.4,308.3,1535,34.6,51,0,0,0,0,0,0,10.900000000000034,53111.0,1764.6000000000001,15723.300000000001
441,L47620,L,297.4,308.5,1389,39.2,54,0,0,0,0,0,0,11.100000000000023,54448.8,2116.8,16659.0
442,H29855,H,297.5,308.5,1393,46.6,56,0,0,0,0,0,0,11.0,64913.8,2609.6,17276.0
443,L47622,L,297.4,308.5,1399,61.5,61,1,0,0,1,0,0,11.100000000000023,86038.5,3751.5,18818.5
444,H29857,H,297.4,308.5,1469,45.1,63,0,0,0,0,0,0,11.100000000000023,66251.90000000001,2841.3,19435.5
445,L47624,L,297.4,308.4,1582,37.2,68,0,0,0,0,0,0,11.0,58850.4,2529.6000000000004,20971.199999999997
446,L47625,L,297.5,308.6,1793,26.7,70,0,0,0,0,0,0,11.100000000000023,47873.1,1869.0,21602.0
447,L47626,L,297.5,308.6,1452,39.0,72,0,0,0,0,0,0,11.100000000000023,56628.0,2808.0,22219.2
448,M15307,M,297.6,308.7,1376,59.9,74,0,0,0,0,0,0,11.099999999999966,82422.4,4432.599999999999,22843.8
449,L47628,L,297.5,308.6,1552,44.9,77,0,0,0,0,0,0,11.100000000000023,69684.8,3457.2999999999997,23762.2
450,L47629,L,297.6,308.7,1622,37.9,79,0,0,0,0,0,0,11.099999999999966,61473.799999999996,2994.1,24387.3
451,M15310,M,297.6,308.7,1419,41.7,81,0,0,0,0,0,0,11.099999999999966,59172.3,3377.7000000000003,25004.7
452,H29865,H,297.5,308.6,1440,46.1,84,0,0,0,0,0,0,11.100000000000023,66384.0,3872.4,25922.4
453,M15312,M,297.4,308.6,1643,31.0,89,0,0,0,0,0,0,11.200000000000045,50933.0,2759.0,27465.4
454,L47633,L,297.4,308.7,1510,36.2,92,0,0,0,0,0,0,11.300000000000011,54662.00000000001,3330.4,28400.399999999998
455,L47634,L,297.4,308.7,1468,46.6,94,0,0,0,0,0,0,11.300000000000011,68408.8,4380.400000000001,29017.8
456,L47635,L,297.4,308.7,1429,57.4,96,0,0,0,0,0,0,11.300000000000011,82024.59999999999,5510.4,29635.199999999997
457,H29870,H,297.3,308.7,1478,47.6,98,0,0,0,0,0,0,11.399999999999977,70352.8,4664.8,30252.6
458,L47637,L,297.4,308.6,1276,53.6,103,0,0,0,0,0,0,11.200000000000045,68393.6,5520.8,31785.800000000003
459,L47638,L,297.3,308.6,1486,42.6,105,0,0,0,0,0,0,11.300000000000011,63303.6,4473.0,32403.000000000004
460,L47639,L,297.4,308.6,1476,42.3,107,0,0,0,0,0,0,11.200000000000045,62434.799999999996,4526.099999999999,33020.200000000004
461,H29874,H,297.3,308.6,1431,42.0,109,0,0,0,0,0,0,11.300000000000011,60102.0,4578.0,33637.4
462,L47641,L,297.4,308.7,1402,40.2,114,0,0,0,0,0,0,11.300000000000011,56360.4,4582.8,35191.799999999996
463,L47642,L,297.4,308.7,1433,43.4,116,0,0,0,0,0,0,11.300000000000011,62192.2,5034.4,35809.2
464,L47643,L,297.4,308.7,2874,4.2,118,1,0,0,1,0,0,11.300000000000011,12070.800000000001,495.6,36426.6
465,L47644,L,297.3,308.6,1511,35.7,120,0,0,0,0,0,0,11.300000000000011,53942.700000000004,4284.0,37032.0
466,M15325,M,297.3,308.6,1456,42.9,122,0,0,0,0,0,0,11.300000000000011,62462.4,5233.8,37649.200000000004
467,L47646,L,297.2,308.5,1550,41.5,125,0,0,0,0,0,0,11.300000000000011,64325.0,5187.5,38562.5
468,L47647,L,297.2,308.5,2182,16.5,127,0,0,0,0,0,0,11.300000000000011,36003.0,2095.5,39179.5
469,L47648,L,297.3,308.7,1619,31.6,129,0,0,0,0,0,0,11.399999999999977,51160.4,4076.4,39822.299999999996
470,M15329,M,297.3,308.8,1586,32.7,131,0,0,0,0,0,0,11.5,51862.200000000004,4283.700000000001,40452.8
471,H29884,H,297.3,308.8,1499,44.2,134,0,0,0,0,0,0,11.5,66255.8,5922.8,41379.200000000004
472,H29885,H,297.3,308.8,1419,42.4,139,0,0,0,0,0,0,11.5,60165.6,5893.599999999999,42923.200000000004
473,M15332,M,297.4,309.0,1497,41.8,144,0,0,0,0,0,0,11.600000000000023,62574.6,6019.2,44496.0
474,M15333,M,297.4,309.0,1520,37.0,147,0,0,0,0,0,0,11.600000000000023,56240.0,5439.0,45423.0
475,L47654,L,297.4,309.1,1478,49.8,150,0,0,0,0,0,0,11.700000000000045,73604.4,7470.0,46365.0
476,L47655,L,297.4,309.1,1380,41.1,152,0,0,0,0,0,0,11.700000000000045,56718.0,6247.2,46983.200000000004
477,L47656,L,297.4,309.0,1570,37.9,154,0,0,0,0,0,0,11.600000000000023,59503.0,5836.599999999999,47586.0
478,H29891,H,297.4,309.0,1468,41.4,156,0,0,0,0,0,0,11.600000000000023,60775.2,6458.4,48204.0
479,L47658,L,297.4,309.0,1833,22.6,161,0,0,0,0,0,0,11.600000000000023,41425.8,3638.6000000000004,49749.0
480,M15339,M,297.4,308.9,1323,57.3,163,0,0,0,0,0,0,11.5,75807.9,9339.9,50350.7
481,L47660,L,297.4,309.0,1583,32.0,166,0,0,0,0,0,0,11.600000000000023,50656.0,5312.0,51294.0
482,M15341,M,297.3,309.0,1556,39.5,168,0,0,0,0,0,0,11.699999999999989,61462.0,6636.0,51912.0
483,L47662,L,297.3,309.0,1548,37.4,171,0,0,0,0,0,0,11.699999999999989,57895.2,6395.4,52839.0
484,L47663,L,297.4,309.0,1324,56.9,173,0,0,0,0,0,0,11.600000000000023,75335.59999999999,9843.699999999999,53457.0
485,L47664,L,297.4,309.0,1568,33.7,175,0,0,0,0,0,0,11.600000000000023,52841.600000000006,5897.500000000001,54075.0
486,M15345,M,297.4,309.0,1685,30.7,177,0,0,0,0,0,0,11.600000000000023,51729.5,5433.9,54693.0
487,M15346,M,297.4,309.1,1582,35.9,180,0,0,0,0,0,0,11.700000000000045,56793.799999999996,6462.0,55638.00000000001
488,M15347,M,297.4,309.1,1463,35.0,183,0,0,0,0,0,0,11.700000000000045,51205.0,6405.0,56565.3
489,L47668,L,297.4,309.2,1584,42.8,186,0,0,0,0,0,0,11.800000000000011,67795.2,7960.799999999999,57511.2
490,M15349,M,297.5,309.2,1347,55.8,188,0,0,0,0,0,0,11.699999999999989,75162.59999999999,10490.4,58129.6
491,L47670,L,297.4,309.2,1459,37.9,191,0,0,0,0,0,0,11.800000000000011,55296.1,7238.9,59057.2
492,L47671,L,297.4,309.2,1420,45.6,193,0,0,0,0,0,0,11.800000000000011,64752.0,8800.800000000001,59675.6
493,L47672,L,297.5,309.3,1404,43.5,195,0,0,0,0,0,0,11.800000000000011,61074.0,8482.5,60313.5
494,L47673,L,297.5,309.3,1470,38.8,197,0,0,0,0,0,0,11.800000000000011,57035.99999999999,7643.599999999999,60932.100000000006
495,L47674,L,297.6,309.4,1326,49.8,199,0,0,0,0,0,0,11.799999999999955,66034.8,9910.199999999999,61570.6
496,H29909,H,297.5,309.3,1459,49.7,201,0,0,0,0,0,0,11.800000000000011,72512.3,9989.7,62169.3
497,M15356,M,297.5,309.2,1530,40.0,206,0,0,0,0,0,0,11.699999999999989,61200.0,8240.0,63695.2
498,L47677,L,297.4,309.0,1505,39.2,209,0,0,0,0,0,0,11.600000000000023,58996.00000000001,8192.800000000001,64581.0
499,L47678,L,297.5,309.1,1611,30.2,211,0,0,0,0,0,0,11.600000000000023,48652.2,6372.2,65220.100000000006
500,L47679,L,297.5,309.1,1515,35.1,213,0,0,0,0,0,0,11.600000000000023,53176.5,7476.3,65838.3
501,M15360,M,297.5,309.2,1804,27.4,215,0,0,0,0,0,0,11.699999999999989,49429.6,5891.0,66478.0
502,M15361,M,297.6,309.3,1464,46.2,218,0,0,0,0,0,0,11.699999999999989,67636.8,10071.6,67427.40000000001
503,L47682,L,297.6,309.2,1390,43.3,221,0,0,0,0,0,0,11.599999999999966,60186.99999999999,9569.3,68333.2
504,M15363,M,297.6,309.2,1442,48.1,0,0,0,0,0,0,0,11.599999999999966,69360.2,0.0,0.0
505,M15364,M,297.6,309.3,1529,41.9,3,0,0,0,0,0,0,11.699999999999989,64065.1,125.69999999999999,927.9000000000001
506,L47685,L,297.6,309.3,1610,35.0,6,0,0,0,0,0,0,11.699999999999989,56350.0,210.0,1855.8000000000002
507,L47686,L,297.6,309.3,1543,34.3,8,0,0,0,0,0,0,11.699999999999989,52924.899999999994,274.4,2474.4
508,H29921,H,297.8,309.4,1445,48.2,10,0,0,0,0,0,0,11.599999999999966,69649.0,482.0,3094.0
509,L47688,L,297.7,309.3,1893,24.6,15,0,0,0,0,0,0,11.600000000000023,46567.8,369.0,4639.5
510,M15369,M,297.6,309.3,1415,41.3,17,0,0,0,0,0,0,11.699999999999989,58439.49999999999,702.0999999999999,5258.1
511,L47690,L,297.5,309.3,1564,37.5,20,0,0,0,0,0,0,11.800000000000011,58650.0,750.0,6186.0
512,L47691,L,297.5,309.3,1479,39.4,22,0,0,0,0,0,0,11.800000000000011,58272.6,866.8,6804.6
513,L47692,L,297.5,309.2,1426,44.8,24,0,0,0,0,0,0,11.699999999999989,63884.799999999996,1075.1999999999998,7420.799999999999
514,L47693,L,297.4,309.2,1428,38.8,26,0,0,0,0,0,0,11.800000000000011,55406.399999999994,1008.8,8039.2
515,L47694,L,297.4,309.2,1620,33.2,28,0,0,0,0,0,0,11.800000000000011,53784.00000000001,929.6000000000001,8657.6
516,L47695,L,297.5,309.2,1715,28.0,30,0,0,0,0,0,0,11.699999999999989,48020.0,840.0,9276.0
517,L47696,L,297.5,309.3,1732,29.9,32,0,0,0,0,0,0,11.800000000000011,51786.799999999996,956.8,9897.6
518,M15377,M,297.5,309.4,1391,58.2,34,0,0,0,0,0,0,11.899999999999977,80956.2,1978.8000000000002,10519.599999999999
519,L47698,L,297.6,309.5,1924,20.6,37,0,0,0,0,0,0,11.899999999999977,39634.4,762.2,11451.5
520,M15379,M,297.7,309.5,2027,19.8,39,0,0,0,0,0,0,11.800000000000011,40134.6,772.2,12070.5
521,L47700,L,297.6,309.5,1617,36.2,42,0,0,0,0,0,0,11.899999999999977,58535.4,1520.4,12999.0
522,L47701,L,297.5,309.4,1497,35.8,44,0,0,0,0,0,0,11.899999999999977,53592.6,1575.1999999999998,13613.599999999999
523,M15382,M,297.5,309.5,1448,43.7,46,0,0,0,0,0,0,12.0,63277.600000000006,2010.2,14237.0
524,L47703,L,297.4,309.4,1401,45.9,49,0,0,0,0,0,0,12.0,64305.9,2249.1,15160.599999999999
525,L47704,L,297.4,309.4,1620,35.4,51,0,0,0,0,0,0,12.0,57348.0,1805.3999999999999,15779.4
526,L47705,L,297.4,309.4,1466,45.5,53,0,0,0,0,0,0,12.0,66703.0,2411.5,16398.199999999997
527,L47706,L,297.6,309.5,1373,50.6,55,0,0,0,0,0,0,11.899999999999977,69473.8,2783.0,17022.5
528,M15387,M,297.6,309.6,1592,35.8,57,0,0,0,0,0,0,12.0,56993.6,2040.6,17647.2
529,M15388,M,297.5,309.5,1553,42.4,60,0,0,0,0,0,0,12.0,65847.2,2544.0,18570.0
530,L47709,L,297.6,309.5,1569,36.2,63,0,0,0,0,0,0,11.899999999999977,56797.8,2280.6000000000004,19498.5
531,M15390,M,297.6,309.5,1709,32.2,65,0,0,0,0,0,0,11.899999999999977,55029.8,2093.0,20117.5
532,L47711,L,297.6,309.5,1549,34.9,68,0,0,0,0,0,0,11.899999999999977,54060.1,2373.2,21046.0
533,L47712,L,297.5,309.4,1443,45.4,70,0,0,0,0,0,0,11.899999999999977,65512.2,3178.0,21658.0
534,L47713,L,297.5,309.3,1675,29.8,72,0,0,0,0,0,0,11.800000000000011,49915.0,2145.6,22269.600000000002
535,L47714,L,297.5,309.3,1623,33.4,74,0,0,0,0,0,0,11.800000000000011,54208.2,2471.6,22888.2
536,H29949,H,297.4,309.3,1365,52.4,76,0,0,0,0,0,0,11.900000000000034,71526.0,3982.4,23506.8
537,L47716,L,297.4,309.3,1759,24.8,81,0,0,0,0,0,0,11.900000000000034,43623.200000000004,2008.8,25053.3
538,H29951,H,297.4,309.3,1516,43.0,83,0,0,0,0,0,0,11.900000000000034,65188.0,3569.0,25671.9
539,M15398,M,297.4,309.3,1499,36.8,88,0,0,0,0,0,0,11.900000000000034,55163.2,3238.3999999999996,27218.4
540,M15399,M,297.4,309.3,1775,25.8,91,0,0,0,0,0,0,11.900000000000034,45795.0,2347.8,28146.3
541,L47720,L,297.4,309.4,1473,45.5,94,0,0,0,0,0,0,12.0,67021.5,4277.0,29083.6
542,L47721,L,297.4,309.4,1296,52.3,96,0,0,0,0,0,0,12.0,67780.8,5020.799999999999,29702.399999999998
543,L47722,L,297.5,309.4,1803,24.7,98,0,0,0,0,0,0,11.899999999999977,44534.1,2420.6,30321.199999999997
544,H29957,H,297.5,309.3,1563,36.1,100,0,0,0,0,0,0,11.800000000000011,56424.3,3610.0,30930.0
545,M15404,M,297.5,309.4,1831,26.6,105,0,0,0,0,0,0,11.899999999999977,48704.600000000006,2793.0,32486.999999999996
546,L47725,L,297.6,309.4,1958,22.1,108,0,0,0,0,0,0,11.799999999999955,43271.8,2386.8,33415.2
547,L47726,L,297.5,309.4,1809,24.3,110,0,0,0,0,0,0,11.899999999999977,43958.700000000004,2673.0,34034.0
548,M15407,M,297.5,309.4,1482,39.3,112,0,0,0,0,0,0,11.899999999999977,58242.6,4401.599999999999,34652.799999999996
549,L47728,L,297.4,309.3,1332,53.2,115,0,0,0,0,0,0,11.900000000000034,70862.40000000001,6118.0,35569.5
550,L47729,L,297.4,309.2,1437,40.4,117,0,0,0,0,0,0,11.800000000000011,58054.799999999996,4726.8,36176.4
551,L47730,L,297.4,309.2,1698,29.4,119,0,0,0,0,0,0,11.800000000000011,49921.2,3498.6,36794.799999999996
552,L47731,L,297.4,309.2,1274,54.3,121,0,0,0,0,0,0,11.800000000000011,69178.2,6570.299999999999,37413.2
553,M15412,M,297.4,309.3,1622,35.0,123,0,0,0,0,0,0,11.900000000000034,56770.0,4305.0,38043.9
554,M15413,M,297.4,309.3,1564,36.0,126,0,0,0,0,0,0,11.900000000000034,56304.0,4536.0,38971.8
555,H29968,H,297.5,309.4,1368,45.3,129,0,0,0,0,0,0,11.899999999999977,61970.399999999994,5843.7,39912.6
556,M15415,M,297.4,309.4,1539,42.2,134,0,0,0,0,0,0,12.0,64945.8,5654.8,41459.6
557,L47736,L,297.5,309.4,1357,50.1,137,0,0,0,0,0,0,11.899999999999977,67985.7,6863.7,42387.799999999996
558,M15417,M,297.5,309.4,1433,48.3,139,0,0,0,0,0,0,11.899999999999977,69213.9,6713.7,43006.6
559,L47738,L,297.5,309.4,1650,34.6,142,0,0,0,0,0,0,11.899999999999977,57090.0,4913.2,43934.799999999996
560,L47739,L,297.5,309.4,1503,40.6,144,0,0,0,0,0,0,11.899999999999977,61021.8,5846.400000000001,44553.6
561,L47740,L,297.5,309.4,1318,58.2,146,0,0,0,0,0,0,11.899999999999977,76707.6,8497.2,45172.399999999994
562,M15421,M,297.5,309.4,1678,34.4,148,0,0,0,0,0,0,11.899999999999977,57723.2,5091.2,45791.2
563,L47742,L,297.6,309.5,1574,30.9,151,0,0,0,0,0,0,11.899999999999977,48636.6,4665.9,46734.5
564,L47743,L,297.7,309.6,1529,35.2,153,0,0,0,0,0,0,11.900000000000034,53820.8,5385.6,47368.8
565,H29978,H,297.6,309.6,1669,32.1,155,0,0,0,0,0,0,12.0,53574.9,4975.5,47988.0
566,H29979,H,297.7,309.7,1570,35.8,160,0,0,0,0,0,0,12.0,56205.99999999999,5728.0,49552.0
567,M15426,M,297.6,309.7,1541,33.7,165,0,0,0,0,0,0,12.099999999999966,51931.700000000004,5560.500000000001,51100.5
568,M15427,M,297.7,309.7,1680,30.2,168,0,0,0,0,0,0,12.0,50736.0,5073.599999999999,52029.6
569,L47748,L,297.8,309.7,1935,22.1,171,0,0,0,0,0,0,11.899999999999977,42763.5,3779.1000000000004,52958.7
570,M15429,M,297.7,309.6,1596,35.2,173,0,0,0,0,0,0,11.900000000000034,56179.200000000004,6089.6,53560.8
571,L47750,L,297.7,309.7,1498,41.0,176,0,0,0,0,0,0,12.0,61418.0,7216.0,54507.2
572,M15431,M,297.8,309.8,1676,29.0,178,0,0,0,0,0,0,12.0,48604.0,5162.0,55144.4
573,L47752,L,297.8,309.9,1351,49.0,181,0,0,0,0,0,0,12.099999999999966,66199.0,8869.0,56091.899999999994
574,L47753,L,297.9,309.9,1472,45.0,183,0,0,0,0,0,0,12.0,66240.0,8235.0,56711.7
575,M15434,M,297.9,310.0,1439,41.7,185,0,0,0,0,0,0,12.100000000000023,60006.3,7714.500000000001,57350.0
576,M15435,M,297.9,309.9,1410,55.4,188,0,0,0,0,0,0,12.0,78114.0,10415.199999999999,58261.2
577,H29990,H,297.7,309.7,1440,51.1,191,0,0,0,0,0,0,12.0,73584.0,9760.1,59152.7
578,L47757,L,297.7,309.7,1591,37.7,196,0,0,0,0,0,0,12.0,59980.700000000004,7389.200000000001,60701.2
579,L47758,L,297.8,309.8,1533,36.8,198,0,0,0,0,0,0,12.0,56414.399999999994,7286.4,61340.4
580,M15439,M,297.8,309.7,1700,31.3,200,0,0,0,0,0,0,11.899999999999977,53210.0,6260.0,61940.0
581,M15440,M,297.8,309.8,1798,25.5,203,0,0,0,0,0,0,12.0,45849.0,5176.5,62889.4
582,L47761,L,297.8,309.7,1394,42.9,206,0,0,0,0,0,0,11.899999999999977,59802.6,8837.4,63798.2
583,L47762,L,297.8,309.7,1341,49.2,208,0,0,0,0,0,0,11.899999999999977,65977.2,10233.6,64417.6
584,H29997,H,297.7,309.6,1697,32.2,210,0,0,0,0,0,0,11.900000000000034,54643.4,6762.000000000001,65016.00000000001
585,H29998,H,297.6,309.6,1419,48.2,215,0,0,0,0,0,0,12.0,68395.8,10363.0,66564.0
586,L47765,L,297.6,309.5,2001,20.5,220,0,0,0,0,0,0,11.899999999999977,41020.5,4510.0,68090.0
587,L47766,L,297.6,309.6,1501,49.8,222,1,0,0,0,1,0,12.0,74749.8,11055.599999999999,68731.20000000001
588,H30001,H,297.6,309.5,1623,33.1,224,0,0,0,0,0,0,11.899999999999977,53721.3,7414.400000000001,69328.0
589,L47768,L,297.6,309.4,1628,33.4,229,0,0,0,0,0,0,11.799999999999955,54375.2,7648.599999999999,70852.59999999999
590,L47769,L,297.6,309.4,1491,40.2,231,0,0,0,0,0,0,11.799999999999955,59938.200000000004,9286.2,71471.4
591,L47770,L,297.5,309.4,1517,36.7,233,0,0,0,0,0,0,11.899999999999977,55673.9,8551.1,72090.2
592,H30005,H,297.5,309.3,1525,41.7,235,0,0,0,0,0,0,11.800000000000011,63592.50000000001,9799.5,72685.5
593,H30006,H,297.5,309.5,1668,27.9,240,0,0,0,0,0,0,12.0,46537.2,6696.0,74280.0
594,L47773,L,297.5,309.6,1312,50.7,0,0,0,0,0,0,0,12.100000000000023,66518.40000000001,0.0,0.0
595,H30008,H,297.6,309.6,1278,50.4,2,0,0,0,0,0,0,12.0,64411.2,100.8,619.2
596,M15455,M,297.6,309.6,1330,53.1,7,0,0,0,0,0,0,12.0,70623.0,371.7,2167.2000000000003
597,M15456,M,297.6,309.6,1530,37.3,10,0,0,0,0,0,0,12.0,57068.99999999999,373.0,3096.0
598,H30011,H,297.6,309.6,1428,46.6,13,0,0,0,0,0,0,12.0,66544.8,605.8000000000001,4024.8
599,L47778,L,297.7,309.6,1480,47.9,18,0,0,0,0,0,0,11.900000000000034,70892.0,862.1999999999999,5572.8
600,H30013,H,297.7,309.7,1616,31.1,20,0,0,0,0,0,0,12.0,50257.600000000006,622.0,6194.0
601,L47780,L,297.8,309.7,1547,37.3,25,0,0,0,0,0,0,11.899999999999977,57703.1,932.4999999999999,7742.5
602,L47781,L,297.9,309.7,2194,16.8,27,0,0,0,0,0,0,11.800000000000011,36859.200000000004,453.6,8361.9
603,L47782,L,297.9,309.8,2000,21.3,29,0,0,0,0,0,0,11.900000000000034,42600.0,617.7,8984.2
604,L47783,L,297.9,309.8,1336,71.6,31,1,0,0,1,0,0,11.900000000000034,95657.59999999999,2219.6,9603.800000000001
605,L47784,L,297.9,309.9,1542,33.8,33,0,0,0,0,0,0,12.0,52119.6,1115.3999999999999,10226.699999999999
606,M15465,M,297.9,309.8,1693,29.9,35,0,0,0,0,0,0,11.900000000000034,50620.7,1046.5,10843.0
607,L47786,L,297.9,309.8,1461,50.5,38,0,0,0,0,0,0,11.900000000000034,73780.5,1919.0,11772.4
608,M15467,M,298.0,309.9,1565,33.9,40,0,0,0,0,0,0,11.899999999999977,53053.5,1356.0,12396.0
609,L47788,L,298.0,309.9,1403,47.7,43,0,0,0,0,0,0,11.899999999999977,66923.1,2051.1,13325.699999999999
610,L47789,L,298.1,309.9,1629,32.5,45,0,0,0,0,0,0,11.799999999999955,52942.5,1462.5,13945.499999999998
611,L47790,L,298.1,310.0,1534,33.7,47,0,0,0,0,0,0,11.899999999999977,51695.8,1583.9,14570.0
612,L47791,L,298.1,310.0,1553,40.9,49,0,0,0,0,0,0,11.899999999999977,63517.7,2004.1,15190.0
613,L47792,L,298.1,309.9,1563,32.8,51,0,0,0,0,0,0,11.799999999999955,51266.399999999994,1672.8,15804.9
614,L47793,L,298.1,309.9,1634,30.0,53,0,0,0,0,0,0,11.799999999999955,49020.0,1590.0,16424.699999999997
615,M15474,M,298.0,309.9,1445,45.2,55,0,0,0,0,0,0,11.899999999999977,65314.00000000001,2486.0,17044.5
616,L47795,L,298.1,309.9,1642,30.4,58,0,0,0,0,0,0,11.799999999999955,49916.799999999996,1763.1999999999998,17974.199999999997
617,H30030,H,298.1,309.9,1686,29.1,60,0,0,0,0,0,0,11.799999999999955,49062.600000000006,1746.0,18594.0
618,M15477,M,298.1,310.0,1393,43.1,65,0,0,0,0,0,0,11.899999999999977,60038.3,2801.5,20150.0
619,H30032,H,298.2,310.0,1433,44.2,68,0,0,0,0,0,0,11.800000000000011,63338.600000000006,3005.6000000000004,21080.0
620,L47799,L,298.3,310.0,1507,44.7,73,0,0,0,0,0,0,11.699999999999989,67362.90000000001,3263.1000000000004,22630.0
621,M15480,M,298.3,310.1,1389,49.6,75,0,0,0,0,0,0,11.800000000000011,68894.40000000001,3720.0,23257.5
622,L47801,L,298.3,310.1,1408,45.3,78,0,0,0,0,0,0,11.800000000000011,63782.399999999994,3533.3999999999996,24187.800000000003
623,M15482,M,298.4,310.2,1725,32.0,80,0,0,0,0,0,0,11.800000000000011,55200.0,2560.0,24816.0
624,L47803,L,298.4,310.1,1926,23.7,83,0,0,0,0,0,0,11.700000000000045,45646.2,1967.1,25738.300000000003
625,H30038,H,298.3,310.1,1509,37.6,85,0,0,0,0,0,0,11.800000000000011,56738.4,3196.0,26358.500000000004
626,L47805,L,298.3,310.1,1545,36.3,90,0,0,0,0,0,0,11.800000000000011,56083.49999999999,3266.9999999999995,27909.000000000004
627,L47806,L,298.4,310.1,1533,35.2,92,0,0,0,0,0,0,11.700000000000045,53961.600000000006,3238.4,28529.2
628,L47807,L,298.4,310.1,1455,42.2,94,0,0,0,0,0,0,11.700000000000045,61401.00000000001,3966.8,29149.4
629,M15488,M,298.4,310.1,1335,57.8,96,0,0,0,0,0,0,11.700000000000045,77163.0,5548.799999999999,29769.600000000002
630,L47809,L,298.3,310.1,1523,45.9,99,0,0,0,0,0,0,11.800000000000011,69905.7,4544.099999999999,30699.9
631,L47810,L,298.3,310.0,1460,47.6,101,0,0,0,0,0,0,11.699999999999989,69496.0,4807.6,31310.0
632,L47811,L,298.4,310.0,1554,37.3,103,0,0,0,0,0,0,11.600000000000023,57964.2,3841.8999999999996,31930.0
633,H30046,H,298.3,310.0,1419,47.1,105,0,0,0,0,0,0,11.699999999999989,66834.90000000001,4945.5,32550.0
634,L47813,L,298.3,310.0,1442,43.9,110,0,0,0,0,0,0,11.699999999999989,63303.799999999996,4829.0,34100.0
635,L47814,L,298.3,309.9,1507,41.6,112,0,0,0,0,0,0,11.599999999999966,62691.200000000004,4659.2,34708.799999999996
636,L47815,L,298.3,310.0,1858,23.9,114,0,0,0,0,0,0,11.699999999999989,44406.2,2724.6,35340.0
637,L47816,L,298.3,309.9,1463,43.9,116,0,0,0,0,0,0,11.599999999999966,64225.7,5092.4,35948.399999999994
638,L47817,L,298.2,309.7,1585,37.4,118,0,0,0,0,0,0,11.5,59279.0,4413.2,36544.6
639,L47818,L,298.0,309.6,1536,37.3,120,0,0,0,0,0,0,11.600000000000023,57292.799999999996,4476.0,37152.0
640,L47819,L,298.0,309.6,1403,51.3,122,0,0,0,0,0,0,11.600000000000023,71973.9,6258.599999999999,37771.200000000004
641,M15500,M,297.9,309.6,1515,38.8,124,0,0,0,0,0,0,11.700000000000045,58781.99999999999,4811.2,38390.4
642,L47821,L,297.9,309.5,1390,47.9,127,0,0,0,0,0,0,11.600000000000023,66581.0,6083.3,39306.5
643,M15502,M,297.8,309.4,1226,58.7,129,0,0,0,0,0,0,11.599999999999966,71966.2,7572.3,39912.6
644,M15503,M,297.8,309.4,1495,36.5,132,0,0,0,0,0,0,11.599999999999966,54567.5,4818.0,40840.799999999996
645,H30058,H,297.7,309.4,1608,30.2,135,0,0,0,0,0,0,11.699999999999989,48561.6,4077.0,41769.0
646,L47825,L,297.7,309.4,1392,44.1,140,0,0,0,0,0,0,11.699999999999989,61387.200000000004,6174.0,43316.0
647,M15506,M,297.7,309.4,1461,43.7,142,0,0,0,0,0,0,11.699999999999989,63845.700000000004,6205.400000000001,43934.799999999996
648,L47827,L,297.7,309.3,1559,36.9,145,0,0,0,0,0,0,11.600000000000023,57527.1,5350.5,44848.5
649,H30062,H,297.7,309.3,1400,48.9,147,0,0,0,0,0,0,11.600000000000023,68460.0,7188.3,45467.1
650,M15509,M,297.7,309.2,1732,28.8,152,0,0,0,0,0,0,11.5,49881.6,4377.6,46998.4
651,L47830,L,297.6,309.2,1611,33.1,155,0,0,0,0,0,0,11.599999999999966,53324.100000000006,5130.5,47926.0
652,L47831,L,297.6,309.1,1503,38.9,157,0,0,0,0,0,0,11.5,58466.7,6107.3,48528.700000000004
653,L47832,L,297.7,309.2,1391,44.5,159,0,0,0,0,0,0,11.5,61899.5,7075.5,49162.799999999996
654,L47833,L,297.8,309.3,2015,20.1,161,0,0,0,0,0,0,11.5,40501.5,3236.1000000000004,49797.3
655,L47834,L,297.8,309.2,1683,30.9,163,0,0,0,0,0,0,11.399999999999977,52004.7,5036.7,50399.6
656,L47835,L,297.7,309.1,1435,38.8,165,0,0,0,0,0,0,11.400000000000034,55677.99999999999,6401.999999999999,51001.50000000001
657,M15516,M,297.7,309.1,1732,28.1,167,0,0,0,0,0,0,11.400000000000034,48669.200000000004,4692.7,51619.700000000004
658,L47837,L,297.7,309.2,1365,58.6,170,0,0,0,0,0,0,11.5,79989.0,9962.0,52564.0
659,L47838,L,297.7,309.1,1562,36.8,172,0,0,0,0,0,0,11.400000000000034,57481.6,6329.599999999999,53165.200000000004
660,L47839,L,297.6,309.1,1449,49.1,174,0,0,0,0,0,0,11.5,71145.90000000001,8543.4,53783.4
661,M15520,M,297.7,309.2,1700,27.4,176,0,0,0,0,0,0,11.5,46580.0,4822.4,54419.2
662,M15521,M,297.6,309.0,1427,45.6,179,0,0,0,0,0,0,11.399999999999977,65071.200000000004,8162.400000000001,55311.0
663,M15522,M,297.6,308.9,1479,38.1,182,0,0,0,0,0,0,11.299999999999955,56349.9,6934.2,56219.799999999996
664,L47843,L,297.5,308.9,1469,44.0,185,0,0,0,0,0,0,11.399999999999977,64636.0,8140.0,57146.49999999999
665,L47844,L,297.5,308.9,1390,47.4,187,0,0,0,0,0,0,11.399999999999977,65886.0,8863.8,57764.299999999996
666,L47845,L,297.5,308.9,1729,28.1,189,0,0,0,0,0,0,11.399999999999977,48584.9,5310.900000000001,58382.1
667,L47846,L,297.5,309.0,1470,43.5,191,0,0,0,0,0,0,11.5,63945.0,8308.5,59019.0
668,L47847,L,297.5,308.9,1459,48.5,193,0,0,0,0,0,0,11.399999999999977,70761.5,9360.5,59617.7
669,L47848,L,297.5,308.9,1738,24.0,195,0,0,0,0,0,0,11.399999999999977,41712.0,4680.0,60235.49999999999
670,H30083,H,297.5,308.9,1471,37.7,197,0,0,0,0,0,0,11.399999999999977,55456.700000000004,7426.900000000001,60853.299999999996
671,L47850,L,297.6,309.0,1822,25.4,202,0,0,0,0,0,0,11.399999999999977,46278.799999999996,5130.799999999999,62418.0
672,L47851,L,297.5,308.9,1554,34.8,204,0,0,0,0,0,0,11.399999999999977,54079.2,7099.2,63015.6
673,M15532,M,297.6,308.9,1433,43.2,206,0,0,0,0,0,0,11.299999999999955,61905.600000000006,8899.2,63633.399999999994
674,L47853,L,297.6,308.9,1449,47.7,209,0,0,0,0,0,0,11.299999999999955,69117.3,9969.300000000001,64560.1
675,L47854,L,297.8,309.0,1456,41.2,0,0,0,0,0,0,0,11.199999999999989,59987.200000000004,0.0,0.0
676,M15535,M,297.8,309.1,1424,45.5,2,0,0,0,0,0,0,11.300000000000011,64792.0,91.0,618.2
677,H30090,H,297.9,309.2,1577,34.7,5,0,0,0,0,0,0,11.300000000000011,54721.9,173.5,1546.0
678,L47857,L,297.9,309.2,1478,39.7,10,0,0,0,0,0,0,11.300000000000011,58676.600000000006,397.0,3092.0
679,M15538,M,297.8,309.2,1295,61.2,12,0,0,0,0,0,0,11.399999999999977,79254.0,734.4000000000001,3710.3999999999996
680,L47859,L,297.8,309.2,1372,47.3,15,0,0,0,0,0,0,11.399999999999977,64895.6,709.5,4638.0
681,M15540,M,297.8,309.1,1432,42.6,17,0,0,0,0,0,0,11.300000000000011,61003.200000000004,724.2,5254.700000000001
682,M15541,M,297.7,309.0,1656,33.2,20,0,0,0,0,0,0,11.300000000000011,54979.200000000004,664.0,6180.0
683,H30096,H,297.8,309.0,1410,48.8,23,0,0,0,0,0,0,11.199999999999989,68808.0,1122.3999999999999,7107.0
684,L47863,L,297.7,309.0,1874,24.4,28,0,0,0,0,0,0,11.300000000000011,45725.6,683.1999999999999,8652.0
685,L47864,L,297.7,309.0,1538,43.2,30,0,0,0,0,0,0,11.300000000000011,66441.6,1296.0,9270.0
686,M15545,M,297.7,309.0,1636,29.7,32,0,0,0,0,0,0,11.300000000000011,48589.2,950.4,9888.0
687,M15546,M,297.7,309.0,1504,40.4,35,0,0,0,0,0,0,11.300000000000011,60761.6,1414.0,10815.0
688,M15547,M,297.7,309.0,1531,42.4,38,0,0,0,0,0,0,11.300000000000011,64914.4,1611.2,11742.0
689,H30102,H,297.6,309.0,1735,26.4,41,0,0,0,0,0,0,11.399999999999977,45804.0,1082.3999999999999,12669.0
690,H30103,H,297.6,309.0,1354,55.6,46,0,0,0,0,0,0,11.399999999999977,75282.40000000001,2557.6,14214.0
691,H30104,H,297.6,309.0,1413,40.2,51,0,0,0,0,0,0,11.399999999999977,56802.600000000006,2050.2000000000003,15759.0
692,L47871,L,297.7,309.1,1563,39.3,56,0,0,0,0,0,0,11.400000000000034,61425.899999999994,2200.7999999999997,17309.600000000002
693,L47872,L,297.7,309.1,1479,42.1,58,0,0,0,0,0,0,11.400000000000034,62265.9,2441.8,17927.800000000003
694,L47873,L,297.7,309.1,1477,38.3,60,0,0,0,0,0,0,11.400000000000034,56569.1,2298.0,18546.0
695,L47874,L,297.6,309.1,1394,50.0,62,0,0,0,0,0,0,11.5,69700.0,3100.0,19164.2
696,L47875,L,297.6,309.0,1487,45.4,64,0,0,0,0,0,0,11.399999999999977,67509.8,2905.6,19776.0
697,M15556,M,297.6,309.0,1815,25.3,66,0,0,0,0,0,0,11.399999999999977,45919.5,1669.8,20394.0
698,M15557,M,297.6,308.8,1453,39.7,69,0,0,0,0,0,0,11.199999999999989,57684.100000000006,2739.3,21307.2
699,L47878,L,297.6,308.8,1539,40.2,72,0,0,0,0,0,0,11.199999999999989,61867.8,2894.4,22233.600000000002
700,H30113,H,297.5,308.7,1416,39.2,74,0,0,0,0,0,0,11.199999999999989,55507.200000000004,2900.8,22843.8
701,M15560,M,297.6,308.8,1683,31.6,79,0,0,0,0,0,0,11.199999999999989,53182.8,2496.4,24395.2
702,L47881,L,297.7,308.8,1515,40.1,82,0,0,0,0,0,0,11.100000000000023,60751.5,3288.2000000000003,25321.600000000002
703,M15562,M,297.7,308.9,1531,48.3,84,0,0,0,0,0,0,11.199999999999989,73947.3,4057.2,25947.6
704,H30117,H,297.7,308.9,1479,40.9,87,0,0,0,0,0,0,11.199999999999989,60491.1,3558.2999999999997,26874.3
705,L47884,L,297.7,308.9,1516,33.7,92,0,0,0,0,0,0,11.199999999999989,51089.200000000004,3100.4,28418.8
706,L47885,L,297.7,309.0,1507,38.2,94,0,0,0,0,0,0,11.300000000000011,57567.4,3590.8,29046.0
707,M15566,M,297.8,309.0,1434,43.3,96,0,0,0,0,0,0,11.199999999999989,62092.2,4156.799999999999,29664.0
708,L47887,L,297.7,308.9,1838,27.3,99,0,0,0,0,0,0,11.199999999999989,50177.4,2702.7000000000003,30581.1
709,M15568,M,297.6,308.8,1416,45.9,101,0,0,0,0,0,0,11.199999999999989,64994.4,4635.9,31188.800000000003
710,M15569,M,297.6,308.8,1357,49.7,104,0,0,0,0,0,0,11.199999999999989,67442.90000000001,5168.8,32115.2
711,M15570,M,297.5,308.7,1697,28.1,107,0,0,0,0,0,0,11.199999999999989,47685.700000000004,3006.7000000000003,33030.9
712,L47891,L,297.5,308.7,1443,46.2,110,0,0,0,0,0,0,11.199999999999989,66666.6,5082.0,33957.0
713,L47892,L,297.5,308.7,1453,37.6,112,0,0,0,0,0,0,11.199999999999989,54632.8,4211.2,34574.4
714,L47893,L,297.4,308.6,1439,46.4,114,0,0,0,0,0,0,11.200000000000045,66769.59999999999,5289.599999999999,35180.4
715,L47894,L,297.4,308.6,1609,36.2,116,0,0,0,0,0,0,11.200000000000045,58245.8,4199.200000000001,35797.600000000006
716,L47895,L,297.4,308.6,1324,59.1,118,0,0,0,0,0,0,11.200000000000045,78248.40000000001,6973.8,36414.8
717,H30130,H,297.4,308.6,1420,45.8,120,0,0,0,0,0,0,11.200000000000045,65035.99999999999,5496.0,37032.0
718,L47897,L,297.4,308.7,1545,36.9,125,0,0,0,0,0,0,11.300000000000011,57010.5,4612.5,38587.5
719,L47898,L,297.5,308.8,1477,39.0,127,0,0,0,0,0,0,11.300000000000011,57603.0,4953.0,39217.6
720,L47899,L,297.4,308.8,1447,58.1,129,0,0,0,0,0,0,11.400000000000034,84070.7,7494.900000000001,39835.200000000004
721,L47900,L,297.4,308.9,1809,23.8,131,0,0,0,0,0,0,11.5,43054.200000000004,3117.8,40465.899999999994
722,L47901,L,297.5,308.9,1696,30.9,133,0,0,0,0,0,0,11.399999999999977,52406.399999999994,4109.7,41083.7
723,L47902,L,297.5,308.9,1427,44.7,135,0,0,0,0,0,0,11.399999999999977,63786.9,6034.5,41701.5
724,M15583,M,297.4,308.9,1500,46.3,137,0,0,0,0,0,0,11.5,69450.0,6343.099999999999,42319.299999999996
725,L47904,L,297.5,308.9,1390,44.6,140,0,0,0,0,0,0,11.399999999999977,61994.0,6244.0,43246.0
726,L47905,L,297.4,308.8,1640,34.2,142,0,0,0,0,0,0,11.400000000000034,56088.00000000001,4856.400000000001,43849.6
727,M15586,M,297.4,308.8,1628,37.4,144,0,0,0,0,0,0,11.400000000000034,60887.2,5385.599999999999,44467.200000000004
728,H30141,H,297.3,308.6,1499,37.6,147,0,0,0,0,0,0,11.300000000000011,56362.4,5527.2,45364.200000000004
729,M15588,M,297.4,308.7,1425,50.3,152,0,0,0,0,0,0,11.300000000000011,71677.5,7645.599999999999,46922.4
730,L47909,L,297.3,308.6,1586,37.7,155,0,0,0,0,0,0,11.300000000000011,59792.200000000004,5843.5,47833.0
731,M15590,M,297.3,308.6,1471,50.7,157,0,0,0,0,0,0,11.300000000000011,74579.7,7959.900000000001,48450.200000000004
732,M15591,M,297.3,308.6,1431,53.0,160,0,0,0,0,0,0,11.300000000000011,75843.0,8480.0,49376.0
733,L47912,L,297.2,308.6,1924,22.1,163,0,0,0,0,0,0,11.400000000000034,42520.4,3602.3,50301.8
734,M15593,M,297.1,308.4,1421,42.0,165,0,0,0,0,0,0,11.299999999999955,59682.0,6930.0,50885.99999999999
735,H30148,H,297.0,308.4,1305,54.6,168,0,0,0,0,0,0,11.399999999999977,71253.0,9172.800000000001,51811.2
736,L47915,L,296.9,308.4,1557,32.4,173,0,0,0,0,0,0,11.5,50446.799999999996,5605.2,53353.2
737,L47916,L,296.9,308.3,1555,38.2,175,0,0,0,0,0,0,11.400000000000034,59401.00000000001,6685.000000000001,53952.5
738,H30151,H,296.9,308.3,1474,39.2,177,0,0,0,0,0,0,11.400000000000034,57780.8,6938.400000000001,54569.1
739,L47918,L,296.8,308.3,1506,45.9,182,0,0,0,0,0,0,11.5,69125.4,8353.8,56110.6
740,L47919,L,296.9,308.4,1390,41.8,184,0,0,0,0,0,0,11.5,58101.99999999999,7691.2,56745.6
741,M15600,M,296.9,308.4,1450,46.9,186,0,0,0,0,0,0,11.5,68005.0,8723.4,57362.399999999994
742,L47921,L,296.9,308.3,1513,38.8,189,0,0,0,0,0,0,11.400000000000034,58704.399999999994,7333.2,58268.700000000004
743,L47922,L,296.8,308.2,1643,34.7,191,0,0,0,0,0,0,11.399999999999977,57012.100000000006,6627.700000000001,58866.2
744,L47923,L,296.8,308.2,1361,53.8,193,0,0,0,0,0,0,11.399999999999977,73221.8,10383.4,59482.6
745,L47924,L,296.7,308.1,1450,40.9,195,0,0,0,0,0,0,11.400000000000034,59305.0,7975.5,60079.50000000001
746,L47925,L,296.7,308.0,1451,50.7,197,0,0,0,0,0,0,11.300000000000011,73565.7,9987.900000000001,60676.0
747,L47926,L,296.8,308.1,1289,62.0,199,1,0,0,0,1,0,11.300000000000011,79918.0,12338.0,61311.9
748,L47927,L,296.8,308.1,1356,48.3,201,0,0,0,0,0,0,11.300000000000011,65494.799999999996,9708.3,61928.100000000006
749,H30162,H,296.7,308.1,1528,46.3,203,0,0,0,0,0,0,11.400000000000034,70746.4,9398.9,62544.3
750,L47929,L,296.6,308.0,1978,22.3,208,0,0,0,0,0,0,11.399999999999977,44109.4,4638.400000000001,64064.0
751,L47930,L,296.7,308.0,1535,36.8,210,0,0,0,0,0,0,11.300000000000011,56487.99999999999,7727.999999999999,64680.0
752,M15611,M,296.8,308.1,1843,24.2,212,0,0,0,0,0,0,11.300000000000011,44600.6,5130.4,65317.200000000004
753,L47932,L,296.9,308.1,1422,48.7,215,0,0,0,0,0,0,11.200000000000045,69251.40000000001,10470.5,66241.5
754,L47933,L,296.8,308.0,1536,40.4,217,0,0,0,0,0,0,11.199999999999989,62054.399999999994,8766.8,66836.0
755,M15614,M,296.9,308.1,1483,44.3,219,0,0,0,0,0,0,11.200000000000045,65696.9,9701.699999999999,67473.90000000001
756,H30169,H,296.8,308.1,1492,43.7,222,0,0,0,0,0,0,11.300000000000011,65200.4,9701.400000000001,68398.20000000001
757,L47936,L,296.8,308.0,1584,40.4,227,0,0,0,0,0,0,11.199999999999989,63993.6,9170.8,69916.0
758,L47937,L,296.9,308.1,1555,33.7,229,0,0,0,0,0,0,11.200000000000045,52403.50000000001,7717.300000000001,70554.90000000001
759,L47938,L,296.8,308.0,1497,41.7,231,0,0,0,0,0,0,11.199999999999989,62424.9,9632.7,71148.0
760,M15619,M,296.7,307.8,1537,36.3,233,0,0,0,0,0,0,11.100000000000023,55793.1,8457.9,71717.40000000001
761,L47940,L,296.7,307.8,1505,39.4,236,0,0,0,0,0,0,11.100000000000023,59297.0,9298.4,72640.8
762,L47941,L,296.7,307.8,1646,34.6,238,0,0,0,0,0,0,11.100000000000023,56951.600000000006,8234.800000000001,73256.40000000001
763,M15622,M,296.7,307.8,1286,60.5,0,0,0,0,0,0,0,11.100000000000023,77803.0,0.0,0.0
764,L47943,L,296.7,307.8,1400,47.5,3,0,0,0,0,0,0,11.100000000000023,66500.0,142.5,923.4000000000001
765,L47944,L,296.8,307.9,1337,56.5,5,0,0,0,0,0,0,11.099999999999966,75540.5,282.5,1539.5
766,L47945,L,296.9,308.0,1332,53.9,7,0,0,0,0,0,0,11.100000000000023,71794.8,377.3,2156.0
767,L47946,L,296.8,308.0,1561,38.3,9,0,0,0,0,0,0,11.199999999999989,59786.299999999996,344.7,2772.0
768,L47947,L,296.9,308.0,1546,31.1,11,0,0,0,0,0,0,11.100000000000023,48080.600000000006,342.1,3388.0
769,L47948,L,296.9,308.0,1713,29.3,13,0,0,0,0,0,0,11.100000000000023,50190.9,380.90000000000003,4004.0
770,L47949,L,296.9,308.0,1343,44.5,15,0,0,0,0,0,0,11.100000000000023,59763.5,667.5,4620.0
771,L47950,L,296.8,308.0,1391,54.4,17,0,0,0,0,0,0,11.199999999999989,75670.4,924.8,5236.0
772,H30185,H,296.8,308.0,1311,58.6,19,0,0,0,0,0,0,11.199999999999989,76824.6,1113.4,5852.0
773,H30186,H,296.8,308.0,1453,51.0,24,0,0,0,0,0,0,11.199999999999989,74103.0,1224.0,7392.0
774,L47953,L,296.8,308.0,1510,39.4,29,0,0,0,0,0,0,11.199999999999989,59494.0,1142.6,8932.0
775,L47954,L,296.8,307.9,1448,48.8,31,0,0,0,0,0,0,11.099999999999966,70662.4,1512.8,9544.9
776,L47955,L,296.7,307.8,1453,46.0,33,0,0,0,0,0,0,11.100000000000023,66838.0,1518.0,10157.4
777,L47956,L,296.7,307.8,1468,39.2,35,0,0,0,0,0,0,11.100000000000023,57545.600000000006,1372.0,10773.0
778,L47957,L,296.7,307.8,1382,47.5,37,0,0,0,0,0,0,11.100000000000023,65645.0,1757.5,11388.6
779,L47958,L,296.7,308.0,1580,32.2,39,0,0,0,0,0,0,11.300000000000011,50876.00000000001,1255.8000000000002,12012.0
780,L47959,L,296.8,308.0,1666,29.8,41,0,0,0,0,0,0,11.199999999999989,49646.8,1221.8,12628.0
781,M15640,M,296.9,308.0,1409,50.7,43,0,0,0,0,0,0,11.100000000000023,71436.3,2180.1,13244.0
782,L47961,L,296.8,308.0,1675,29.7,46,0,0,0,0,0,0,11.199999999999989,49747.5,1366.2,14168.0
783,L47962,L,296.8,307.9,1698,30.8,48,0,0,0,0,0,0,11.099999999999966,52298.4,1478.4,14779.199999999999
784,H30197,H,296.7,307.9,1579,33.4,50,0,0,0,0,0,0,11.199999999999989,52738.6,1670.0,15394.999999999998
785,L47964,L,296.7,307.9,1743,27.9,55,0,0,0,0,0,0,11.199999999999989,48629.7,1534.5,16934.5
786,M15645,M,296.9,308.0,1497,44.8,57,0,0,0,0,0,0,11.100000000000023,67065.59999999999,2553.6,17556.0
787,L47966,L,296.9,308.1,1741,28.8,60,0,0,0,0,0,0,11.200000000000045,50140.8,1728.0,18486.0
788,L47967,L,296.9,308.1,1435,45.3,62,0,0,0,0,0,0,11.200000000000045,65005.49999999999,2808.6,19102.2
789,M15648,M,296.9,308.1,1440,46.3,64,0,0,0,0,0,0,11.200000000000045,66672.0,2963.2,19718.4
790,M15649,M,296.9,308.0,1641,33.3,67,0,0,0,0,0,0,11.100000000000023,54645.299999999996,2231.1,20636.0
791,L47970,L,296.8,307.9,1420,45.4,70,0,0,0,0,0,0,11.099999999999966,64468.0,3178.0,21553.0
792,L47971,L,296.8,307.9,1611,35.4,72,0,0,0,0,0,0,11.099999999999966,57029.399999999994,2548.7999999999997,22168.8
793,L47972,L,296.8,307.8,1373,42.9,74,0,0,0,0,0,0,11.0,58901.7,3174.6,22777.2
794,M15653,M,296.8,307.9,1683,31.8,76,0,0,0,0,0,0,11.099999999999966,53519.4,2416.8,23400.399999999998
795,H30208,H,296.9,307.9,1547,32.6,79,0,0,0,0,0,0,11.0,50432.200000000004,2575.4,24324.1
796,L47975,L,296.9,307.8,1605,37.0,84,0,0,0,0,0,0,10.900000000000034,59385.0,3108.0,25855.2
797,M15656,M,296.9,307.9,2010,18.9,86,0,0,0,0,0,0,11.0,37989.0,1625.3999999999999,26479.399999999998
798,L47977,L,296.8,307.7,1565,40.1,89,0,0,0,0,0,0,10.899999999999977,62756.5,3568.9,27385.3
799,M15658,M,296.9,307.8,1828,24.6,91,0,0,0,0,0,0,10.900000000000034,44968.8,2238.6,28009.8
800,M15659,M,297.0,307.8,1579,34.1,94,0,0,0,0,0,0,10.800000000000011,53843.9,3205.4,28933.2
801,M15660,M,297.0,307.9,1882,24.2,97,0,0,0,0,0,0,10.899999999999977,45544.4,2347.4,29866.3
802,L47981,L,296.9,307.8,1285,52.1,100,0,0,0,0,0,0,10.900000000000034,66948.5,5210.0,30780.0
803,L47982,L,296.9,307.8,1571,35.0,102,0,0,0,0,0,0,10.900000000000034,54985.0,3570.0,31395.600000000002
804,H30217,H,296.9,307.8,1549,37.8,104,0,0,0,0,0,0,10.900000000000034,58552.2,3931.2,32011.2
805,M15664,M,296.9,307.8,1544,37.6,109,0,0,0,0,0,0,10.900000000000034,58054.4,4098.400000000001,33550.200000000004
806,M15665,M,297.0,307.9,1412,47.4,112,0,0,0,0,0,0,10.899999999999977,66928.8,5308.8,34484.799999999996
807,M15666,M,297.0,307.9,1422,53.0,115,0,0,0,0,0,0,10.899999999999977,75366.0,6095.0,35408.5
808,L47987,L,297.0,307.7,1867,22.8,118,0,0,0,0,0,0,10.699999999999989,42567.6,2690.4,36308.6
809,L47988,L,296.9,307.7,1424,43.3,120,0,0,0,0,0,0,10.800000000000011,61659.2,5196.0,36924.0
810,L47989,L,296.9,307.6,1452,45.7,122,0,0,0,0,0,0,10.700000000000045,66356.40000000001,5575.400000000001,37527.200000000004
811,L47990,L,296.9,307.7,1550,39.7,124,0,0,0,0,0,0,10.800000000000011,61535.00000000001,4922.8,38154.799999999996
812,L47991,L,296.8,307.6,1588,37.6,126,0,0,0,0,0,0,10.800000000000011,59708.8,4737.6,38757.600000000006
813,L47992,L,296.8,307.6,1338,44.4,128,0,0,0,0,0,0,10.800000000000011,59407.2,5683.2,39372.8
814,L47993,L,296.8,307.6,1513,40.0,130,0,0,0,0,0,0,10.800000000000011,60520.0,5200.0,39988.0
815,M15674,M,296.8,307.5,1470,45.9,132,0,0,0,0,0,0,10.699999999999989,67473.0,6058.8,40590.0
816,M15675,M,296.8,307.5,1516,36.7,135,0,0,0,0,0,0,10.699999999999989,55637.200000000004,4954.5,41512.5
817,L47996,L,296.8,307.6,1434,48.3,138,0,0,0,0,0,0,10.800000000000011,69262.2,6665.4,42448.8
818,L47997,L,296.8,307.6,1368,52.0,140,0,0,0,0,0,0,10.800000000000011,71136.0,7280.0,43064.0
819,L47998,L,296.8,307.6,1304,48.7,142,0,0,0,0,0,0,10.800000000000011,63504.8,6915.400000000001,43679.200000000004
820,L47999,L,296.8,307.6,1398,46.7,144,0,0,0,0,0,0,10.800000000000011,65286.600000000006,6724.8,44294.4
821,L48000,L,296.7,307.6,1516,37.4,146,0,0,0,0,0,0,10.900000000000034,56698.4,5460.4,44909.600000000006
822,L48001,L,296.7,307.6,1474,41.7,148,0,0,0,0,0,0,10.900000000000034,61465.8,6171.6,45524.8
823,M15682,M,296.7,307.6,1547,34.7,150,0,0,0,0,0,0,10.900000000000034,53680.9,5205.0,46140.0
824,M15683,M,296.6,307.5,1482,39.9,153,0,0,0,0,0,0,10.899999999999977,59131.799999999996,6104.7,47047.5
825,L48004,L,296.6,307.4,1436,42.8,156,0,0,0,0,0,0,10.799999999999955,61460.799999999996,6676.799999999999,47954.399999999994
826,L48005,L,296.6,307.3,1474,40.0,158,0,0,0,0,0,0,10.699999999999989,58960.0,6320.0,48553.4
827,L48006,L,296.5,307.2,1481,38.2,160,0,0,0,0,0,0,10.699999999999989,56574.200000000004,6112.0,49152.0
828,L48007,L,296.5,307.3,1501,42.1,162,0,0,0,0,0,0,10.800000000000011,63192.1,6820.2,49782.6
829,L48008,L,296.5,307.3,1566,37.2,164,0,0,0,0,0,0,10.800000000000011,58255.200000000004,6100.8,50397.200000000004
830,L48009,L,296.5,307.3,1579,34.5,166,0,0,0,0,0,0,10.800000000000011,54475.5,5727.0,51011.8
831,L48010,L,296.6,307.4,1631,35.0,168,0,0,0,0,0,0,10.799999999999955,57085.0,5880.0,51643.2
832,M15691,M,296.6,307.4,1544,42.3,170,0,0,0,0,0,0,10.799999999999955,65311.2,7190.999999999999,52257.99999999999
833,L48012,L,296.6,307.4,1521,38.6,173,0,0,0,0,0,0,10.799999999999955,58710.6,6677.8,53180.2
834,L48013,L,296.6,307.4,1616,28.0,175,0,0,0,0,0,0,10.799999999999955,45248.0,4900.0,53794.99999999999
835,H30248,H,296.6,307.4,1333,50.2,177,0,0,0,0,0,0,10.799999999999955,66916.6,8885.4,54409.799999999996
836,M15695,M,296.7,307.4,1533,32.5,182,0,0,0,0,0,0,10.699999999999989,49822.5,5915.0,55946.799999999996
837,L48016,L,296.6,307.4,1368,45.1,185,0,0,0,0,0,0,10.799999999999955,61696.8,8343.5,56868.99999999999
838,L48017,L,296.6,307.4,1465,47.8,187,0,0,0,0,0,0,10.799999999999955,70027.0,8938.6,57483.799999999996
839,H30252,H,296.6,307.4,1406,41.5,189,0,0,0,0,0,0,10.799999999999955,58349.0,7843.5,58098.6
840,M15699,M,296.5,307.4,1565,43.5,194,0,0,0,0,0,0,10.899999999999977,68077.5,8439.0,59635.6
841,L48020,L,296.6,307.5,1582,37.9,197,0,0,0,0,0,0,10.899999999999977,59957.799999999996,7466.299999999999,60577.5
842,L48021,L,296.6,307.5,1439,45.5,199,0,0,0,0,0,0,10.899999999999977,65474.5,9054.5,61192.5
843,M15702,M,296.6,307.5,1566,35.0,201,0,0,0,0,0,0,10.899999999999977,54810.0,7035.0,61807.5
844,L48023,L,296.6,307.5,1485,42.7,204,0,0,0,0,0,0,10.899999999999977,63409.50000000001,8710.800000000001,62730.0
845,L48024,L,296.5,307.5,1566,35.1,206,0,0,0,0,0,0,11.0,54966.600000000006,7230.6,63345.0
846,L48025,L,296.3,307.3,1439,41.5,208,0,0,0,0,0,0,11.0,59718.5,8632.0,63918.4
847,M15706,M,296.4,307.4,1416,50.0,210,0,0,0,0,0,0,11.0,70800.0,10500.0,64553.99999999999
848,L48027,L,296.4,307.4,2833,5.6,213,1,0,0,1,0,0,11.0,15864.8,1192.8,65476.2
849,L48028,L,296.3,307.4,1465,47.1,215,0,0,0,0,0,0,11.099999999999966,69001.5,10126.5,66091.0
850,H30263,H,296.4,307.4,1586,35.5,0,0,0,0,0,0,0,11.0,56303.0,0.0,0.0
851,L48030,L,296.3,307.3,1567,31.4,5,0,0,0,0,0,0,11.0,49203.799999999996,157.0,1536.5
852,M15711,M,296.2,307.2,1389,48.6,7,0,0,0,0,0,0,11.0,67505.40000000001,340.2,2150.4
853,M15712,M,296.3,307.3,1368,49.5,10,0,0,0,0,0,0,11.0,67716.0,495.0,3073.0
854,L48033,L,296.3,307.3,1444,49.0,13,0,0,0,0,0,0,11.0,70756.0,637.0,3994.9
855,M15714,M,296.3,307.3,1498,41.6,15,0,0,0,0,0,0,11.0,62316.8,624.0,4609.5
856,L48035,L,296.1,307.2,1615,30.8,18,0,0,0,0,0,0,11.099999999999966,49742.0,554.4,5529.599999999999
857,L48036,L,296.1,307.1,1898,22.7,20,0,0,0,0,0,0,11.0,43084.6,454.0,6142.0
858,M15717,M,296.1,307.1,1350,53.3,22,0,0,0,0,0,0,11.0,71955.0,1172.6,6756.200000000001
859,M15718,M,296.2,307.0,1516,37.6,25,0,0,0,0,0,0,10.800000000000011,57001.6,940.0,7675.0
860,H30273,H,296.2,307.0,1542,40.6,28,0,0,0,0,0,0,10.800000000000011,62605.200000000004,1136.8,8596.0
861,H30274,H,296.1,306.9,1541,32.6,33,0,0,0,0,0,0,10.799999999999955,50236.600000000006,1075.8,10127.699999999999
862,M15721,M,296.1,306.9,1951,23.3,38,0,0,0,0,0,0,10.799999999999955,45458.3,885.4,11662.199999999999
863,H30276,H,296.1,306.8,1645,31.0,41,0,0,0,0,0,0,10.699999999999989,50995.0,1271.0,12578.800000000001
864,L48043,L,296.0,306.7,1416,44.2,46,0,0,0,0,0,0,10.699999999999989,62587.200000000004,2033.2,14108.199999999999
865,M15724,M,296.0,306.7,2044,22.3,48,0,0,0,0,0,0,10.699999999999989,45581.200000000004,1070.4,14721.599999999999
866,L48045,L,295.9,306.6,1414,50.2,51,0,0,0,0,0,0,10.700000000000045,70982.8,2560.2000000000003,15636.6
867,L48046,L,295.9,306.6,1678,26.7,53,0,0,0,0,0,0,10.700000000000045,44802.6,1415.1,16249.800000000001
868,H30281,H,295.9,306.5,1594,33.2,55,0,0,0,0,0,0,10.600000000000023,52920.8,1826.0000000000002,16857.5
869,M15728,M,295.8,306.5,1514,37.7,60,0,0,0,0,0,0,10.699999999999989,57077.8,2262.0,18390.0
870,L48049,L,295.8,306.5,1358,49.2,63,0,0,0,0,0,0,10.699999999999989,66813.6,3099.6000000000004,19309.5
871,L48050,L,295.8,306.4,1325,56.2,65,0,0,0,0,0,0,10.599999999999966,74465.0,3653.0,19916.0
872,L48051,L,295.8,306.4,1339,53.2,67,0,0,0,0,0,0,10.599999999999966,71234.8,3564.4,20528.8
873,M15732,M,295.8,306.4,1335,51.7,69,0,0,0,0,0,0,10.599999999999966,69019.5,3567.3,21141.6
874,L48053,L,295.9,306.4,1892,21.7,72,0,0,0,0,0,0,10.5,41056.4,1562.3999999999999,22060.8
875,L48054,L,295.9,306.4,1575,28.5,74,0,0,0,0,0,0,10.5,44887.5,2109.0,22673.6
876,M15735,M,295.8,306.3,1444,45.5,76,0,0,0,0,0,0,10.5,65702.0,3458.0,23278.8
877,L48056,L,295.7,306.3,1915,22.4,79,0,0,0,0,0,0,10.600000000000023,42896.0,1769.6,24197.7
878,M15737,M,295.6,306.2,1584,33.6,81,0,0,0,0,0,0,10.599999999999966,53222.4,2721.6,24802.2
879,M15738,M,295.7,306.3,1685,34.9,84,0,0,0,0,0,0,10.600000000000023,58806.5,2931.6,25729.2
880,L48059,L,295.8,306.3,1337,54.6,87,0,0,0,0,0,0,10.5,73000.2,4750.2,26648.100000000002
881,M15740,M,295.8,306.3,1235,76.2,89,1,0,0,1,0,0,10.5,94107.0,6781.8,27260.7
882,L48061,L,295.7,306.2,1464,46.2,92,0,0,0,0,0,0,10.5,67636.8,4250.400000000001,28170.399999999998
883,M15742,M,295.7,306.2,1739,25.9,94,0,0,0,0,0,0,10.5,45040.1,2434.6,28782.8
884,L48063,L,295.7,306.3,1490,34.3,97,0,0,0,0,0,0,10.600000000000023,51106.99999999999,3327.1,29711.100000000002
885,L48064,L,295.8,306.4,1356,48.0,99,0,0,0,0,0,0,10.599999999999966,65088.0,4752.0,30333.6
886,L48065,L,295.7,306.2,1397,52.0,101,0,0,0,0,0,0,10.5,72644.0,5252.0,30926.199999999997
887,L48066,L,295.7,306.2,1458,40.6,103,0,0,0,0,0,0,10.5,59194.8,4181.8,31538.6
888,H30301,H,295.7,306.2,2161,16.5,105,0,0,0,0,0,0,10.5,35656.5,1732.5,32151.0
889,M15748,M,295.6,306.1,1651,28.1,110,0,0,0,0,0,0,10.5,46393.100000000006,3091.0,33671.0
890,L48069,L,295.6,306.1,1389,46.2,113,0,0,0,0,0,0,10.5,64171.8,5220.6,34589.3
891,L48070,L,295.6,306.0,1370,52.4,115,0,0,0,0,0,0,10.399999999999977,71788.0,6026.0,35190.0
892,L48071,L,295.7,306.1,1408,47.9,117,0,0,0,0,0,0,10.400000000000034,67443.2,5604.3,35813.700000000004
893,L48072,L,295.7,306.1,1343,54.4,119,0,0,0,0,0,0,10.400000000000034,73059.2,6473.599999999999,36425.9
894,M15753,M,295.7,306.2,1423,42.5,121,0,0,0,0,0,0,10.5,60477.5,5142.5,37050.2
895,L48074,L,295.6,306.2,1426,48.6,124,0,0,0,0,0,0,10.599999999999966,69303.6,6026.400000000001,37968.799999999996
896,M15755,M,295.6,306.2,1435,51.6,126,0,0,0,0,0,0,10.599999999999966,74046.0,6501.6,38581.2
897,L48076,L,295.5,306.1,1573,35.1,129,0,0,0,0,0,0,10.600000000000023,55212.3,4527.900000000001,39486.9
898,L48077,L,295.6,306.2,1612,31.2,131,0,0,0,0,0,0,10.599999999999966,50294.4,4087.2,40112.2
899,L48078,L,295.6,306.2,1446,49.9,133,0,0,0,0,0,0,10.599999999999966,72155.4,6636.7,40724.6
900,H30313,H,295.6,306.2,1329,55.3,135,0,0,0,0,0,0,10.599999999999966,73493.7,7465.5,41337.0
901,L48080,L,295.6,306.2,1569,35.1,140,0,0,0,0,0,0,10.599999999999966,55071.9,4914.0,42868.0
902,H30315,H,295.6,306.1,1256,62.3,142,0,0,0,0,0,0,10.5,78248.8,8846.6,43466.200000000004
903,L48082,L,295.6,306.1,1383,48.7,147,0,0,0,0,0,0,10.5,67352.1,7158.900000000001,44996.700000000004
904,L48083,L,295.7,306.2,2270,14.6,149,1,0,0,1,0,0,10.5,33142.0,2175.4,45623.799999999996
905,H30318,H,295.7,306.2,1458,49.8,151,0,0,0,0,0,0,10.5,72608.4,7519.799999999999,46236.2
906,L48085,L,295.6,306.1,1474,41.2,156,0,0,0,0,0,0,10.5,60728.8,6427.200000000001,47751.600000000006
907,M15766,M,295.6,306.1,1462,49.2,158,0,0,0,0,0,0,10.5,71930.40000000001,7773.6,48363.8
908,M15767,M,295.6,306.1,1669,29.0,161,0,0,0,0,0,0,10.5,48401.0,4669.0,49282.100000000006
909,M15768,M,295.5,306.1,1822,24.3,164,0,0,0,0,0,0,10.600000000000023,44274.6,3985.2000000000003,50200.4
910,L48089,L,295.5,306.0,1456,39.2,167,0,0,0,0,0,0,10.5,57075.200000000004,6546.400000000001,51102.0
911,L48090,L,295.5,306.0,1546,35.9,169,0,0,0,0,0,0,10.5,55501.399999999994,6067.099999999999,51714.0
912,M15771,M,295.6,306.1,1490,42.7,171,0,0,0,0,0,0,10.5,63623.00000000001,7301.700000000001,52343.100000000006
913,L48092,L,295.6,306.0,1569,40.4,174,0,0,0,0,0,0,10.399999999999977,63387.6,7029.599999999999,53244.0
914,L48093,L,295.5,306.0,1621,29.5,176,0,0,0,0,0,0,10.5,47819.5,5192.0,53856.0
915,M15774,M,295.4,305.9,1518,40.6,178,0,0,0,0,0,0,10.5,61630.8,7226.8,54450.2
916,M15775,M,295.4,305.8,1526,38.2,181,0,0,0,0,0,0,10.400000000000034,58293.200000000004,6914.200000000001,55349.8
917,M15776,M,295.3,305.8,1589,36.2,184,0,0,0,0,0,0,10.5,57521.8,6660.8,56267.200000000004
918,L48097,L,295.3,305.7,1475,51.0,187,0,0,0,0,0,0,10.399999999999977,75225.0,9537.0,57165.9
919,M15778,M,295.3,305.7,1473,38.5,189,0,0,0,0,0,0,10.399999999999977,56710.5,7276.5,57777.299999999996
920,L48099,L,295.4,305.8,1407,50.7,192,0,0,0,0,0,0,10.400000000000034,71334.90000000001,9734.400000000001,58713.600000000006
921,M15780,M,295.5,305.9,1518,44.1,194,0,0,0,0,0,0,10.399999999999977,66943.8,8555.4,59344.6
922,H30335,H,295.5,305.9,1593,37.2,197,0,0,0,0,0,0,10.399999999999977,59259.600000000006,7328.400000000001,60262.299999999996
923,M15782,M,295.5,305.9,1380,52.4,202,0,0,0,0,0,0,10.399999999999977,72312.0,10584.8,61791.799999999996
924,M15783,M,295.5,306.0,1423,45.3,205,0,0,0,0,0,0,10.5,64461.899999999994,9286.5,62730.0
925,L48104,L,295.5,306.0,1800,27.6,208,0,0,0,0,0,0,10.5,49680.0,5740.8,63648.0
926,H30339,H,295.6,306.1,1623,30.9,210,0,0,0,0,0,0,10.5,50150.7,6489.0,64281.00000000001
927,L48106,L,295.6,306.1,1372,55.6,215,1,0,0,0,1,0,10.5,76283.2,11954.0,65811.5
928,H30341,H,295.6,306.0,1396,52.4,0,0,0,0,0,0,0,10.399999999999977,73150.4,0.0,0.0
929,L48108,L,295.6,306.0,1949,21.9,5,0,0,0,0,0,0,10.399999999999977,42683.1,109.5,1530.0
930,L48109,L,295.6,306.0,1419,51.1,7,0,0,0,0,0,0,10.399999999999977,72510.90000000001,357.7,2142.0
931,M15790,M,295.5,305.9,1453,47.3,9,0,0,0,0,0,0,10.399999999999977,68726.9,425.7,2753.1
932,L48111,L,295.5,305.9,1542,36.2,12,0,0,0,0,0,0,10.399999999999977,55820.4,434.40000000000003,3670.7999999999997
933,L48112,L,295.6,306.0,1363,50.0,14,0,0,0,0,0,0,10.399999999999977,68150.0,700.0,4284.0
934,L48113,L,295.5,306.0,1597,37.2,16,0,0,0,0,0,0,10.5,59408.4,595.2,4896.0
935,M15794,M,295.5,306.0,1326,50.8,18,0,0,0,0,0,0,10.5,67360.8,914.4,5508.0
936,M15795,M,295.5,306.0,1641,36.6,21,0,0,0,0,0,0,10.5,60060.600000000006,768.6,6426.0
937,M15796,M,295.6,306.1,1418,46.2,24,0,0,0,0,0,0,10.5,65511.600000000006,1108.8000000000002,7346.400000000001
938,L48117,L,295.6,306.2,1263,61.8,27,0,0,0,0,0,0,10.599999999999966,78053.4,1668.6,8267.4
939,L48118,L,295.6,306.2,1823,25.8,29,0,0,0,0,0,0,10.599999999999966,47033.4,748.2,8879.8
940,L48119,L,295.5,306.1,1488,40.7,31,0,0,0,0,0,0,10.600000000000023,60561.600000000006,1261.7,9489.1
941,L48120,L,295.6,306.2,1443,48.9,33,0,0,0,0,0,0,10.599999999999966,70562.7,1613.7,10104.6
942,L48121,L,295.6,306.2,1650,28.2,35,0,0,0,0,0,0,10.599999999999966,46530.0,987.0,10717.0
943,M15802,M,295.7,306.3,1462,44.3,37,0,0,0,0,0,0,10.600000000000023,64766.6,1639.1,11333.1
944,M15803,M,295.6,306.2,1477,45.0,40,0,0,0,0,0,0,10.599999999999966,66465.0,1800.0,12248.0
945,M15804,M,295.7,306.3,1712,28.5,43,0,0,0,0,0,0,10.600000000000023,48792.0,1225.5,13170.9
946,M15805,M,295.7,306.3,1347,50.4,46,0,0,0,0,0,0,10.600000000000023,67888.8,2318.4,14089.800000000001
947,L48126,L,295.6,306.2,1287,54.8,49,0,0,0,0,0,0,10.599999999999966,70527.59999999999,2685.2,15003.8
948,L48127,L,295.6,306.2,1428,44.5,51,0,0,0,0,0,0,10.599999999999966,63546.0,2269.5,15616.199999999999
949,M15808,M,295.6,306.3,1426,45.5,53,0,0,0,0,0,0,10.699999999999989,64883.0,2411.5,16233.900000000001
950,L48129,L,295.6,306.3,1636,32.7,56,0,0,0,0,0,0,10.699999999999989,53497.200000000004,1831.2000000000003,17152.8
951,L48130,L,295.6,306.2,1424,42.5,58,0,0,0,0,0,0,10.599999999999966,60520.0,2465.0,17759.6
952,H30365,H,295.6,306.3,1509,35.8,60,0,0,0,0,0,0,10.699999999999989,54022.2,2148.0,18378.0
953,L48132,L,295.5,306.2,1448,48.9,65,0,0,0,0,0,0,10.699999999999989,70807.2,3178.5,19903.0
954,L48133,L,295.5,306.1,1650,32.8,67,0,0,0,0,0,0,10.600000000000023,54119.99999999999,2197.6,20508.7
955,H30368,H,295.6,306.2,1414,42.5,69,0,0,0,0,0,0,10.599999999999966,60095.0,2932.5,21127.8
956,L48135,L,295.6,306.3,1911,20.9,74,0,0,0,0,0,0,10.699999999999989,39939.899999999994,1546.6,22666.2
957,H30370,H,295.6,306.2,1632,32.2,76,0,0,0,0,0,0,10.599999999999966,52550.4,2447.2000000000003,23271.2
958,M15817,M,295.7,306.4,1387,40.1,81,0,0,0,0,0,0,10.699999999999989,55618.700000000004,3248.1,24818.399999999998
959,L48138,L,295.8,306.4,1399,47.6,84,0,0,0,0,0,0,10.599999999999966,66592.40000000001,3998.4,25737.6
960,L48139,L,295.8,306.5,1505,35.2,86,0,0,0,0,0,0,10.699999999999989,52976.00000000001,3027.2000000000003,26359.0
961,L48140,L,295.8,306.5,1534,37.9,88,0,0,0,0,0,0,10.699999999999989,58138.6,3335.2,26972.0
962,L48141,L,295.8,306.5,1493,40.5,90,0,0,0,0,0,0,10.699999999999989,60466.5,3645.0,27585.0
963,M15822,M,295.8,306.6,1480,43.2,92,0,0,0,0,0,0,10.800000000000011,63936.00000000001,3974.4,28207.2
964,L48143,L,295.8,306.6,1621,31.6,95,0,0,0,0,0,0,10.800000000000011,51223.600000000006,3002.0,29127.000000000004
965,L48144,L,295.7,306.5,1737,26.2,97,0,0,0,0,0,0,10.800000000000011,45509.4,2541.4,29730.5
966,L48145,L,295.8,306.6,1508,46.5,99,0,0,0,0,0,0,10.800000000000011,70122.0,4603.5,30353.4
967,M15826,M,295.8,306.5,1641,32.2,101,0,0,0,0,0,0,10.699999999999989,52840.200000000004,3252.2000000000003,30956.5
968,M15827,M,295.9,306.6,1532,38.6,104,0,0,0,0,0,0,10.700000000000045,59135.200000000004,4014.4,31886.4
969,L48148,L,295.9,306.7,1547,40.9,107,0,0,0,0,0,0,10.800000000000011,63272.299999999996,4376.3,32816.9
970,L48149,L,295.9,306.6,1412,41.0,109,0,0,0,0,0,0,10.700000000000045,57892.0,4469.0,33419.4
971,L48150,L,295.8,306.5,1568,35.1,111,0,0,0,0,0,0,10.699999999999989,55036.8,3896.1000000000004,34021.5
972,L48151,L,295.9,306.6,1557,41.1,113,0,0,0,0,0,0,10.700000000000045,63992.700000000004,4644.3,34645.8
973,L48152,L,295.8,306.6,1644,35.2,115,0,0,0,0,0,0,10.800000000000011,57868.8,4048.0000000000005,35259.0
974,L48153,L,295.9,306.6,1679,30.4,117,0,0,0,0,0,0,10.700000000000045,51041.6,3556.7999999999997,35872.200000000004
975,L48154,L,296.0,306.6,1511,35.2,119,0,0,0,0,0,0,10.600000000000023,53187.200000000004,4188.8,36485.4
976,M15835,M,296.0,306.6,1628,36.8,121,0,0,0,0,0,0,10.600000000000023,59910.399999999994,4452.799999999999,37098.600000000006
977,M15836,M,296.0,306.6,1392,51.3,124,0,0,0,0,0,0,10.600000000000023,71409.59999999999,6361.2,38018.4
978,L48157,L,296.0,306.7,1917,21.0,127,0,0,0,0,0,0,10.699999999999989,40257.0,2667.0,38950.9
979,M15838,M,296.2,306.8,1526,42.3,129,0,0,0,0,0,0,10.600000000000023,64549.799999999996,5456.7,39577.200000000004
980,L48159,L,296.2,306.8,1389,53.3,132,0,0,0,0,0,0,10.600000000000023,74033.7,7035.599999999999,40497.6
981,L48160,L,296.1,306.7,1409,42.8,134,0,0,0,0,0,0,10.599999999999966,60305.2,5735.2,41097.799999999996
982,L48161,L,296.2,306.8,1655,31.1,136,0,0,0,0,0,0,10.600000000000023,51470.5,4229.6,41724.8
983,L48162,L,296.2,306.9,1516,39.1,138,0,0,0,0,0,0,10.699999999999989,59275.6,5395.8,42352.2
984,L48163,L,296.2,306.9,1526,34.9,140,0,0,0,0,0,0,10.699999999999989,53257.4,4886.0,42966.0
985,L48164,L,296.3,307.1,1419,48.6,142,0,0,0,0,0,0,10.800000000000011,68963.40000000001,6901.2,43608.200000000004
986,L48165,L,296.4,307.2,1748,25.3,144,0,0,0,0,0,0,10.800000000000011,44224.4,3643.2000000000003,44236.799999999996
987,H30400,H,296.4,307.1,1638,32.5,146,0,0,0,0,0,0,10.700000000000045,53235.0,4745.0,44836.600000000006
988,M15847,M,296.3,307.1,1534,33.8,151,0,0,0,0,0,0,10.800000000000011,51849.2,5103.799999999999,46372.100000000006
989,H30402,H,296.3,307.1,1774,25.9,154,0,0,0,0,0,0,10.800000000000011,45946.6,3988.6,47293.4
990,M15849,M,296.2,307.0,2119,18.3,159,0,0,0,0,0,0,10.800000000000011,38777.700000000004,2909.7000000000003,48813.0
991,L48170,L,296.2,307.0,1414,48.3,162,0,0,0,0,0,0,10.800000000000011,68296.2,7824.599999999999,49734.0
992,M15851,M,296.1,307.0,1523,42.0,164,0,0,0,0,0,0,10.899999999999977,63966.0,6888.0,50348.0
993,L48172,L,296.1,307.1,1651,35.7,167,0,0,0,0,0,0,11.0,58940.700000000004,5961.900000000001,51285.700000000004
994,M15853,M,296.1,307.1,1485,36.0,169,0,0,0,0,0,0,11.0,53460.0,6084.0,51899.9
995,M15854,M,296.2,307.2,1168,63.4,172,0,0,0,0,0,0,11.0,74051.2,10904.8,52838.4
996,L48175,L,296.3,307.3,1566,35.8,175,0,0,0,0,0,0,11.0,56062.799999999996,6264.999999999999,53777.5
997,M15856,M,296.3,307.2,1286,51.1,177,0,0,0,0,0,0,10.899999999999977,65714.6,9044.7,54374.4
998,M15857,M,296.3,307.2,1446,45.9,180,0,0,0,0,0,0,10.899999999999977,66371.4,8262.0,55296.0
999,M15858,M,296.4,307.2,2071,19.4,183,0,0,0,0,0,0,10.800000000000011,40177.399999999994,3550.2,56217.6
1000,L48179,L,296.3,307.1,1560,33.2,186,0,0,0,0,0,0,10.800000000000011,51792.00000000001,6175.200000000001,57120.600000000006
1001,L48180,L,296.3,307.1,1654,29.6,188,0,0,0,0,0,0,10.800000000000011,48958.4,5564.8,57734.8
1002,L48181,L,296.3,307.1,1662,32.9,190,0,0,0,0,0,0,10.800000000000011,54679.799999999996,6251.0,58349.00000000001
1003,L48182,L,296.3,307.2,1646,35.0,192,0,0,0,0,0,0,10.899999999999977,57610.0,6720.0,58982.399999999994
1004,L48183,L,296.2,307.1,1444,46.7,194,0,0,0,0,0,0,10.900000000000034,67434.8,9059.800000000001,59577.4
1005,H30418,H,296.3,307.2,1424,42.0,196,0,0,0,0,0,0,10.899999999999977,59808.0,8232.0,60211.2
1006,L48185,L,296.2,307.2,1382,52.0,201,0,0,0,0,0,0,11.0,71864.0,10452.0,61747.2
1007,L48186,L,296.2,307.1,1413,53.4,203,0,0,0,0,0,0,10.900000000000034,75454.2,10840.199999999999,62341.3
1008,M15867,M,296.2,307.2,1633,31.1,0,0,0,0,0,0,0,11.0,50786.3,0.0,0.0
1009,L48188,L,296.2,307.1,1441,41.7,3,0,0,0,0,0,0,10.900000000000034,60089.700000000004,125.10000000000001,921.3000000000001
1010,M15869,M,296.2,307.2,1385,44.0,5,0,0,0,0,0,0,11.0,60940.0,220.0,1536.0
1011,M15870,M,296.2,307.2,1552,34.8,8,0,0,0,0,0,0,11.0,54009.6,278.4,2457.6
1012,M15871,M,296.2,307.3,1451,42.8,11,0,0,0,0,0,0,11.100000000000023,62102.799999999996,470.79999999999995,3380.3
1013,M15872,M,296.1,307.1,1433,38.5,14,0,0,0,0,0,0,11.0,55170.5,539.0,4299.400000000001
1014,M15873,M,296.1,307.2,1619,29.7,17,0,0,0,0,0,0,11.099999999999966,48084.299999999996,504.9,5222.4
1015,L48194,L,296.2,307.2,1445,41.8,20,0,0,0,0,0,0,11.0,60400.99999999999,836.0,6144.0
1016,L48195,L,296.2,307.2,1356,43.6,22,0,0,0,0,0,0,11.0,59121.6,959.2,6758.4
1017,M15876,M,296.3,307.2,1319,68.3,24,1,0,0,1,0,0,10.899999999999977,90087.7,1639.1999999999998,7372.799999999999
1018,L48197,L,296.3,307.2,1637,31.6,27,0,0,0,0,0,0,10.899999999999977,51729.200000000004,853.2,8294.4
1019,L48198,L,296.3,307.2,1291,58.6,29,0,0,0,0,0,0,10.899999999999977,75652.6,1699.4,8908.8
1020,L48199,L,296.3,307.3,1398,52.7,31,0,0,0,0,0,0,11.0,73674.6,1633.7,9526.300000000001
1021,L48200,L,296.3,307.3,1372,57.7,33,0,0,0,0,0,0,11.0,79164.40000000001,1904.1000000000001,10140.9
1022,M15881,M,296.3,307.2,1454,42.5,35,0,0,0,0,0,0,10.899999999999977,61795.0,1487.5,10752.0
1023,L48202,L,296.2,307.2,1515,36.5,38,0,0,0,0,0,0,11.0,55297.5,1387.0,11673.6
1024,L48203,L,296.2,307.3,1881,24.3,40,0,0,0,0,0,0,11.100000000000023,45708.3,972.0,12292.0
1025,L48204,L,296.2,307.3,1711,29.9,42,0,0,0,0,0,0,11.100000000000023,51158.899999999994,1255.8,12906.6
1026,L48205,L,296.2,307.3,1475,37.0,44,0,0,0,0,0,0,11.100000000000023,54575.0,1628.0,13521.2
1027,L48206,L,296.4,307.4,1512,36.8,46,0,0,0,0,0,0,11.0,55641.6,1692.8,14140.4
1028,M15887,M,296.3,307.4,1335,50.5,48,0,0,0,0,0,0,11.099999999999966,67417.5,2424.0,14755.199999999999
1029,L48208,L,296.3,307.4,1472,39.9,51,0,0,0,0,0,0,11.099999999999966,58732.799999999996,2034.8999999999999,15677.4
1030,M15889,M,296.2,307.3,1477,35.2,53,0,0,0,0,0,0,11.100000000000023,51990.4,1865.6000000000001,16286.900000000001
1031,L48210,L,296.3,307.4,1760,28.4,56,0,0,0,0,0,0,11.099999999999966,49984.0,1590.3999999999999,17214.399999999998
1032,L48211,L,296.4,307.5,1549,36.1,58,0,0,0,0,0,0,11.100000000000023,55918.9,2093.8,17835.0
1033,L48212,L,296.3,307.4,1648,34.0,60,0,0,0,0,0,0,11.099999999999966,56032.0,2040.0,18444.0
1034,H30447,H,296.4,307.5,1556,38.0,62,0,0,0,0,0,0,11.100000000000023,59128.0,2356.0,19065.0
1035,M15894,M,296.3,307.4,1958,19.1,67,0,0,0,0,0,0,11.099999999999966,37397.8,1279.7,20595.8
1036,L48215,L,296.4,307.4,1403,48.4,70,0,0,0,0,0,0,11.0,67905.2,3388.0,21518.0
1037,M15896,M,296.4,307.5,1684,31.4,72,0,0,0,0,0,0,11.100000000000023,52877.6,2260.7999999999997,22140.0
1038,H30451,H,296.4,307.5,1596,35.1,75,0,0,0,0,0,0,11.100000000000023,56019.600000000006,2632.5,23062.5
1039,L48218,L,296.6,307.6,1498,41.1,80,0,0,0,0,0,0,11.0,61567.8,3288.0,24608.0
1040,L48219,L,296.7,307.7,1524,36.8,82,0,0,0,0,0,0,11.0,56083.2,3017.6,25231.399999999998
1041,L48220,L,296.7,307.7,1502,43.9,84,0,0,0,0,0,0,11.0,65937.8,3687.6,25846.8
1042,L48221,L,296.6,307.6,1809,25.1,86,0,0,0,0,0,0,11.0,45405.9,2158.6,26453.600000000002
1043,L48222,L,296.6,307.6,1542,37.4,88,0,0,0,0,0,0,11.0,57670.799999999996,3291.2,27068.800000000003
1044,L48223,L,296.5,307.6,1431,45.2,90,0,0,0,0,0,0,11.100000000000023,64681.200000000004,4068.0000000000005,27684.000000000004
1045,L48224,L,296.5,307.6,1512,43.6,92,0,0,0,0,0,0,11.100000000000023,65923.2,4011.2000000000003,28299.2
1046,H30459,H,296.4,307.5,1403,52.8,94,0,0,0,0,0,0,11.100000000000023,74078.4,4963.2,28905.0
1047,L48226,L,296.4,307.5,1331,47.8,99,0,0,0,0,0,0,11.100000000000023,63621.799999999996,4732.2,30442.5
1048,M15907,M,296.6,307.7,1474,52.6,101,0,0,0,0,0,0,11.099999999999966,77532.40000000001,5312.6,31077.699999999997
1049,L48228,L,296.5,307.6,1607,33.5,104,0,0,0,0,0,0,11.100000000000023,53834.5,3484.0,31990.4
1050,L48229,L,296.5,307.6,1415,44.2,106,0,0,0,0,0,0,11.100000000000023,62543.00000000001,4685.200000000001,32605.600000000002
1051,L48230,L,296.6,307.6,1671,28.8,108,0,0,0,0,0,0,11.0,48124.8,3110.4,33220.8
1052,L48231,L,296.6,307.7,1556,37.7,110,0,0,0,0,0,0,11.099999999999966,58661.200000000004,4147.0,33847.0
1053,L48232,L,296.7,307.7,1927,23.9,112,0,0,0,0,0,0,11.0,46055.299999999996,2676.7999999999997,34462.4
1054,M15913,M,296.7,307.7,1597,32.1,114,0,0,0,0,0,0,11.0,51263.700000000004,3659.4,35077.799999999996
1055,H30468,H,296.8,307.8,1627,30.5,117,0,0,0,0,0,0,11.0,49623.5,3568.5,36012.6
1056,L48235,L,296.8,307.8,1480,39.4,122,0,0,0,0,0,0,11.0,58312.0,4806.8,37551.6
1057,L48236,L,296.8,307.8,1565,39.5,124,0,0,0,0,0,0,11.0,61817.5,4898.0,38167.200000000004
1058,L48237,L,296.8,307.8,1573,36.4,126,0,0,0,0,0,0,11.0,57257.2,4586.4,38782.8
1059,L48238,L,296.7,307.8,1605,31.3,128,0,0,0,0,0,0,11.100000000000023,50236.5,4006.4,39398.4
1060,M15919,M,296.7,307.9,1874,21.3,130,0,0,0,0,0,0,11.199999999999989,39916.200000000004,2769.0,40027.0
1061,H30474,H,296.7,307.9,1424,53.8,133,0,0,0,0,0,0,11.199999999999989,76611.2,7155.4,40950.7
1062,L48241,L,296.7,307.9,1420,50.1,138,0,0,0,0,0,0,11.199999999999989,71142.0,6913.8,42490.2
1063,L48242,L,296.8,307.9,1372,49.0,140,0,0,0,0,0,0,11.099999999999966,67228.0,6860.0,43106.0
1064,M15923,M,296.8,307.8,1664,32.8,142,0,0,0,0,0,0,11.0,54579.2,4657.599999999999,43707.6
1065,M15924,M,296.8,307.9,1409,44.3,145,0,0,0,0,0,0,11.099999999999966,62418.7,6423.5,44645.5
1066,L48245,L,296.8,307.9,1718,25.2,148,0,0,0,0,0,0,11.099999999999966,43293.6,3729.6,45569.2
1067,M15926,M,296.9,307.8,1544,40.3,150,0,0,0,0,0,0,10.900000000000034,62223.2,6045.0,46170.0
1068,L48247,L,296.9,307.8,1466,45.7,153,0,0,0,0,0,0,10.900000000000034,66996.2,6992.1,47093.4
1069,L48248,L,296.8,307.8,1394,47.7,155,0,0,0,0,0,0,11.0,66493.8,7393.5,47709.0
1070,M15929,M,296.9,307.8,1840,24.6,157,0,0,0,0,0,0,10.900000000000034,45264.0,3862.2000000000003,48324.6
1071,M15930,M,296.9,307.8,1477,37.2,160,0,0,0,0,0,0,10.900000000000034,54944.4,5952.0,49248.0
1072,L48251,L,296.9,307.8,1425,49.1,163,0,0,0,0,0,0,10.900000000000034,69967.5,8003.3,50171.4
1073,M15932,M,297.0,307.9,1414,46.2,165,0,0,0,0,0,0,10.899999999999977,65326.8,7623.000000000001,50803.49999999999
1074,L48253,L,297.0,307.8,1414,47.5,168,0,0,0,0,0,0,10.800000000000011,67165.0,7980.0,51710.4
1075,L48254,L,297.0,307.9,1595,31.7,170,0,0,0,0,0,0,10.899999999999977,50561.5,5389.0,52342.99999999999
1076,H30489,H,296.9,307.8,1345,54.5,172,0,0,0,0,0,0,10.900000000000034,73302.5,9374.0,52941.6
1077,L48256,L,296.9,307.7,1653,35.9,177,0,0,0,0,0,0,10.800000000000011,59342.7,6354.3,54462.9
1078,L48257,L,296.8,307.6,1547,36.5,179,0,0,0,0,0,0,10.800000000000011,56465.5,6533.5,55060.4
1079,H30492,H,296.9,307.7,1656,30.8,181,0,0,0,0,0,0,10.800000000000011,51004.8,5574.8,55693.7
1080,L48259,L,297.0,307.7,1731,28.5,186,0,0,0,0,0,0,10.699999999999989,49333.5,5301.0,57232.2
1081,L48260,L,297.0,307.8,1774,28.0,188,0,0,0,0,0,0,10.800000000000011,49672.0,5264.0,57866.4
1082,L48261,L,297.0,307.8,1521,40.2,190,0,0,0,0,0,0,10.800000000000011,61144.200000000004,7638.000000000001,58482.0
1083,H30496,H,297.1,307.9,1420,39.8,192,0,0,0,0,0,0,10.799999999999955,56515.99999999999,7641.599999999999,59116.799999999996
1084,L48263,L,297.0,307.8,1683,32.3,197,0,0,0,0,0,0,10.800000000000011,54360.899999999994,6363.099999999999,60636.600000000006
1085,M15944,M,297.0,307.7,1498,47.1,199,0,0,0,0,0,0,10.699999999999989,70555.8,9372.9,61232.299999999996
1086,L48265,L,297.0,307.8,1385,56.4,202,1,0,0,0,1,0,10.800000000000011,78114.0,11392.8,62175.600000000006
1087,L48266,L,297.0,307.9,1455,49.0,204,0,0,0,0,0,0,10.899999999999977,71295.0,9996.0,62811.6
1088,H30501,H,296.9,307.8,1549,35.8,206,1,1,0,0,0,0,10.900000000000034,55454.2,7374.799999999999,63406.8
1089,M15948,M,296.9,307.8,1392,43.9,0,0,0,0,0,0,0,10.900000000000034,61108.799999999996,0.0,0.0
1090,M15949,M,296.9,307.7,2008,17.5,3,0,0,0,0,0,0,10.800000000000011,35140.0,52.5,923.0999999999999
1091,L48270,L,296.9,307.7,1464,41.4,6,0,0,0,0,0,0,10.800000000000011,60609.6,248.39999999999998,1846.1999999999998
1092,L48271,L,297.0,307.7,1447,46.4,8,0,0,0,0,0,0,10.699999999999989,67140.8,371.2,2461.6
1093,M15952,M,296.9,307.6,1685,32.0,10,0,0,0,0,0,0,10.700000000000045,53920.0,320.0,3076.0
1094,M15953,M,296.8,307.5,1443,39.2,13,0,0,0,0,0,0,10.699999999999989,56565.600000000006,509.6,3997.5
1095,L48274,L,296.9,307.5,1354,44.4,16,0,0,0,0,0,0,10.600000000000023,60117.6,710.4,4920.0
1096,L48275,L,296.9,307.5,2721,9.3,18,1,0,0,1,0,0,10.600000000000023,25305.300000000003,167.4,5535.0
1097,L48276,L,297.0,307.6,1680,35.8,20,0,0,0,0,0,0,10.600000000000023,60143.99999999999,716.0,6152.0
1098,H30511,H,296.9,307.5,1397,48.3,22,0,0,0,0,0,0,10.600000000000023,67475.09999999999,1062.6,6765.0
1099,M15958,M,296.9,307.4,1521,37.9,27,0,0,0,0,0,0,10.5,57645.9,1023.3,8299.8
1100,M15959,M,296.8,307.4,1472,43.9,30,0,0,0,0,0,0,10.599999999999966,64620.799999999996,1317.0,9222.0
1101,H30514,H,296.8,307.5,1695,30.0,33,0,0,0,0,0,0,10.699999999999989,50850.0,990.0,10147.5
1102,H30515,H,296.7,307.5,1607,33.6,38,0,0,0,0,0,0,10.800000000000011,53995.200000000004,1276.8,11685.0
1103,L48282,L,296.8,307.5,1347,54.8,43,0,0,0,0,0,0,10.699999999999989,73815.59999999999,2356.4,13222.5
1104,M15963,M,296.7,307.4,1540,38.7,45,0,0,0,0,0,0,10.699999999999989,59598.00000000001,1741.5000000000002,13832.999999999998
1105,L48284,L,296.6,307.4,1389,42.7,48,0,0,0,0,0,0,10.799999999999955,59310.3,2049.6000000000004,14755.199999999999
1106,M15965,M,296.6,307.5,1734,27.0,50,0,0,0,0,0,0,10.899999999999977,46818.0,1350.0,15375.0
1107,L48286,L,296.7,307.6,1540,38.6,53,0,0,0,0,0,0,10.900000000000034,59444.0,2045.8000000000002,16302.800000000001
1108,M15967,M,296.7,307.5,1515,42.1,55,0,0,0,0,0,0,10.800000000000011,63781.5,2315.5,16912.5
1109,L48288,L,296.6,307.4,1504,45.8,58,0,0,0,0,0,0,10.799999999999955,68883.2,2656.3999999999996,17829.199999999997
1110,L48289,L,296.6,307.5,1557,35.1,60,0,0,0,0,0,0,10.899999999999977,54650.700000000004,2106.0,18450.0
1111,L48290,L,296.5,307.4,1292,52.5,62,0,0,0,0,0,0,10.899999999999977,67830.0,3255.0,19058.8
1112,H30525,H,296.5,307.4,1432,49.2,64,0,0,0,0,0,0,10.899999999999977,70454.40000000001,3148.8,19673.6
1113,M15972,M,296.5,307.4,1350,55.6,69,0,0,0,0,0,0,10.899999999999977,75060.0,3836.4,21210.6
1114,M15973,M,296.6,307.4,1790,25.8,72,0,0,0,0,0,0,10.799999999999955,46182.0,1857.6000000000001,22132.8
1115,H30528,H,296.4,307.3,1540,37.4,75,0,0,0,0,0,0,10.900000000000034,57596.0,2805.0,23047.5
1116,M15975,M,296.4,307.3,2077,19.1,80,0,0,0,0,0,0,10.900000000000034,39670.700000000004,1528.0,24584.0
1117,L48296,L,296.4,307.3,1487,37.5,83,0,0,0,0,0,0,10.900000000000034,55762.5,3112.5,25505.9
1118,L48297,L,296.5,307.4,1523,40.7,85,0,0,0,0,0,0,10.899999999999977,61986.100000000006,3459.5000000000005,26128.999999999996
1119,L48298,L,296.5,307.5,1443,41.8,87,0,0,0,0,0,0,11.0,60317.399999999994,3636.6,26752.5
1120,L48299,L,296.5,307.5,1340,59.1,89,0,0,0,0,0,0,11.0,79194.0,5259.900000000001,27367.5
1121,H30534,H,296.6,307.7,1654,31.0,91,0,0,0,0,0,0,11.099999999999966,51274.0,2821.0,28000.7
1122,L48301,L,296.6,307.6,1459,40.2,96,0,0,0,0,0,0,11.0,58651.8,3859.2000000000003,29529.600000000002
1123,L48302,L,296.5,307.6,1541,38.5,98,0,0,0,0,0,0,11.100000000000023,59328.5,3773.0,30144.800000000003
1124,H30537,H,296.6,307.7,1386,62.3,100,1,0,0,1,0,0,11.099999999999966,86347.8,6230.0,30770.0
1125,M15984,M,296.7,307.8,1258,69.0,105,1,0,0,1,0,0,11.100000000000023,86802.0,7245.0,32319.0
1126,M15985,M,296.7,307.8,1375,51.4,108,0,0,0,0,0,0,11.100000000000023,70675.0,5551.2,33242.4
1127,L48306,L,296.8,307.9,1706,30.8,111,0,0,0,0,0,0,11.099999999999966,52544.8,3418.8,34176.899999999994
1128,M15987,M,296.7,307.8,1672,32.4,113,0,0,0,0,0,0,11.100000000000023,54172.799999999996,3661.2,34781.4
1129,M15988,M,296.8,307.9,1843,25.2,116,0,0,0,0,0,0,11.099999999999966,46443.6,2923.2,35716.399999999994
1130,L48309,L,296.7,307.9,1690,29.6,119,0,0,0,0,0,0,11.199999999999989,50024.0,3522.4,36640.1
1131,L48310,L,296.8,307.9,1413,46.5,121,0,0,0,0,0,0,11.099999999999966,65704.5,5626.5,37255.899999999994
1132,L48311,L,296.8,307.9,1489,33.4,123,0,0,0,0,0,0,11.099999999999966,49732.6,4108.2,37871.7
1133,L48312,L,296.8,307.9,1271,61.4,125,0,0,0,0,0,0,11.099999999999966,78039.4,7675.0,38487.5
1134,M15993,M,296.8,307.9,1418,47.9,127,0,0,0,0,0,0,11.099999999999966,67922.2,6083.3,39103.299999999996
1135,M15994,M,296.9,307.8,1426,50.7,130,0,0,0,0,0,0,10.900000000000034,72298.2,6591.0,40014.0
1136,L48315,L,296.9,307.9,1535,39.2,133,0,0,0,0,0,0,11.0,60172.00000000001,5213.6,40950.7
1137,L48316,L,296.9,307.8,1557,38.1,135,0,0,0,0,0,0,10.900000000000034,59321.700000000004,5143.5,41553.0
1138,L48317,L,296.9,307.8,1653,29.7,137,0,0,0,0,0,0,10.900000000000034,49094.1,4068.9,42168.6
1139,L48318,L,296.9,307.9,1435,41.6,139,0,0,0,0,0,0,11.0,59696.0,5782.400000000001,42798.1
1140,M15999,M,297.0,307.9,1569,33.3,141,0,0,0,0,0,0,10.899999999999977,52247.7,4695.299999999999,43413.899999999994
1141,M16000,M,296.9,307.9,1385,44.8,144,0,0,0,0,0,0,11.0,62047.99999999999,6451.2,44337.6
1142,L48321,L,297.0,307.9,1635,31.6,147,0,0,0,0,0,0,10.899999999999977,51666.0,4645.2,45261.299999999996
1143,L48322,L,296.9,307.9,1423,43.9,149,0,0,0,0,0,0,11.0,62469.7,6541.099999999999,45877.1
1144,L48323,L,297.0,307.9,1479,39.2,151,0,0,0,0,0,0,10.899999999999977,57976.8,5919.200000000001,46492.899999999994
1145,L48324,L,297.0,307.9,1296,69.1,153,1,0,0,1,0,0,10.899999999999977,89553.59999999999,10572.3,47108.7
1146,L48325,L,297.0,307.8,1553,33.3,155,0,0,0,0,0,0,10.800000000000011,51714.899999999994,5161.5,47709.0
1147,L48326,L,297.0,307.9,1529,42.2,157,0,0,0,0,0,0,10.899999999999977,64523.8,6625.400000000001,48340.299999999996
1148,M16007,M,297.1,308.0,1690,25.6,159,0,0,0,0,0,0,10.899999999999977,43264.0,4070.4,48972.0
1149,L48328,L,297.1,308.0,1348,58.0,162,0,0,0,0,0,0,10.899999999999977,78184.0,9396.0,49896.0
1150,L48329,L,297.2,308.1,1446,38.5,164,0,0,0,0,0,0,10.900000000000034,55671.0,6314.0,50528.4
1151,L48330,L,297.1,307.9,1456,50.0,166,0,0,0,0,0,0,10.799999999999955,72800.0,8300.0,51111.399999999994
1152,L48331,L,297.0,307.9,1350,47.7,168,0,0,0,0,0,0,10.899999999999977,64395.00000000001,8013.6,51727.2
1153,L48332,L,297.1,307.9,1507,38.3,170,0,0,0,0,0,0,10.799999999999955,57718.1,6510.999999999999,52342.99999999999
1154,H30567,H,297.0,307.9,1448,45.6,172,0,0,0,0,0,0,10.899999999999977,66028.8,7843.2,52958.799999999996
1155,L48334,L,296.9,307.9,1626,29.9,177,0,0,0,0,0,0,11.0,48617.399999999994,5292.3,54498.299999999996
1156,H30569,H,297.0,307.9,1846,27.3,179,0,0,0,0,0,0,10.899999999999977,50395.8,4886.7,55114.1
1157,H30570,H,297.0,307.8,1404,40.7,184,0,0,0,0,0,0,10.800000000000011,57142.8,7488.8,56635.200000000004
1158,L48337,L,297.0,307.8,1583,37.2,189,0,0,0,0,0,0,10.800000000000011,58887.600000000006,7030.8,58174.200000000004
1159,L48338,L,297.0,307.9,1436,47.7,191,0,0,0,0,0,0,10.899999999999977,68497.2,9110.7,58808.899999999994
1160,L48339,L,297.0,307.8,1609,35.6,193,0,0,0,0,0,0,10.800000000000011,57280.4,6870.8,59405.4
1161,H30574,H,297.0,307.7,1834,23.8,195,0,0,0,0,0,0,10.699999999999989,43649.200000000004,4641.0,60001.5
1162,L48341,L,297.0,307.8,1316,61.2,200,1,0,0,0,1,0,10.800000000000011,80539.2,12240.0,61560.0
1163,L48342,L,296.9,307.8,1400,57.1,202,1,0,0,0,1,0,10.900000000000034,79940.0,11534.2,62175.600000000006
1164,L48343,L,296.9,307.9,1367,47.1,204,0,0,0,0,0,0,11.0,64385.700000000004,9608.4,62811.6
1165,L48344,L,297.1,308.1,1754,30.3,206,0,0,0,0,0,0,11.0,53146.200000000004,6241.8,63468.600000000006
1166,L48345,L,297.1,308.1,1487,34.6,208,0,0,0,0,0,0,11.0,51450.200000000004,7196.8,64084.8
1167,M16026,M,297.1,308.1,1506,37.7,210,0,0,0,0,0,0,11.0,56776.200000000004,7917.000000000001,64701.00000000001
1168,L48347,L,297.0,308.1,1362,52.5,213,1,0,0,0,1,0,11.100000000000023,71505.0,11182.5,65625.3
1169,L48348,L,297.1,308.1,1584,36.8,215,0,0,0,0,0,0,11.0,58291.2,7911.999999999999,66241.5
1170,L48349,L,297.0,308.1,1355,43.7,217,0,0,0,0,0,0,11.100000000000023,59213.50000000001,9482.900000000001,66857.70000000001
1171,M16030,M,297.1,308.1,1823,24.3,219,0,0,0,0,0,0,11.0,44298.9,5321.7,67473.90000000001
1172,H30585,H,297.0,308.1,1517,41.4,222,0,0,0,0,0,0,11.100000000000023,62803.799999999996,9190.8,68398.20000000001
1173,L48352,L,297.1,308.1,1446,36.6,227,0,0,0,0,0,0,11.0,52923.6,8308.2,69938.70000000001
1174,H30587,H,297.1,308.0,1559,38.8,229,0,0,0,0,0,0,10.899999999999977,60489.2,8885.199999999999,70532.0
1175,M16034,M,297.1,308.1,1352,44.4,0,0,0,0,0,0,0,11.0,60028.799999999996,0.0,0.0
1176,M16035,M,297.2,308.3,1578,37.8,3,0,0,0,0,0,0,11.100000000000023,59648.399999999994,113.39999999999999,924.9000000000001
1177,M16036,M,297.2,308.3,1429,42.0,6,0,0,0,0,0,0,11.100000000000023,60018.0,252.0,1849.8000000000002
1178,M16037,M,297.2,308.3,1604,39.4,9,0,0,0,0,0,0,11.100000000000023,63197.6,354.59999999999997,2774.7000000000003
1179,L48358,L,297.3,308.5,1398,60.4,12,0,0,0,0,0,0,11.199999999999989,84439.2,724.8,3702.0
1180,L48359,L,297.3,308.4,1441,43.4,14,0,0,0,0,0,0,11.099999999999966,62539.4,607.6,4317.599999999999
1181,H30594,H,297.3,308.4,1531,35.6,16,0,0,0,0,0,0,11.099999999999966,54503.6,569.6,4934.4
1182,L48361,L,297.2,308.3,1379,52.1,21,0,0,0,0,0,0,11.100000000000023,71845.90000000001,1094.1000000000001,6474.3
1183,L48362,L,297.3,308.3,1410,48.1,23,0,0,0,0,0,0,11.0,67821.0,1106.3,7090.900000000001
1184,L48363,L,297.3,308.4,1513,40.5,25,0,0,0,0,0,0,11.099999999999966,61276.5,1012.5,7709.999999999999
1185,L48364,L,297.3,308.5,1497,47.5,27,0,0,0,0,0,0,11.199999999999989,71107.5,1282.5,8329.5
1186,L48365,L,297.3,308.4,1491,46.5,29,0,0,0,0,0,0,11.099999999999966,69331.5,1348.5,8943.599999999999
1187,L48366,L,297.3,308.4,1417,47.8,31,0,0,0,0,0,0,11.099999999999966,67732.59999999999,1481.8,9560.4
1188,M16047,M,297.4,308.6,1522,38.0,33,0,0,0,0,0,0,11.200000000000045,57836.0,1254.0,10183.800000000001
1189,L48368,L,297.3,308.4,1339,52.1,36,0,0,0,0,0,0,11.099999999999966,69761.90000000001,1875.6000000000001,11102.4
1190,M16049,M,297.2,308.3,1794,27.5,38,0,0,0,0,0,0,11.100000000000023,49335.0,1045.0,11715.4
1191,L48370,L,297.2,308.4,1460,42.1,41,0,0,0,0,0,0,11.199999999999989,61466.0,1726.1000000000001,12644.4
1192,M16051,M,297.2,308.3,1776,28.0,43,0,0,0,0,0,0,11.100000000000023,49728.0,1204.0,13256.9
1193,M16052,M,297.2,308.3,1431,43.7,46,0,0,0,0,0,0,11.100000000000023,62534.700000000004,2010.2,14181.800000000001
1194,L48373,L,297.1,308.2,1347,50.8,49,0,0,0,0,0,0,11.099999999999966,68427.59999999999,2489.2,15101.8
1195,M16054,M,297.0,308.1,1507,43.1,51,0,0,0,0,0,0,11.100000000000023,64951.700000000004,2198.1,15713.1
1196,M16055,M,297.0,308.0,1408,47.9,54,0,0,0,0,0,0,11.0,67443.2,2586.6,16632.0
1197,M16056,M,297.0,307.9,1493,34.7,57,0,0,0,0,0,0,10.899999999999977,51807.100000000006,1977.9,17550.3
1198,M16057,M,296.9,307.9,1441,47.6,60,0,0,0,0,0,0,11.0,68591.6,2856.0,18474.0
1199,H30612,H,296.9,307.9,1557,36.5,63,0,0,0,0,0,0,11.0,56830.5,2299.5,19397.699999999997
1200,M16059,M,296.9,307.9,1979,20.4,68,0,0,0,0,0,0,11.0,40371.6,1387.1999999999998,20937.199999999997
1201,M16060,M,296.9,308.0,1430,55.9,71,0,0,0,0,0,0,11.100000000000023,79937.0,3968.9,21868.0
1202,L48381,L,296.9,308.0,1658,41.0,74,0,0,0,0,0,0,11.100000000000023,67978.0,3034.0,22792.0
1203,M16062,M,297.0,308.1,1355,51.4,76,0,0,0,0,0,0,11.100000000000023,69647.0,3906.4,23415.600000000002
1204,H30617,H,297.0,308.1,1410,47.6,79,0,0,0,0,0,0,11.100000000000023,67116.0,3760.4,24339.9
1205,L48384,L,296.9,308.0,1521,34.5,84,0,0,0,0,0,0,11.100000000000023,52474.5,2898.0,25872.0
1206,L48385,L,296.8,308.0,1371,54.5,86,0,0,0,0,0,0,11.199999999999989,74719.5,4687.0,26488.0
1207,H30620,H,296.9,308.0,1318,53.5,88,0,0,0,0,0,0,11.100000000000023,70513.0,4708.0,27104.0
1208,M16067,M,297.0,308.1,1573,34.9,93,0,0,0,0,0,0,11.100000000000023,54897.7,3245.7,28653.300000000003
1209,L48388,L,297.0,308.1,1489,44.1,96,0,0,0,0,0,0,11.100000000000023,65664.90000000001,4233.6,29577.600000000002
1210,H30623,H,297.0,308.1,2540,13.3,98,0,0,0,0,0,0,11.100000000000023,33782.0,1303.4,30193.800000000003
1211,L48390,L,297.0,308.1,1537,39.0,103,0,0,0,0,0,0,11.100000000000023,59943.0,4017.0,31734.300000000003
1212,H30625,H,296.9,308.0,1416,46.9,105,0,0,0,0,0,0,11.100000000000023,66410.4,4924.5,32340.0
1213,L48392,L,296.9,307.9,1359,56.5,110,0,0,0,0,0,0,11.0,76783.5,6215.0,33869.0
1214,M16073,M,296.8,307.8,1551,38.9,112,0,0,0,0,0,0,11.0,60333.899999999994,4356.8,34473.6
1215,M16074,M,296.8,307.8,1694,33.0,115,0,0,0,0,0,0,11.0,55902.0,3795.0,35397.0
1216,L48395,L,296.8,307.9,1709,28.4,118,0,0,0,0,0,0,11.099999999999966,48535.6,3351.2,36332.2
1217,L48396,L,296.9,308.0,1514,41.0,120,0,0,0,0,0,0,11.100000000000023,62074.0,4920.0,36960.0
1218,L48397,L,297.0,308.1,1455,43.5,122,0,0,0,0,0,0,11.100000000000023,63292.5,5307.0,37588.200000000004
1219,M16078,M,297.0,308.2,1702,30.7,124,0,0,0,0,0,0,11.199999999999989,52251.4,3806.7999999999997,38216.799999999996
1220,M16079,M,296.9,308.1,1357,41.8,127,0,0,0,0,0,0,11.200000000000045,56722.6,5308.599999999999,39128.700000000004
1221,L48400,L,297.0,308.2,1577,29.4,130,0,0,0,0,0,0,11.199999999999989,46363.799999999996,3822.0,40066.0
1222,M16081,M,297.0,308.3,1399,46.4,132,0,0,0,0,0,1,11.300000000000011,64913.6,6124.8,40695.6
1223,L48402,L,297.0,308.3,1399,59.0,135,0,0,0,0,0,0,11.300000000000011,82541.0,7965.0,41620.5
1224,L48403,L,297.0,308.3,1492,48.1,137,0,0,0,0,0,0,11.300000000000011,71765.2,6589.7,42237.1
1225,L48404,L,297.1,308.3,1763,25.7,139,0,0,0,0,0,0,11.199999999999989,45309.1,3572.2999999999997,42853.700000000004
1226,H30639,H,297.1,308.3,1492,41.5,141,0,0,0,0,0,0,11.199999999999989,61918.0,5851.5,43470.3
1227,L48406,L,297.1,308.4,1488,42.5,146,0,0,0,0,0,0,11.299999999999955,63240.0,6205.0,45026.399999999994
1228,L48407,L,297.1,308.4,1422,42.1,148,0,0,0,0,0,0,11.299999999999955,59866.200000000004,6230.8,45643.2
1229,M16088,M,297.1,308.4,1583,38.2,150,0,0,0,0,0,0,11.299999999999955,60470.600000000006,5730.0,46260.0
1230,L48409,L,297.1,308.4,1304,53.5,153,0,0,0,0,0,0,11.299999999999955,69764.0,8185.5,47185.2
1231,M16090,M,297.1,308.4,1880,23.5,155,0,0,0,0,0,0,11.299999999999955,44180.0,3642.5,47802.0
1232,M16091,M,297.2,308.5,1604,40.7,158,0,0,0,0,0,0,11.300000000000011,65282.8,6430.6,48743.0
1233,L48412,L,297.2,308.6,1500,37.1,161,0,0,0,0,0,0,11.400000000000034,55650.0,5973.1,49684.600000000006
1234,M16093,M,297.2,308.5,1364,55.6,163,0,0,0,0,0,0,11.300000000000011,75838.40000000001,9062.800000000001,50285.5
1235,H30648,H,297.2,308.5,2440,14.0,166,0,0,0,0,0,0,11.300000000000011,34160.0,2324.0,51211.0
1236,H30649,H,297.1,308.4,1654,31.4,171,0,0,0,0,0,0,11.299999999999955,51935.6,5369.4,52736.399999999994
1237,H30650,H,297.1,308.4,1359,46.6,176,0,0,0,0,0,0,11.299999999999955,63329.4,8201.6,54278.399999999994
1238,M16097,M,297.1,308.4,1502,37.3,181,0,0,0,0,0,0,11.299999999999955,56024.6,6751.299999999999,55820.399999999994
1239,M16098,M,297.1,308.4,1615,32.6,184,0,0,0,0,0,0,11.299999999999955,52649.0,5998.400000000001,56745.6
1240,H30653,H,297.2,308.5,1482,39.3,187,0,0,0,0,0,0,11.300000000000011,58242.6,7349.099999999999,57689.5
1241,L48420,L,297.2,308.6,1636,31.3,192,0,0,0,0,0,0,11.400000000000034,51206.8,6009.6,59251.200000000004
1242,M16101,M,297.1,308.5,1621,32.4,194,0,0,0,0,0,0,11.399999999999977,52520.399999999994,6285.599999999999,59849.0
1243,L48422,L,297.1,308.4,1468,44.4,197,0,0,0,0,0,0,11.299999999999955,65179.2,8746.8,60754.799999999996
1244,M16103,M,297.1,308.4,1432,53.4,199,0,0,0,0,0,0,11.299999999999955,76468.8,10626.6,61371.6
1245,L48424,L,297.1,308.4,1726,28.4,202,0,0,0,0,0,0,11.299999999999955,49018.399999999994,5736.799999999999,62296.799999999996
1246,M16105,M,297.1,308.4,1588,33.4,204,0,0,0,0,0,0,11.299999999999955,53039.2,6813.599999999999,62913.6
1247,H30660,H,297.2,308.5,1653,33.3,207,0,0,0,0,0,0,11.300000000000011,55044.899999999994,6893.099999999999,63859.5
1248,L48427,L,297.2,308.5,1513,42.9,212,0,0,0,0,0,0,11.300000000000011,64907.7,9094.8,65402.0
1249,L48428,L,297.2,308.6,1489,40.2,214,0,0,0,0,0,0,11.400000000000034,59857.8,8602.800000000001,66040.40000000001
1250,L48429,L,297.3,308.7,1467,36.8,216,0,0,0,0,0,0,11.399999999999977,53985.6,7948.799999999999,66679.2
1251,L48430,L,297.3,308.7,1549,36.1,218,0,0,0,0,0,0,11.399999999999977,55918.9,7869.8,67296.59999999999
1252,M16111,M,297.4,308.8,1359,48.7,220,0,0,0,0,0,0,11.400000000000034,66183.3,10714.0,67936.0
1253,L48432,L,297.5,308.8,1533,41.5,223,0,0,0,0,0,0,11.300000000000011,63619.5,9254.5,68862.40000000001
1254,L48433,L,297.5,308.8,1309,57.3,0,0,0,0,0,0,0,11.300000000000011,75005.7,0.0,0.0
1255,H30668,H,297.5,308.8,1430,49.4,2,0,0,0,0,0,0,11.300000000000011,70642.0,98.8,617.6
1256,H30669,H,297.5,308.9,1419,50.7,7,0,0,0,0,0,0,11.399999999999977,71943.3,354.90000000000003,2162.2999999999997
1257,M16116,M,297.5,308.9,1535,37.7,12,0,0,0,0,0,0,11.399999999999977,57869.50000000001,452.40000000000003,3706.7999999999997
1258,L48437,L,297.5,308.9,1466,43.0,15,0,0,0,0,0,0,11.399999999999977,63038.0,645.0,4633.5
1259,L48438,L,297.5,308.9,1427,50.4,17,0,0,0,0,0,0,11.399999999999977,71920.8,856.8,5251.299999999999
1260,M16119,M,297.5,308.9,1280,48.5,19,0,0,0,0,0,0,11.399999999999977,62080.0,921.5,5869.099999999999
1261,L48440,L,297.6,309.0,1528,33.8,22,0,0,0,0,0,0,11.399999999999977,51646.399999999994,743.5999999999999,6798.0
1262,H30675,H,297.6,309.0,1885,25.2,24,0,0,0,0,0,0,11.399999999999977,47502.0,604.8,7416.0
1263,H30676,H,297.8,309.2,1648,33.0,29,0,0,0,0,0,0,11.399999999999977,54384.0,957.0,8966.8
1264,L48443,L,297.8,309.2,1400,56.9,34,0,0,0,0,0,0,11.399999999999977,79660.0,1934.6,10512.8
1265,M16124,M,297.8,309.3,2243,15.7,36,0,0,0,0,0,0,11.5,35215.1,565.1999999999999,11134.800000000001
1266,L48445,L,297.9,309.4,1558,35.7,39,0,0,0,0,0,0,11.5,55620.600000000006,1392.3000000000002,12066.599999999999
1267,L48446,L,298.0,309.6,1633,34.8,41,0,0,0,0,0,0,11.600000000000023,56828.399999999994,1426.8,12693.6
1268,M16127,M,298.1,309.6,1549,38.7,43,0,0,0,0,0,0,11.5,59946.3,1664.1000000000001,13312.800000000001
1269,L48448,L,298.0,309.5,1496,45.8,46,0,0,0,0,0,0,11.5,68516.8,2106.7999999999997,14237.0
1270,L48449,L,298.1,309.5,1467,41.8,48,0,0,0,0,0,0,11.399999999999977,61320.6,2006.3999999999999,14856.0
1271,M16130,M,298.0,309.4,1276,65.9,50,0,0,0,0,0,0,11.399999999999977,84088.40000000001,3295.0000000000005,15469.999999999998
1272,H30685,H,298.0,309.4,1490,40.5,53,0,0,0,0,0,0,11.399999999999977,60345.0,2146.5,16398.199999999997
1273,H30686,H,298.0,309.4,1562,38.1,58,0,0,0,0,0,0,11.399999999999977,59512.200000000004,2209.8,17945.199999999997
1274,L48453,L,298.1,309.4,1397,48.2,63,0,0,0,0,0,0,11.299999999999955,67335.40000000001,3036.6000000000004,19492.199999999997
1275,H30688,H,298.1,309.5,1530,40.2,65,0,0,0,0,0,0,11.399999999999977,61506.00000000001,2613.0,20117.5
1276,M16135,M,298.1,309.4,1362,47.6,70,0,0,0,0,0,0,11.299999999999955,64831.200000000004,3332.0,21658.0
1277,M16136,M,298.2,309.4,1693,34.4,73,0,0,0,0,0,0,11.199999999999989,58239.2,2511.2,22586.199999999997
1278,M16137,M,298.2,309.4,1408,46.5,76,0,0,0,0,0,0,11.199999999999989,65472.0,3534.0,23514.399999999998
1279,L48458,L,298.2,309.4,1398,52.9,79,0,0,0,0,0,0,11.199999999999989,73954.2,4179.099999999999,24442.6
1280,M16139,M,298.3,309.6,1531,40.1,81,0,0,0,0,0,0,11.300000000000011,61393.1,3248.1,25077.600000000002
1281,H30694,H,298.3,309.5,1521,37.1,84,0,0,0,0,0,0,11.199999999999989,56429.1,3116.4,25998.0
1282,H30695,H,298.3,309.5,1427,54.3,89,0,0,0,0,0,0,11.199999999999989,77486.09999999999,4832.7,27545.5
1283,L48462,L,298.3,309.4,1546,36.1,94,0,0,0,0,0,0,11.099999999999966,55810.600000000006,3393.4,29083.6
1284,L48463,L,298.3,309.4,1356,45.4,96,0,0,0,0,0,0,11.099999999999966,61562.4,4358.4,29702.399999999998
1285,L48464,L,298.4,309.5,2153,15.3,98,1,0,0,1,0,0,11.100000000000023,32940.9,1499.4,30331.0
1286,M16145,M,298.5,309.6,1492,41.7,100,0,0,0,0,0,0,11.100000000000023,62216.4,4170.0,30960.000000000004
1287,L48466,L,298.5,309.6,1582,40.3,103,0,0,0,0,0,0,11.100000000000023,63754.6,4150.9,31888.800000000003
1288,L48467,L,298.5,309.6,1419,41.5,105,0,0,0,0,0,0,11.100000000000023,58888.5,4357.5,32508.000000000004
1289,M16148,M,298.5,309.6,1441,48.2,107,0,0,0,0,0,0,11.100000000000023,69456.2,5157.400000000001,33127.200000000004
1290,M16149,M,298.6,309.7,1635,32.2,110,0,0,0,0,0,0,11.099999999999966,52647.00000000001,3542.0000000000005,34067.0
1291,L48470,L,298.6,309.7,1429,45.8,113,0,0,0,0,0,0,11.099999999999966,65448.2,5175.4,34996.1
1292,M16151,M,298.6,309.7,1675,28.4,115,0,0,0,0,0,0,11.099999999999966,47570.0,3266.0,35615.5
1293,M16152,M,298.7,309.7,1868,23.8,118,0,0,0,0,0,0,11.0,44458.4,2808.4,36544.6
1294,H30707,H,298.7,309.8,1582,33.4,121,0,0,0,0,0,0,11.100000000000023,52838.799999999996,4041.3999999999996,37485.8
1295,L48474,L,298.8,309.9,1486,40.3,126,0,0,0,0,0,0,11.099999999999966,59885.799999999996,5077.799999999999,39047.399999999994
1296,L48475,L,298.7,309.8,1402,54.3,128,0,0,0,0,0,0,11.100000000000023,76128.59999999999,6950.4,39654.4
1297,L48476,L,298.7,309.9,1621,34.1,130,0,0,0,0,0,0,11.199999999999989,55276.100000000006,4433.0,40287.0
1298,L48477,L,298.8,309.9,1428,42.4,132,0,0,0,0,0,0,11.099999999999966,60547.2,5596.8,40906.799999999996
1299,M16158,M,298.7,309.8,1343,53.6,134,0,0,0,0,0,0,11.100000000000023,71984.8,7182.400000000001,41513.200000000004
1300,M16159,M,298.7,309.9,1458,40.2,137,0,0,0,0,0,0,11.199999999999989,58611.600000000006,5507.400000000001,42456.299999999996
1301,L48480,L,298.7,309.8,1322,57.0,140,0,0,0,0,0,0,11.100000000000023,75354.0,7980.0,43372.0
1302,L48481,L,298.7,309.9,1483,32.8,142,0,0,0,0,0,0,11.199999999999989,48642.399999999994,4657.599999999999,44005.799999999996
1303,L48482,L,298.6,309.8,1505,45.7,144,0,0,0,0,0,1,11.199999999999989,68778.5,6580.8,44611.200000000004
1304,L48483,L,298.7,309.9,1593,42.5,146,0,0,0,0,0,0,11.199999999999989,67702.5,6205.0,45245.399999999994
1305,L48484,L,298.8,310.0,2098,19.6,148,0,0,0,0,0,0,11.199999999999989,41120.8,2900.8,45880.0
1306,L48485,L,298.8,310.0,1672,30.4,150,0,0,0,0,0,0,11.199999999999989,50828.799999999996,4560.0,46500.0
1307,L48486,L,298.8,310.0,1487,41.4,152,0,0,0,0,0,0,11.199999999999989,61561.799999999996,6292.8,47120.0
1308,L48487,L,298.8,310.0,1423,42.1,154,0,0,0,0,0,0,11.199999999999989,59908.3,6483.400000000001,47740.0
1309,L48488,L,298.9,310.1,1750,25.0,156,0,0,0,0,0,0,11.200000000000045,43750.0,3900.0,48375.600000000006
1310,L48489,L,298.9,310.2,1654,31.1,158,0,0,0,0,0,0,11.300000000000011,51439.4,4913.8,49011.6
1311,L48490,L,298.9,310.2,1498,50.2,160,0,0,0,0,0,0,11.300000000000011,75199.6,8032.0,49632.0
1312,L48491,L,298.9,310.1,1587,30.2,162,0,0,0,0,0,0,11.200000000000045,47927.4,4892.4,50236.200000000004
1313,L48492,L,298.9,310.1,1473,42.6,164,0,0,0,0,0,0,11.200000000000045,62749.8,6986.400000000001,50856.4
1314,L48493,L,298.9,310.2,1359,56.9,166,0,0,0,0,0,0,11.300000000000011,77327.09999999999,9445.4,51493.2
1315,M16174,M,299.0,310.3,1635,34.5,168,0,0,0,0,0,0,11.300000000000011,56407.5,5796.0,52130.4
1316,L48495,L,299.0,310.3,1520,45.0,171,0,0,0,0,0,0,11.300000000000011,68400.0,7695.0,53061.3
1317,L48496,L,299.0,310.3,1507,36.7,173,0,0,0,0,0,0,11.300000000000011,55306.9,6349.1,53681.9
1318,L48497,L,299.0,310.3,1428,46.3,175,0,0,0,0,0,0,11.300000000000011,66116.4,8102.499999999999,54302.5
1319,M16178,M,299.0,310.3,1582,33.3,177,0,0,0,0,0,0,11.300000000000011,52680.6,5894.099999999999,54923.1
1320,L48499,L,299.0,310.3,1929,24.4,180,0,0,0,0,0,0,11.300000000000011,47067.6,4392.0,55854.0
1321,M16180,M,299.0,310.3,1540,38.1,182,0,0,0,0,0,0,11.300000000000011,58674.0,6934.2,56474.6
1322,L48501,L,298.9,310.2,1362,53.0,185,0,0,0,0,0,0,11.300000000000011,72186.0,9805.0,57387.0
1323,H30736,H,298.9,310.1,1452,49.9,187,0,0,0,0,0,0,11.200000000000045,72454.8,9331.3,57988.700000000004
1324,L48503,L,298.9,310.1,1361,51.7,192,0,0,0,0,0,0,11.200000000000045,70363.7,9926.400000000001,59539.200000000004
1325,M16184,M,298.8,310.1,1243,74.5,194,1,0,0,1,1,0,11.300000000000011,92603.5,14453.0,60159.4
1326,H30739,H,298.8,310.1,1567,36.8,197,0,0,0,0,0,0,11.300000000000011,57665.6,7249.599999999999,61089.700000000004
1327,L48506,L,298.9,310.2,1411,46.5,202,0,0,0,0,0,0,11.300000000000011,65611.5,9393.0,62660.399999999994
1328,L48507,L,298.8,310.2,1814,26.8,204,0,0,0,0,0,0,11.399999999999977,48615.200000000004,5467.2,63280.799999999996
1329,M16188,M,298.8,310.1,1719,28.8,206,0,0,0,0,0,0,11.300000000000011,49507.200000000004,5932.8,63880.600000000006
1330,H30743,H,298.8,310.2,1663,30.4,209,0,0,0,0,0,0,11.399999999999977,50555.2,6353.599999999999,64831.799999999996
1331,L48510,L,298.9,310.2,1696,30.2,214,0,0,0,0,0,0,11.300000000000011,51219.2,6462.8,66382.8
1332,H30745,H,298.9,310.2,1771,26.8,216,0,0,0,0,0,0,11.300000000000011,47462.8,5788.8,67003.2
1333,L48512,L,299.0,310.3,1868,24.0,221,0,0,0,0,0,0,11.300000000000011,44832.0,5304.0,68576.3
1334,M16193,M,299.0,310.3,1558,35.4,223,0,0,0,0,0,0,11.300000000000011,55153.2,7894.2,69196.90000000001
1335,L48514,L,299.0,310.4,1365,49.1,226,1,0,0,0,1,0,11.399999999999977,67021.5,11096.6,70150.4
1336,L48515,L,299.0,310.4,1371,53.8,228,1,0,0,0,1,0,11.399999999999977,73759.8,12266.4,70771.2
1337,L48516,L,298.9,310.3,1583,32.6,230,0,0,0,0,0,0,11.400000000000034,51605.8,7498.0,71369.0
1338,H30751,H,298.7,310.2,1613,36.0,0,0,0,0,0,0,0,11.5,58068.0,0.0,0.0
1339,L48518,L,298.6,310.1,1721,27.2,5,0,0,0,0,0,0,11.5,46811.2,136.0,1550.5
1340,M16199,M,298.6,310.2,1668,31.5,7,0,0,0,0,0,0,11.599999999999966,52542.0,220.5,2171.4
1341,L48520,L,298.6,310.2,1569,36.3,10,0,0,0,0,0,0,11.599999999999966,56954.7,363.0,3102.0
1342,M16201,M,298.6,310.2,1328,50.5,12,0,0,0,0,0,0,11.599999999999966,67064.0,606.0,3722.3999999999996
1343,M16202,M,298.6,310.1,1596,33.0,15,0,0,0,0,0,0,11.5,52668.0,495.0,4651.5
1344,L48523,L,298.5,310.2,1676,32.7,18,0,0,0,0,0,0,11.699999999999989,54805.200000000004,588.6,5583.599999999999
1345,L48524,L,298.5,310.1,1809,28.9,20,0,0,0,0,0,0,11.600000000000023,52280.1,578.0,6202.0
1346,L48525,L,298.5,310.0,1804,26.1,22,0,0,0,0,0,0,11.5,47084.4,574.2,6820.0
1347,L48526,L,298.6,310.1,1533,33.9,24,0,0,0,0,0,0,11.5,51968.7,813.5999999999999,7442.400000000001
1348,L48527,L,298.7,310.2,1717,27.3,26,0,0,0,0,0,0,11.5,46874.1,709.8000000000001,8065.2
1349,L48528,L,298.7,310.2,1363,45.5,28,0,0,0,0,0,0,11.5,62016.5,1274.0,8685.6
1350,L48529,L,298.7,310.2,1402,45.9,30,0,0,0,0,0,0,11.5,64351.799999999996,1377.0,9306.0
1351,L48530,L,298.7,310.2,1436,47.5,32,0,0,0,0,0,0,11.5,68210.0,1520.0,9926.4
1352,L48531,L,298.7,310.2,1525,43.7,34,0,0,0,0,0,0,11.5,66642.5,1485.8000000000002,10546.8
1353,M16212,M,298.7,310.2,1598,33.3,36,0,0,0,0,0,0,11.5,53213.399999999994,1198.8,11167.199999999999
1354,M16213,M,298.6,310.1,1444,48.1,39,0,0,0,0,0,0,11.5,69456.40000000001,1875.9,12093.900000000001
1355,L48534,L,298.6,310.0,1334,48.0,42,0,0,0,0,0,0,11.399999999999977,64032.0,2016.0,13020.0
1356,M16215,M,298.6,310.0,1681,35.5,44,0,0,0,0,0,0,11.399999999999977,59675.5,1562.0,13640.0
1357,L48536,L,298.6,309.9,1593,37.4,47,0,0,0,0,0,0,11.299999999999955,59578.2,1757.8,14565.3
1358,L48537,L,298.6,309.9,1461,45.7,49,0,0,0,0,0,0,11.299999999999955,66767.7,2239.3,15185.099999999999
1359,M16218,M,298.7,310.1,1693,31.9,51,0,0,0,0,0,0,11.400000000000034,54006.7,1626.8999999999999,15815.1
1360,L48539,L,298.7,310.2,1404,50.3,54,0,0,0,0,0,0,11.5,70621.2,2716.2,16750.8
1361,H30774,H,298.8,310.2,1707,27.6,56,0,0,0,0,0,0,11.399999999999977,47113.200000000004,1545.6000000000001,17371.2
1362,M16221,M,298.6,310.1,1458,41.9,61,0,0,0,0,0,0,11.5,61090.2,2555.9,18916.100000000002
1363,L48542,L,298.6,310.0,1517,41.2,64,0,0,0,0,0,0,11.399999999999977,62500.4,2636.8,19840.0
1364,L48543,L,298.7,310.1,1433,54.6,66,0,0,0,0,0,0,11.400000000000034,78241.8,3603.6,20466.600000000002
1365,L48544,L,298.7,310.2,1566,33.1,68,0,0,0,0,0,0,11.5,51834.600000000006,2250.8,21093.6
1366,L48545,L,298.7,310.1,1676,33.5,70,0,0,0,0,0,0,11.400000000000034,56146.0,2345.0,21707.0
1367,M16226,M,298.7,310.1,1368,56.8,72,0,0,0,0,0,0,11.400000000000034,77702.4,4089.6,22327.2
1368,M16227,M,298.8,310.2,1581,37.5,75,0,0,0,0,0,0,11.399999999999977,59287.5,2812.5,23265.0
1369,H30782,H,298.8,310.3,1708,27.1,78,0,0,0,0,0,0,11.5,46286.8,2113.8,24203.4
1370,M16229,M,298.7,310.3,1481,41.5,83,0,0,0,0,0,0,11.600000000000023,61461.5,3444.5,25754.9
1371,L48550,L,298.7,310.3,1451,40.0,86,0,0,0,0,0,0,11.600000000000023,58040.0,3440.0,26685.8
1372,M16231,M,298.7,310.3,1495,38.7,88,0,0,0,0,0,0,11.600000000000023,57856.50000000001,3405.6000000000004,27306.4
1373,M16232,M,298.8,310.3,1573,41.8,91,0,0,0,0,0,0,11.5,65751.4,3803.7999999999997,28237.3
1374,M16233,M,298.8,310.3,1366,59.0,94,0,0,0,0,0,0,11.5,80594.0,5546.0,29168.2
1375,L48554,L,298.8,310.3,1553,36.8,97,0,0,0,0,0,0,11.5,57150.399999999994,3569.6,30099.100000000002
1376,M16235,M,298.8,310.3,1528,37.1,99,0,0,0,0,0,0,11.5,56688.8,3672.9,30719.7
1377,M16236,M,298.8,310.2,1527,31.2,102,0,0,0,0,0,0,11.399999999999977,47642.4,3182.4,31640.399999999998
1378,L48557,L,298.8,310.2,1461,46.7,105,0,0,0,0,0,0,11.399999999999977,68228.7,4903.5,32571.0
1379,H30792,H,298.8,310.2,1455,44.9,107,0,0,0,0,0,0,11.399999999999977,65329.5,4804.3,33191.4
1380,L48559,L,298.7,310.1,1620,34.8,112,0,0,0,0,0,0,11.400000000000034,56375.99999999999,3897.5999999999995,34731.200000000004
1381,L48560,L,298.7,310.1,1786,27.7,114,0,0,0,0,0,0,11.400000000000034,49472.2,3157.7999999999997,35351.4
1382,M16241,M,298.8,310.2,1583,35.7,116,0,0,0,0,0,0,11.399999999999977,56513.100000000006,4141.200000000001,35983.2
1383,L48562,L,298.8,310.1,1653,30.3,119,0,0,0,0,0,0,11.300000000000011,50085.9,3605.7000000000003,36901.9
1384,M16243,M,298.9,310.2,1331,49.0,121,0,0,0,0,0,0,11.300000000000011,65219.0,5929.0,37534.2
1385,L48564,L,298.9,310.3,1484,43.8,124,0,0,0,0,0,0,11.400000000000034,64999.2,5431.2,38477.200000000004
1386,M16245,M,298.9,310.2,1603,36.1,126,0,0,0,0,0,0,11.300000000000011,57868.3,4548.6,39085.2
1387,L48566,L,298.9,310.2,1445,40.0,129,0,0,0,0,0,0,11.300000000000011,57800.0,5160.0,40015.799999999996
1388,L48567,L,298.9,310.1,1823,26.1,131,0,0,0,0,0,0,11.200000000000045,47580.3,3419.1000000000004,40623.100000000006
1389,H30802,H,298.9,310.1,1491,45.3,133,0,0,0,0,0,0,11.200000000000045,67542.3,6024.9,41243.3
1390,L48569,L,298.9,310.2,1533,42.8,138,0,0,0,0,0,0,11.300000000000011,65612.4,5906.4,42807.6
1391,L48570,L,298.9,310.2,1409,54.8,140,0,0,0,0,0,0,11.300000000000011,77213.2,7672.0,43428.0
1392,L48571,L,298.9,310.2,2737,8.8,142,1,0,0,1,0,0,11.300000000000011,24085.600000000002,1249.6000000000001,44048.4
1393,M16252,M,299.0,310.3,1494,46.6,144,0,0,0,0,0,0,11.300000000000011,69620.40000000001,6710.400000000001,44683.200000000004
1394,L48573,L,299.1,310.4,1594,33.3,147,0,0,0,0,0,0,11.299999999999955,53080.2,4895.099999999999,45628.799999999996
1395,L48574,L,299.1,310.4,1527,44.0,149,0,0,0,0,0,0,11.299999999999955,67188.0,6556.0,46249.6
1396,L48575,L,299.1,310.4,1452,39.7,151,0,0,0,0,0,0,11.299999999999955,57644.4,5994.700000000001,46870.399999999994
1397,L48576,L,299.0,310.3,1483,39.2,153,0,0,0,0,0,0,11.300000000000011,58133.600000000006,5997.6,47475.9
1398,L48577,L,299.1,310.2,1569,38.2,155,0,0,0,0,0,0,11.099999999999966,59935.8,5921.0,48081.0
1399,L48578,L,299.1,310.3,1472,46.6,157,0,0,0,0,0,0,11.199999999999989,68595.2,7316.2,48717.1
1400,L48579,L,299.0,310.2,1533,43.5,159,0,0,0,0,0,0,11.199999999999989,66685.5,6916.5,49321.799999999996
1401,H30814,H,298.9,310.1,1366,62.7,161,0,0,0,0,0,0,11.200000000000045,85648.2,10094.7,49926.100000000006
1402,H30815,H,298.9,310.2,1532,37.7,166,0,0,0,0,0,0,11.300000000000011,57756.4,6258.200000000001,51493.2
1403,M16262,M,298.9,310.1,1313,56.8,171,0,0,0,0,0,0,11.200000000000045,74578.4,9712.8,53027.100000000006
1404,L48583,L,299.0,310.2,1372,48.0,174,0,0,0,0,0,0,11.199999999999989,65856.0,8352.0,53974.799999999996
1405,M16264,M,298.9,310.1,1555,40.6,176,0,0,0,0,0,0,11.200000000000045,63133.0,7145.6,54577.600000000006
1406,L48585,L,298.9,310.1,1394,42.7,179,0,0,0,0,0,0,11.200000000000045,59523.8,7643.3,55507.9
1407,L48586,L,298.9,310.1,1442,48.0,181,0,0,0,0,0,0,11.200000000000045,69216.0,8688.0,56128.100000000006
1408,L48587,L,298.9,310.0,1564,33.8,183,0,0,0,0,0,0,11.100000000000023,52863.2,6185.4,56730.0
1409,L48588,L,298.9,310.0,1452,48.9,185,0,0,0,0,0,0,11.100000000000023,71002.8,9046.5,57350.0
1410,L48589,L,298.9,310.1,1466,42.5,187,0,0,0,0,0,0,11.200000000000045,62305.0,7947.5,57988.700000000004
1411,M16270,M,298.9,310.1,1469,53.2,189,0,0,0,0,0,0,11.200000000000045,78150.8,10054.800000000001,58608.9
1412,L48591,L,298.9,310.1,1944,23.4,192,0,0,0,0,0,0,11.200000000000045,45489.6,4492.799999999999,59539.200000000004
1413,M16272,M,298.8,309.9,1415,53.2,194,0,0,0,0,0,0,11.099999999999966,75278.0,10320.800000000001,60120.6
1414,M16273,M,298.7,309.8,1528,36.7,197,0,0,0,0,0,0,11.100000000000023,56077.600000000006,7229.900000000001,61030.600000000006
1415,M16274,M,298.7,309.8,1570,42.1,200,0,0,0,0,0,0,11.100000000000023,66097.0,8420.0,61960.0
1416,L48595,L,298.7,309.9,1617,33.0,203,0,0,0,0,0,0,11.199999999999989,53361.0,6699.0,62909.7
1417,M16276,M,298.7,309.9,2083,18.2,205,0,0,0,0,0,0,11.199999999999989,37910.6,3731.0,63529.49999999999
1418,L48597,L,298.7,309.9,1541,38.5,208,0,0,0,0,0,0,11.199999999999989,59328.5,8008.0,64459.2
1419,L48598,L,298.8,309.9,1320,47.4,210,0,0,0,0,0,0,11.099999999999966,62568.0,9954.0,65078.99999999999
1420,L48599,L,298.7,309.8,1354,53.3,212,1,0,0,0,1,0,11.100000000000023,72168.2,11299.599999999999,65677.6
1421,M16280,M,298.8,309.9,1495,35.2,214,0,0,0,0,0,0,11.099999999999966,52624.00000000001,7532.8,66318.59999999999
1422,L48601,L,298.7,309.8,1589,31.8,217,0,0,0,0,0,0,11.100000000000023,50530.200000000004,6900.6,67226.6
1423,L48602,L,298.7,309.8,1530,35.5,0,0,0,0,0,0,0,11.100000000000023,54315.0,0.0,0.0
1424,L48603,L,298.7,309.8,1539,33.4,2,0,0,0,0,0,0,11.100000000000023,51402.6,66.8,619.6
1425,L48604,L,298.7,309.7,1462,46.8,4,0,0,0,0,0,0,11.0,68421.59999999999,187.2,1238.8
1426,L48605,L,298.6,309.7,1356,54.0,6,0,0,0,0,0,0,11.099999999999966,73224.0,324.0,1858.1999999999998
1427,M16286,M,298.7,309.7,1622,34.6,8,0,0,0,0,0,0,11.0,56121.200000000004,276.8,2477.6
1428,L48607,L,298.7,309.8,1394,40.3,11,0,0,0,0,0,0,11.100000000000023,56178.2,443.29999999999995,3407.8
1429,L48608,L,298.8,309.9,1568,33.7,13,0,0,0,0,0,0,11.099999999999966,52841.600000000006,438.1,4028.7
1430,M16289,M,298.9,310.0,1456,43.8,15,0,0,0,0,0,0,11.100000000000023,63772.799999999996,657.0,4650.0
1431,L48610,L,298.9,310.0,1378,49.3,18,0,0,0,0,0,0,11.100000000000023,67935.4,887.4,5580.0
1432,M16291,M,298.9,309.9,1404,41.4,20,0,0,0,0,0,0,11.0,58125.6,828.0,6198.0
1433,L48612,L,298.8,309.8,1437,42.8,23,0,0,0,0,0,0,11.0,61503.6,984.4,7125.400000000001
1434,L48613,L,298.8,309.8,1363,44.0,25,0,0,0,0,0,0,11.0,59972.0,1100.0,7745.0
1435,M16294,M,298.8,309.8,1377,49.6,27,0,0,0,0,0,0,11.0,68299.2,1339.2,8364.6
1436,H30849,H,298.8,309.9,1526,42.1,30,0,0,0,0,0,0,11.099999999999966,64244.6,1263.0,9297.0
1437,H30850,H,298.8,309.8,1510,44.2,35,0,0,0,0,0,0,11.0,66742.0,1547.0,10843.0
1438,H30851,H,298.8,309.9,1439,45.2,40,1,0,0,0,0,0,11.099999999999966,65042.8,1808.0,12396.0
1439,L48618,L,298.8,309.9,1482,39.1,45,0,0,0,0,0,0,11.099999999999966,57946.200000000004,1759.5,13945.499999999998
1440,M16299,M,298.8,309.8,1534,37.0,47,0,0,0,0,0,0,11.0,56758.0,1739.0,14560.6
1441,M16300,M,298.8,309.9,1741,27.7,50,0,0,0,0,0,0,11.099999999999966,48225.7,1385.0,15494.999999999998
1442,L48621,L,298.8,309.9,1550,38.8,53,0,0,0,0,0,0,11.099999999999966,60139.99999999999,2056.3999999999996,16424.699999999997
1443,M16302,M,298.8,310.0,1486,38.5,55,0,0,0,0,0,0,11.199999999999989,57211.0,2117.5,17050.0
1444,L48623,L,298.9,310.1,1602,38.2,58,0,0,0,0,0,0,11.200000000000045,61196.4,2215.6000000000004,17985.800000000003
1445,L48624,L,299.0,310.2,1477,37.9,60,0,0,0,0,0,0,11.199999999999989,55978.299999999996,2274.0,18612.0
1446,L48625,L,299.0,310.1,1618,29.2,62,0,0,0,0,0,0,11.100000000000023,47245.6,1810.3999999999999,19226.2
1447,M16306,M,299.0,310.2,1628,35.8,64,0,0,0,0,0,0,11.199999999999989,58282.399999999994,2291.2,19852.8
1448,M16307,M,299.0,310.3,1662,33.6,67,0,0,0,0,0,0,11.300000000000011,55843.200000000004,2251.2000000000003,20790.100000000002
1449,M16308,M,299.0,310.3,1657,31.0,70,0,0,0,0,0,0,11.300000000000011,51367.0,2170.0,21721.0
1450,H30863,H,299.0,310.4,1677,30.8,73,0,0,0,0,0,0,11.399999999999977,51651.6,2248.4,22659.199999999997
1451,M16310,M,299.0,310.3,1447,39.9,78,0,0,0,0,0,0,11.300000000000011,57735.299999999996,3112.2,24203.4
1452,L48631,L,298.9,310.4,1831,25.4,81,0,0,0,0,0,0,11.5,46507.399999999994,2057.4,25142.399999999998
1453,L48632,L,299.0,310.3,1584,34.4,83,0,0,0,0,0,0,11.300000000000011,54489.6,2855.2,25754.9
1454,L48633,L,299.1,310.4,1450,40.9,85,0,0,0,0,0,0,11.299999999999955,59305.0,3476.5,26383.999999999996
1455,L48634,L,299.1,310.4,1428,46.9,87,0,0,0,0,0,0,11.299999999999955,66973.2,4080.2999999999997,27004.8
1456,L48635,L,299.0,310.4,1382,53.0,89,0,0,0,0,0,0,11.399999999999977,73246.0,4717.0,27625.6
1457,L48636,L,299.0,310.3,1501,43.0,91,0,0,0,0,0,0,11.300000000000011,64543.0,3913.0,28237.3
1458,L48637,L,299.0,310.3,1475,42.4,93,0,0,0,0,0,0,11.300000000000011,62540.0,3943.2,28857.9
1459,L48638,L,298.9,310.3,1364,54.0,95,0,0,0,0,0,0,11.400000000000034,73656.0,5130.0,29478.5
1460,L48639,L,299.0,310.3,1472,36.1,97,0,0,0,0,0,0,11.300000000000011,53139.200000000004,3501.7000000000003,30099.100000000002
1461,L48640,L,299.0,310.3,1437,47.8,99,0,0,0,0,0,0,11.300000000000011,68688.59999999999,4732.2,30719.7
1462,L48641,L,298.9,310.2,1491,45.1,101,0,0,0,0,0,0,11.300000000000011,67244.1,4555.1,31330.199999999997
1463,L48642,L,298.9,310.2,1706,27.6,103,0,0,0,0,0,0,11.300000000000011,47085.600000000006,2842.8,31950.6
1464,L48643,L,298.8,310.1,1607,39.5,105,0,0,0,0,0,0,11.300000000000011,63476.5,4147.5,32560.500000000004
1465,L48644,L,298.8,310.0,1412,46.3,107,0,0,0,0,0,0,11.199999999999989,65375.6,4954.099999999999,33170.0
1466,L48645,L,298.7,309.8,1546,40.9,109,0,0,0,0,0,0,11.100000000000023,63231.399999999994,4458.099999999999,33768.200000000004
1467,L48646,L,298.7,309.8,1365,50.5,111,0,0,0,0,0,0,11.100000000000023,68932.5,5605.5,34387.8
1468,L48647,L,298.6,309.8,1544,30.2,113,0,0,0,0,0,0,11.199999999999989,46628.799999999996,3412.6,35007.4
1469,M16328,M,298.6,309.8,1419,44.9,115,0,0,0,0,0,0,11.199999999999989,63713.1,5163.5,35627.0
1470,L48649,L,298.6,309.8,1497,41.6,118,0,0,0,0,0,0,11.199999999999989,62275.200000000004,4908.8,36556.4
1471,L48650,L,298.5,309.7,1437,42.6,120,0,0,0,0,0,0,11.199999999999989,61216.200000000004,5112.0,37164.0
1472,L48651,L,298.5,309.6,1421,53.6,122,0,0,0,0,0,0,11.100000000000023,76165.6,6539.2,37771.200000000004
1473,M16332,M,298.5,309.6,1438,44.5,124,0,0,0,0,0,0,11.100000000000023,63991.0,5518.0,38390.4
1474,M16333,M,298.5,309.5,1315,48.9,127,0,0,0,0,0,0,11.0,64303.5,6210.3,39306.5
1475,M16334,M,298.5,309.5,1366,61.9,130,0,0,0,0,0,0,11.0,84555.4,8047.0,40235.0
1476,M16335,M,298.4,309.5,1519,35.4,133,0,0,0,0,0,0,11.100000000000023,53772.6,4708.2,41163.5
1477,L48656,L,298.4,309.5,1692,28.3,136,0,0,0,0,0,0,11.100000000000023,47883.6,3848.8,42092.0
1478,L48657,L,298.3,309.4,1570,35.6,138,0,0,0,0,0,0,11.099999999999966,55892.0,4912.8,42697.2
1479,L48658,L,298.3,309.4,1568,35.8,140,0,0,0,0,0,0,11.099999999999966,56134.399999999994,5012.0,43316.0
1480,L48659,L,298.2,309.3,1355,43.8,142,0,0,0,0,0,0,11.100000000000023,59348.99999999999,6219.599999999999,43920.6
1481,M16340,M,298.2,309.3,2056,18.7,144,0,0,0,0,0,0,11.100000000000023,38447.2,2692.7999999999997,44539.200000000004
1482,M16341,M,298.2,309.2,1332,60.2,147,0,0,0,0,0,0,11.0,80186.40000000001,8849.4,45452.4
1483,M16342,M,298.1,309.1,1448,52.5,150,0,0,0,0,0,0,11.0,76020.0,7875.0,46365.0
1484,L48663,L,298.0,308.9,1578,35.6,153,0,0,0,0,0,0,10.899999999999977,56176.8,5446.8,47261.7
1485,M16344,M,298.0,309.0,1562,39.2,155,0,0,0,0,0,0,11.0,61230.4,6076.0,47895.0
1486,M16345,M,298.1,309.0,1976,19.3,158,0,0,0,0,0,0,10.899999999999977,38136.8,3049.4,48822.0
1487,M16346,M,298.2,309.2,1524,34.6,161,0,0,0,0,0,0,11.0,52730.4,5570.6,49781.2
1488,L48667,L,298.2,309.1,1429,48.5,164,0,0,0,0,0,0,10.900000000000034,69306.5,7954.0,50692.4
1489,L48668,L,298.2,309.1,1568,36.3,166,0,0,0,0,0,0,10.900000000000034,56918.399999999994,6025.799999999999,51310.600000000006
1490,M16349,M,298.2,309.0,1723,26.6,168,0,0,0,0,0,0,10.800000000000011,45831.8,4468.8,51912.0
1491,L48670,L,298.2,309.0,1341,43.8,171,0,0,0,0,0,0,10.800000000000011,58735.799999999996,7489.799999999999,52839.0
1492,M16351,M,298.1,308.9,1353,46.2,173,0,0,0,0,0,0,10.799999999999955,62508.600000000006,7992.6,53439.7
1493,M16352,M,298.0,308.7,1479,58.5,176,1,0,0,1,0,0,10.699999999999989,86521.5,10296.0,54331.2
1494,L48673,L,298.0,308.8,1496,44.9,179,0,0,0,0,0,0,10.800000000000011,67170.4,8037.099999999999,55275.200000000004
1495,M16354,M,298.0,308.7,1377,48.5,181,0,0,0,0,0,0,10.699999999999989,66784.5,8778.5,55874.7
1496,H30909,H,297.9,308.5,1383,44.6,184,0,0,0,0,0,0,10.600000000000023,61681.8,8206.4,56764.0
1497,L48676,L,298.0,308.7,1268,69.4,189,1,0,0,1,1,0,10.699999999999989,87999.20000000001,13116.6,58344.299999999996
1498,L48677,L,298.0,308.7,1629,34.3,191,0,0,0,0,0,0,10.699999999999989,55874.7,6551.299999999999,58961.7
1499,L48678,L,298.0,308.8,1790,27.2,193,0,0,0,0,0,0,10.800000000000011,48688.0,5249.599999999999,59598.4
1500,M16359,M,298.1,308.8,2206,16.3,195,0,0,0,0,0,0,10.699999999999989,35957.8,3178.5,60216.0
1501,M16360,M,298.0,308.7,2101,17.4,198,0,0,0,0,0,0,10.699999999999989,36557.399999999994,3445.2,61122.6
1502,M16361,M,298.0,308.7,1436,48.2,201,0,0,0,0,0,0,10.699999999999989,69215.2,9688.2,62048.7
1503,L48682,L,298.0,308.7,1462,48.2,204,0,0,0,0,0,0,10.699999999999989,70468.40000000001,9832.800000000001,62974.799999999996
1504,L48683,L,298.0,308.7,1771,26.2,206,0,0,0,0,0,0,10.699999999999989,46400.2,5397.2,63592.2
1505,L48684,L,298.0,308.7,1506,47.0,208,0,0,0,0,0,0,10.699999999999989,70782.0,9776.0,64209.6
1506,L48685,L,298.0,308.7,1626,36.7,210,0,0,0,0,0,0,10.699999999999989,59674.200000000004,7707.000000000001,64827.0
1507,L48686,L,298.0,308.8,1610,33.7,212,0,0,0,0,0,0,10.800000000000011,54257.00000000001,7144.400000000001,65465.600000000006
1508,M16367,M,298.0,308.6,1376,55.7,214,0,0,0,0,0,0,10.600000000000023,76643.2,11919.800000000001,66040.40000000001
1509,M16368,M,298.0,308.6,1507,37.3,217,0,0,0,0,0,0,10.600000000000023,56211.1,8094.099999999999,66966.20000000001
1510,L48689,L,298.0,308.5,1429,37.7,220,1,1,0,0,0,0,10.5,53873.3,8294.0,67870.0
1511,M16370,M,298.1,308.7,1547,38.9,0,0,0,0,0,0,0,10.599999999999966,60178.299999999996,0.0,0.0
1512,L48691,L,298.1,308.7,1642,30.3,3,0,0,0,0,0,0,10.599999999999966,49752.6,90.9,926.0999999999999
1513,H30926,H,298.0,308.7,1503,36.3,5,0,0,0,0,0,0,10.699999999999989,54558.899999999994,181.5,1543.5
1514,L48693,L,298.1,308.7,1568,32.9,10,0,0,0,0,0,0,10.599999999999966,51587.2,329.0,3087.0
1515,M16374,M,298.1,308.8,1628,37.6,12,0,0,0,0,0,0,10.699999999999989,61212.8,451.20000000000005,3705.6000000000004
1516,M16375,M,298.2,308.9,1614,35.5,15,0,0,0,0,0,0,10.699999999999989,57297.0,532.5,4633.5
1517,L48696,L,298.2,308.9,1278,54.0,18,0,0,0,0,0,0,10.699999999999989,69012.0,972.0,5560.2
1518,M16377,M,298.2,308.9,1408,38.8,20,0,0,0,0,0,0,10.699999999999989,54630.399999999994,776.0,6178.0
1519,H30932,H,298.2,309.0,1371,55.7,23,0,0,0,0,0,0,10.800000000000011,76364.7,1281.1000000000001,7107.0
1520,M16379,M,298.2,308.9,1512,38.5,28,0,0,0,0,0,0,10.699999999999989,58212.0,1078.0,8649.199999999999
1521,L48700,L,298.3,309.1,1472,40.1,31,0,0,0,0,0,0,10.800000000000011,59027.200000000004,1243.1000000000001,9582.1
1522,M16381,M,298.2,308.9,1585,34.3,33,0,0,0,0,0,0,10.699999999999989,54365.49999999999,1131.8999999999999,10193.699999999999
1523,H30936,H,298.2,309.0,1562,37.7,36,0,0,0,0,0,0,10.800000000000011,58887.4,1357.2,11124.0
1524,L48703,L,298.3,309.0,1519,36.9,41,0,0,0,0,0,0,10.699999999999989,56051.1,1512.8999999999999,12669.0
1525,L48704,L,298.2,309.0,1601,35.8,43,0,0,0,0,0,0,10.800000000000011,57315.799999999996,1539.3999999999999,13287.0
1526,L48705,L,298.2,309.0,2449,13.8,45,0,0,0,0,0,0,10.800000000000011,33796.200000000004,621.0,13905.0
1527,L48706,L,298.1,309.0,1787,27.6,47,0,0,0,0,0,0,10.899999999999977,49321.200000000004,1297.2,14523.0
1528,H30941,H,298.1,309.1,1425,44.5,49,0,0,0,0,0,0,11.0,63412.5,2180.5,15145.900000000001
1529,L48708,L,298.1,309.0,1559,34.0,54,0,0,0,0,0,0,10.899999999999977,53006.0,1836.0,16686.0
1530,L48709,L,298.1,309.0,1557,36.0,56,0,0,0,0,0,0,10.899999999999977,56052.0,2016.0,17304.0
1531,L48710,L,298.1,309.0,1497,40.5,58,0,0,0,0,0,0,10.899999999999977,60628.5,2349.0,17922.0
1532,H30945,H,298.1,309.0,1438,41.4,60,0,0,0,0,0,0,10.899999999999977,59533.2,2484.0,18540.0
1533,M16392,M,298.1,308.9,1417,39.2,65,0,0,0,0,0,0,10.799999999999955,55546.4,2548.0,20078.5
1534,M16393,M,298.0,308.9,1339,51.4,68,0,0,0,0,0,0,10.899999999999977,68824.59999999999,3495.2,21005.199999999997
1535,L48714,L,298.0,308.8,1757,29.1,71,0,0,0,0,0,0,10.800000000000011,51128.700000000004,2066.1,21924.8
1536,L48715,L,298.0,308.8,1581,36.1,73,0,0,0,0,0,0,10.800000000000011,57074.100000000006,2635.3,22542.4
1537,M16396,M,298.2,308.9,1326,54.4,75,0,0,0,0,0,0,10.699999999999989,72134.4,4080.0,23167.5
1538,M16397,M,298.4,309.1,1467,39.6,78,0,0,0,0,0,0,10.700000000000045,58093.200000000004,3088.8,24109.800000000003
1539,L48718,L,298.4,309.1,1798,29.6,81,0,0,0,0,0,0,10.700000000000045,53220.8,2397.6,25037.100000000002
1540,M16399,M,298.5,309.2,1449,46.4,83,0,0,0,0,0,0,10.699999999999989,67233.59999999999,3851.2,25663.6
1541,M16400,M,298.4,309.1,1525,39.3,86,0,0,0,0,0,0,10.700000000000045,59932.49999999999,3379.7999999999997,26582.600000000002
1542,L48721,L,298.4,309.0,2304,15.1,89,0,0,0,0,0,0,10.600000000000023,34790.4,1343.8999999999999,27501.0
1543,L48722,L,298.3,308.9,1379,54.7,91,0,0,0,0,0,0,10.599999999999966,75431.3,4977.7,28109.899999999998
1544,L48723,L,298.4,308.9,1628,34.9,93,0,0,0,0,0,0,10.5,56817.2,3245.7,28727.699999999997
1545,L48724,L,298.4,309.0,1474,52.7,95,0,0,0,0,0,0,10.600000000000023,77679.8,5006.5,29355.0
1546,M16405,M,298.4,309.0,1544,38.8,97,0,0,0,0,0,0,10.600000000000023,59907.2,3763.6,29973.0
1547,L48726,L,298.4,308.9,1391,48.4,100,0,0,0,0,0,0,10.5,67324.4,4840.0,30889.999999999996
1548,L48727,L,298.3,308.9,1348,55.5,102,0,0,0,0,0,0,10.599999999999966,74814.0,5661.0,31507.8
1549,M16408,M,298.3,308.8,1349,52.1,104,0,0,0,0,0,0,10.5,70282.90000000001,5418.400000000001,32115.2
1550,L48729,L,298.4,308.9,1706,29.5,107,0,0,0,0,0,0,10.5,50327.0,3156.5,33052.299999999996
1551,L48730,L,298.4,308.9,1638,32.4,109,0,0,0,0,0,0,10.5,53071.2,3531.6,33670.1
1552,L48731,L,298.4,308.8,1458,40.1,111,0,0,0,0,0,0,10.400000000000034,58465.8,4451.1,34276.8
1553,L48732,L,298.5,308.9,1781,27.8,113,0,0,0,0,0,0,10.399999999999977,49511.8,3141.4,34905.7
1554,L48733,L,298.5,308.8,1332,59.1,115,0,0,0,0,0,0,10.300000000000011,78721.2,6796.5,35512.0
1555,M16414,M,298.4,308.7,1584,31.7,117,0,0,0,0,0,0,10.300000000000011,50212.799999999996,3708.9,36117.9
1556,L48735,L,298.4,308.6,1491,42.0,120,0,0,0,0,0,0,10.200000000000045,62622.0,5040.0,37032.0
1557,H30970,H,298.4,308.5,1398,47.1,122,0,0,0,0,0,0,10.100000000000023,65845.8,5746.2,37637.0
1558,L48737,L,298.3,308.4,1585,30.6,127,0,0,0,0,0,0,10.099999999999966,48501.0,3886.2000000000003,39166.799999999996
1559,M16418,M,298.2,308.3,1476,43.5,129,0,0,0,0,0,0,10.100000000000023,64206.0,5611.5,39770.700000000004
1560,L48739,L,298.2,308.3,1458,41.8,132,0,0,0,0,0,0,10.100000000000023,60944.399999999994,5517.599999999999,40695.6
1561,M16420,M,298.2,308.4,1510,39.9,134,0,0,0,0,0,0,10.199999999999989,60249.0,5346.599999999999,41325.6
1562,L48741,L,298.2,308.4,1388,53.8,137,0,0,0,0,0,0,10.199999999999989,74674.4,7370.599999999999,42250.799999999996
1563,L48742,L,298.2,308.3,2216,16.8,139,0,0,0,0,0,0,10.100000000000023,37228.8,2335.2000000000003,42853.700000000004
1564,L48743,L,298.2,308.3,1402,51.0,141,0,0,0,0,0,0,10.100000000000023,71502.0,7191.0,43470.3
1565,M16424,M,298.0,308.2,2090,19.0,143,0,0,0,0,0,0,10.199999999999989,39710.0,2717.0,44072.6
1566,L48745,L,298.0,308.2,1459,42.1,146,0,0,0,0,0,0,10.199999999999989,61423.9,6146.6,44997.2
1567,M16426,M,298.0,308.1,1403,44.8,148,0,0,0,0,0,0,10.100000000000023,62854.399999999994,6630.4,45598.8
1568,L48747,L,298.1,308.2,1521,39.3,151,0,0,0,0,0,0,10.099999999999966,59775.299999999996,5934.299999999999,46538.2
1569,L48748,L,298.2,308.2,1407,47.1,153,0,0,0,0,0,0,10.0,66269.7,7206.3,47154.6
1570,M16429,M,298.1,308.2,1654,35.3,155,0,0,0,0,0,0,10.099999999999966,58386.2,5471.5,47771.0
1571,L48750,L,298.2,308.4,1452,43.5,158,0,0,0,0,0,0,10.199999999999989,63162.0,6873.0,48727.2
1572,L48751,L,298.3,308.4,1528,37.3,160,0,0,0,0,0,0,10.099999999999966,56994.399999999994,5968.0,49344.0
1573,L48752,L,298.2,308.3,1230,59.6,162,0,0,0,0,0,0,10.100000000000023,73308.0,9655.2,49944.6
1574,L48753,L,298.2,308.2,1466,42.4,164,0,0,0,0,0,0,10.0,62158.4,6953.599999999999,50544.799999999996
1575,L48754,L,298.2,308.2,1478,50.1,166,0,0,0,0,0,0,10.0,74047.8,8316.6,51161.2
1576,L48755,L,298.2,308.3,2057,18.0,168,0,0,0,0,0,0,10.100000000000023,37026.0,3024.0,51794.4
1577,L48756,L,298.3,308.4,1490,41.7,170,0,0,0,0,0,0,10.099999999999966,62133.00000000001,7089.000000000001,52427.99999999999
1578,L48757,L,298.3,308.4,1484,43.4,172,0,0,0,0,0,0,10.099999999999966,64405.6,7464.8,53044.799999999996
1579,L48758,L,298.3,308.4,1593,37.0,174,0,0,0,0,0,0,10.099999999999966,58941.0,6438.0,53661.6
1580,L48759,L,298.3,308.3,1444,43.8,176,0,0,0,0,0,0,10.0,63247.2,7708.799999999999,54260.8
1581,M16440,M,298.3,308.4,1444,47.5,178,0,0,0,0,0,0,10.099999999999966,68590.0,8455.0,54895.2
1582,M16441,M,298.2,308.3,1560,33.0,181,0,0,0,0,0,0,10.100000000000023,51480.0,5973.0,55802.3
1583,H30996,H,298.1,308.3,1530,42.0,184,0,0,0,0,0,0,10.199999999999989,64260.0,7728.0,56727.200000000004
1584,L48763,L,298.2,308.4,1310,61.0,189,1,0,0,0,1,0,10.199999999999989,79910.0,11529.0,58287.6
1585,M16444,M,298.2,308.3,1639,33.3,191,0,0,0,0,0,0,10.100000000000023,54578.7,6360.299999999999,58885.3
1586,L48765,L,298.2,308.3,1400,48.7,194,0,0,0,0,0,0,10.100000000000023,68180.0,9447.800000000001,59810.200000000004
1587,M16446,M,298.3,308.4,1486,44.2,196,0,0,0,0,0,0,10.099999999999966,65681.2,8663.2,60446.399999999994
1588,M16447,M,298.2,308.3,1448,43.3,199,0,0,0,0,0,0,10.100000000000023,62698.399999999994,8616.699999999999,61351.700000000004
1589,L48768,L,298.2,308.3,1688,32.0,202,0,0,0,0,0,0,10.100000000000023,54016.0,6464.0,62276.600000000006
1590,M16449,M,298.1,308.3,1453,41.5,204,0,0,0,0,0,0,10.199999999999989,60299.5,8466.0,62893.200000000004
1591,L48770,L,298.2,308.4,1497,37.7,207,0,0,0,0,0,0,10.199999999999989,56436.9,7803.900000000001,63838.799999999996
1592,L48771,L,298.2,308.4,1355,49.4,209,0,0,0,0,0,0,10.199999999999989,66937.0,10324.6,64455.6
1593,L48772,L,298.1,308.4,1592,38.2,211,0,0,0,0,0,0,10.299999999999955,60814.4,8060.200000000001,65072.399999999994
1594,L48773,L,298.0,308.3,1544,34.7,213,0,0,0,0,0,0,10.300000000000011,53576.8,7391.1,65667.90000000001
1595,M16454,M,298.0,308.2,1373,51.2,215,0,0,0,0,0,0,10.199999999999989,70297.6,11008.0,66263.0
1596,L48775,L,298.0,308.2,1365,52.9,218,1,0,0,0,1,0,10.199999999999989,72208.5,11532.199999999999,67187.59999999999
1597,L48776,L,298.0,308.1,1877,24.3,0,0,0,0,0,0,0,10.100000000000023,45611.1,0.0,0.0
1598,L48777,L,297.9,308.1,1531,40.8,2,0,0,0,0,0,0,10.200000000000045,62464.799999999996,81.6,616.2
1599,L48778,L,297.9,308.0,1501,36.7,4,0,0,0,0,0,0,10.100000000000023,55086.700000000004,146.8,1232.0
1600,L48779,L,297.9,308.0,1490,46.2,6,0,0,0,0,0,0,10.100000000000023,68838.0,277.20000000000005,1848.0
1601,M16460,M,297.8,307.8,1543,43.7,8,0,0,0,0,0,0,10.0,67429.1,349.6,2462.4
1602,L48781,L,297.8,307.8,1597,38.2,11,0,0,0,0,0,0,10.0,61005.4,420.20000000000005,3385.8
1603,H31016,H,297.8,307.9,1600,33.5,13,0,0,0,0,0,0,10.099999999999966,53600.0,435.5,4002.7
1604,M16463,M,297.8,307.8,1622,32.1,18,0,0,0,0,0,0,10.0,52066.200000000004,577.8000000000001,5540.400000000001
1605,L48784,L,297.8,307.8,1452,39.8,21,0,0,0,0,0,0,10.0,57789.6,835.8,6463.8
1606,L48785,L,297.8,307.8,1396,42.5,23,0,0,0,0,0,0,10.0,59330.0,977.5,7079.400000000001
1607,L48786,L,297.8,307.7,1505,39.7,25,0,0,0,0,0,0,9.899999999999977,59748.50000000001,992.5000000000001,7692.5
1608,L48787,L,297.8,307.8,1412,48.3,27,0,0,0,0,0,0,10.0,68199.59999999999,1304.1,8310.6
1609,L48788,L,297.8,307.7,1393,38.0,29,0,0,0,0,0,0,9.899999999999977,52934.0,1102.0,8923.3
1610,L48789,L,297.7,307.7,1581,34.9,31,0,0,0,0,0,0,10.0,55176.899999999994,1081.8999999999999,9538.699999999999
1611,L48790,L,297.8,307.8,1573,37.9,33,0,0,0,0,0,0,10.0,59616.7,1250.7,10157.4
1612,M16471,M,297.8,307.9,1726,27.3,35,0,0,0,0,0,0,10.099999999999966,47119.8,955.5,10776.5
1613,M16472,M,297.9,307.9,1540,39.8,38,0,0,0,0,0,0,10.0,61291.99999999999,1512.3999999999999,11700.199999999999
1614,L48793,L,297.9,308.0,1296,62.9,41,0,0,0,0,0,0,10.100000000000023,81518.4,2578.9,12628.0
1615,M16474,M,297.8,307.9,1802,25.8,43,0,0,0,0,0,0,10.099999999999966,46491.6,1109.4,13239.699999999999
1616,L48795,L,297.8,307.9,1447,48.6,46,0,0,0,0,0,0,10.099999999999966,70324.2,2235.6,14163.4
1617,H31030,H,297.8,307.8,1662,30.7,48,0,0,0,0,0,0,10.0,51023.4,1473.6,14774.400000000001
1618,L48797,L,297.8,307.8,1563,34.3,53,0,0,0,0,0,0,10.0,53610.899999999994,1817.8999999999999,16313.400000000001
1619,L48798,L,297.9,307.8,1286,59.5,55,0,0,0,0,0,0,9.900000000000034,76517.0,3272.5,16929.0
1620,L48799,L,297.9,307.7,1590,34.6,57,0,0,0,0,0,0,9.800000000000011,55014.0,1972.2,17538.899999999998
1621,L48800,L,297.9,307.7,1492,43.7,59,0,0,0,0,0,0,9.800000000000011,65200.4,2578.3,18154.3
1622,L48801,L,297.7,307.6,1844,21.9,61,0,0,0,0,0,0,9.900000000000034,40383.6,1335.8999999999999,18763.600000000002
1623,H31036,H,297.7,307.6,1538,38.3,63,0,0,0,0,0,0,9.900000000000034,58905.399999999994,2412.8999999999996,19378.800000000003
1624,L48803,L,297.7,307.6,1921,22.9,68,0,0,0,0,0,0,9.900000000000034,43990.899999999994,1557.1999999999998,20916.800000000003
1625,M16484,M,297.8,307.8,1310,57.9,70,0,0,0,0,0,0,10.0,75849.0,4053.0,21546.0
1626,L48805,L,297.9,307.8,1365,46.9,73,0,0,0,0,0,0,9.900000000000034,64018.5,3423.7,22469.4
1627,M16486,M,297.9,307.8,1303,59.3,75,0,0,0,0,0,0,9.900000000000034,77267.9,4447.5,23085.0
1628,L48807,L,297.9,307.8,1499,37.5,78,0,0,0,0,0,0,9.900000000000034,56212.5,2925.0,24008.4
1629,L48808,L,297.9,307.8,1451,38.2,80,0,0,0,0,0,0,9.900000000000034,55428.200000000004,3056.0,24624.0
1630,M16489,M,297.9,307.9,1336,54.4,82,0,0,0,0,0,0,10.0,72678.4,4460.8,25247.8
1631,L48810,L,297.9,307.9,1412,44.5,85,0,0,0,0,0,0,10.0,62834.0,3782.5,26171.499999999996
1632,L48811,L,298.0,308.0,1433,39.2,87,0,0,0,0,0,0,10.0,56173.600000000006,3410.4,26796.0
1633,L48812,L,297.9,307.9,1426,43.6,89,0,0,0,0,0,0,10.0,62173.6,3880.4,27403.1
1634,L48813,L,297.9,307.9,1476,45.2,91,0,0,0,0,0,0,10.0,66715.2,4113.2,28018.899999999998
1635,H31048,H,297.9,307.9,1406,58.5,93,0,0,0,0,0,0,10.0,82251.0,5440.5,28634.699999999997
1636,L48815,L,297.8,307.8,1383,56.5,98,0,0,0,0,0,0,10.0,78139.5,5537.0,30164.4
1637,L48816,L,297.9,307.8,1505,37.3,100,0,0,0,0,0,0,9.900000000000034,56136.49999999999,3729.9999999999995,30780.0
1638,L48817,L,297.9,307.8,1665,33.9,102,0,0,0,0,0,0,9.900000000000034,56443.5,3457.7999999999997,31395.600000000002
1639,L48818,L,297.9,307.8,1397,45.0,104,0,0,0,0,0,0,9.900000000000034,62865.0,4680.0,32011.2
1640,M16499,M,297.9,307.8,1450,43.5,106,0,0,0,0,0,0,9.900000000000034,63075.0,4611.0,32626.800000000003
1641,L48820,L,298.0,307.8,1567,36.4,109,0,0,0,0,0,0,9.800000000000011,57038.799999999996,3967.6,33550.200000000004
1642,M16501,M,298.0,308.0,1555,37.0,111,0,0,0,0,0,0,10.0,57535.0,4107.0,34188.0
1643,H31056,H,298.0,307.8,1588,35.4,114,0,0,0,0,0,0,9.800000000000011,56215.2,4035.6,35089.200000000004
1644,L48823,L,298.0,307.8,1453,37.7,119,0,0,0,0,0,0,9.800000000000011,54778.100000000006,4486.3,36628.200000000004
1645,L48824,L,298.0,307.8,1622,33.3,121,0,0,0,0,0,0,9.800000000000011,54012.6,4029.2999999999997,37243.8
1646,L48825,L,297.9,307.8,1538,38.5,123,0,0,0,0,0,0,9.900000000000034,59213.0,4735.5,37859.4
1647,M16506,M,297.9,307.7,1527,42.8,125,0,0,0,0,0,0,9.800000000000011,65355.6,5350.0,38462.5
1648,L48827,L,297.8,307.8,1761,28.9,128,0,0,0,0,0,0,10.0,50892.899999999994,3699.2,39398.4
1649,L48828,L,297.9,307.8,1373,50.2,130,0,0,0,0,0,0,9.900000000000034,68924.6,6526.0,40014.0
1650,H31063,H,298.0,307.9,1482,37.8,132,0,0,0,0,0,0,9.899999999999977,56019.6,4989.599999999999,40642.799999999996
1651,M16510,M,298.0,307.9,1417,51.0,137,0,0,0,0,0,0,9.899999999999977,72267.0,6987.0,42182.299999999996
1652,L48831,L,298.0,307.8,1414,51.7,140,0,0,0,0,0,0,9.800000000000011,73103.8,7238.0,43092.0
1653,H31066,H,297.9,307.8,1635,34.0,142,0,0,0,0,0,0,9.900000000000034,55590.0,4828.0,43707.6
1654,L48833,L,298.0,307.8,1386,57.3,147,0,0,0,0,0,0,9.800000000000011,79417.8,8423.1,45246.6
1655,L48834,L,298.2,308.1,1379,62.3,149,0,0,0,0,0,0,9.900000000000034,85911.7,9282.699999999999,45906.9
1656,M16515,M,298.2,308.0,1577,35.9,151,0,0,0,0,0,0,9.800000000000011,56614.299999999996,5420.9,46508.0
1657,L48836,L,298.2,308.1,1532,42.5,154,0,0,0,0,0,0,9.900000000000034,65110.0,6545.0,47447.4
1658,M16517,M,298.1,308.0,1374,48.8,156,0,0,0,0,0,0,9.899999999999977,67051.2,7612.799999999999,48048.0
1659,H31072,H,298.1,308.0,1570,35.3,159,0,0,0,0,0,0,9.899999999999977,55420.99999999999,5612.7,48972.0
1660,L48839,L,298.1,308.0,1697,31.0,164,0,0,0,0,0,0,9.899999999999977,52607.0,5084.0,50512.0
1661,L48840,L,298.2,308.0,1499,44.1,166,0,0,0,0,0,0,9.800000000000011,66105.90000000001,7320.6,51128.0
1662,M16521,M,298.2,308.0,1411,47.2,168,0,0,0,0,0,0,9.800000000000011,66599.2,7929.6,51744.0
1663,H31076,H,298.2,307.9,1462,45.5,171,0,0,0,0,0,0,9.699999999999989,66521.0,7780.5,52650.899999999994
1664,M16523,M,298.1,307.9,1759,28.6,176,0,0,0,0,0,0,9.799999999999955,50307.4,5033.6,54190.399999999994
1665,L48844,L,298.2,308.0,1535,38.0,179,0,0,0,0,0,0,9.800000000000011,58330.0,6802.0,55132.0
1666,H31079,H,298.2,307.9,1491,39.7,181,0,0,0,0,0,0,9.699999999999989,59192.700000000004,7185.700000000001,55729.899999999994
1667,L48846,L,298.2,307.9,1551,36.0,186,0,0,0,0,0,0,9.699999999999989,55836.0,6696.0,57269.399999999994
1668,L48847,L,298.2,307.9,1769,27.2,188,0,0,0,0,0,0,9.699999999999989,48116.799999999996,5113.599999999999,57885.2
1669,L48848,L,298.2,307.9,1551,34.1,190,0,0,0,0,0,0,9.699999999999989,52889.100000000006,6479.0,58500.99999999999
1670,L48849,L,298.2,307.9,1544,31.4,192,0,0,0,0,0,0,9.699999999999989,48481.6,6028.799999999999,59116.799999999996
1671,L48850,L,298.2,307.8,1528,31.1,194,0,0,0,0,0,0,9.600000000000023,47520.8,6033.400000000001,59713.200000000004
1672,L48851,L,298.1,307.9,1614,35.8,196,0,0,0,0,0,0,9.799999999999955,57781.2,7016.799999999999,60348.399999999994
1673,L48852,L,298.1,307.8,1432,49.8,198,0,0,0,0,0,0,9.699999999999989,71313.59999999999,9860.4,60944.4
1674,M16533,M,298.1,307.8,1384,43.7,200,0,0,0,0,0,0,9.699999999999989,60480.8,8740.0,61560.0
1675,L48854,L,298.1,307.8,1540,37.8,203,0,0,0,0,0,0,9.699999999999989,58211.99999999999,7673.4,62483.4
1676,L48855,L,298.0,307.7,1407,43.9,205,0,0,0,0,0,0,9.699999999999989,61767.299999999996,8999.5,63078.5
1677,H31090,H,297.9,307.6,1418,43.0,207,0,0,0,0,0,0,9.700000000000045,60974.0,8901.0,63673.200000000004
1678,M16537,M,297.9,307.5,1647,30.8,212,0,0,0,0,0,0,9.600000000000023,50727.6,6529.6,65190.0
1679,L48858,L,298.0,307.5,1644,32.8,215,0,0,0,0,0,0,9.5,53923.2,7051.999999999999,66112.5
1680,L48859,L,298.0,307.5,1792,27.9,217,0,0,0,0,0,0,9.5,49996.799999999996,6054.299999999999,66727.5
1681,M16540,M,297.9,307.4,1610,34.6,219,0,0,0,0,0,0,9.5,55706.0,7577.400000000001,67320.59999999999
1682,M16541,M,297.8,307.3,1804,26.0,222,0,0,0,0,0,0,9.5,46904.0,5772.0,68220.6
1683,H31096,H,297.9,307.4,1604,36.1,225,1,1,0,0,0,0,9.5,57904.4,8122.5,69165.0
1684,M16543,M,297.9,307.4,1403,52.8,0,0,0,0,0,0,0,9.5,74078.4,0.0,0.0
1685,L48864,L,297.8,307.3,1438,44.5,3,0,0,0,0,0,0,9.5,63991.0,133.5,921.9000000000001
1686,L48865,L,297.9,307.3,1824,26.3,5,0,0,0,0,0,0,9.400000000000034,47971.200000000004,131.5,1536.5
1687,H31100,H,297.9,307.3,1663,28.7,7,0,0,0,0,0,0,9.400000000000034,47728.1,200.9,2151.1
1688,L48867,L,297.9,307.3,1502,36.7,12,0,0,0,0,0,0,9.400000000000034,55123.4,440.40000000000003,3687.6000000000004
1689,L48868,L,297.9,307.4,1606,35.5,14,0,0,0,0,0,0,9.5,57013.0,497.0,4303.599999999999
1690,L48869,L,297.9,307.5,1561,37.7,16,0,0,0,0,0,0,9.600000000000023,58849.700000000004,603.2,4920.0
1691,M16550,M,297.9,307.4,1435,42.9,18,0,0,0,0,0,0,9.5,61561.5,772.1999999999999,5533.2
1692,L48871,L,297.9,307.5,1602,38.3,21,0,0,0,0,0,0,9.600000000000023,61356.6,804.3,6457.5
1693,M16552,M,298.1,307.6,1764,27.7,23,0,0,0,0,0,0,9.5,48862.799999999996,637.1,7074.8
1694,H31107,H,298.0,307.5,1683,27.8,26,0,0,0,0,0,0,9.5,46787.4,722.8000000000001,7995.0
1695,L48874,L,298.0,307.5,1618,35.2,31,0,0,0,0,0,0,9.5,56953.600000000006,1091.2,9532.5
1696,L48875,L,298.0,307.6,1509,41.6,33,0,0,0,0,0,0,9.600000000000023,62774.4,1372.8,10150.800000000001
1697,L48876,L,297.9,307.6,1550,39.0,35,0,0,0,0,0,0,9.700000000000045,60450.0,1365.0,10766.0
1698,M16557,M,297.9,307.6,1519,44.0,37,0,0,0,0,0,0,9.700000000000045,66836.0,1628.0,11381.2
1699,L48878,L,297.9,307.6,1481,38.0,40,0,0,0,0,0,0,9.700000000000045,56278.0,1520.0,12304.0
1700,L48879,L,298.1,307.7,1289,48.3,42,0,0,0,0,0,0,9.599999999999966,62258.7,2028.6,12923.4
1701,M16560,M,298.0,307.6,1844,23.8,44,0,0,0,0,0,0,9.600000000000023,43887.200000000004,1047.2,13534.400000000001
1702,L48881,L,298.0,307.7,1479,42.5,47,0,0,0,0,0,0,9.699999999999989,62857.5,1997.5,14461.9
1703,L48882,L,298.0,307.7,1430,47.3,49,0,0,0,0,0,0,9.699999999999989,67639.0,2317.7,15077.3
1704,M16563,M,298.1,307.8,1636,36.7,51,0,0,0,0,0,0,9.699999999999989,60041.200000000004,1871.7,15697.800000000001
1705,M16564,M,298.1,307.8,1503,44.7,54,0,0,0,0,0,0,9.699999999999989,67184.1,2413.8,16621.2
1706,M16565,M,298.1,307.8,1608,32.6,57,0,0,0,0,0,0,9.699999999999989,52420.8,1858.2,17544.600000000002
1707,L48886,L,298.2,307.8,1521,42.9,60,0,0,0,0,0,0,9.600000000000023,65250.9,2574.0,18468.0
1708,L48887,L,298.2,307.8,1439,41.6,62,0,0,0,0,0,0,9.600000000000023,59862.4,2579.2000000000003,19083.600000000002
1709,L48888,L,298.2,307.8,1627,31.5,64,0,0,0,0,0,0,9.600000000000023,51250.5,2016.0,19699.2
1710,L48889,L,298.2,307.8,1749,26.1,66,0,0,0,0,0,0,9.600000000000023,45648.9,1722.6000000000001,20314.8
1711,L48890,L,298.2,307.8,1530,35.9,68,0,0,0,0,0,0,9.600000000000023,54927.0,2441.2,20930.4
1712,L48891,L,298.2,307.8,1355,51.3,70,0,0,0,0,0,0,9.600000000000023,69511.5,3591.0,21546.0
1713,L48892,L,298.3,307.9,1551,33.8,72,0,0,0,0,0,0,9.599999999999966,52423.799999999996,2433.6,22168.8
1714,L48893,L,298.2,307.8,1515,46.7,74,0,0,0,0,0,0,9.600000000000023,70750.5,3455.8,22777.2
1715,L48894,L,298.2,307.8,1388,48.6,76,0,0,0,0,0,0,9.600000000000023,67456.8,3693.6,23392.8
1716,L48895,L,298.2,307.8,1585,34.6,78,0,0,0,0,0,0,9.600000000000023,54841.0,2698.8,24008.4
1717,L48896,L,298.1,307.7,1523,37.7,80,0,0,0,0,0,0,9.599999999999966,57417.100000000006,3016.0,24616.0
1718,L48897,L,298.2,307.6,1369,54.5,82,0,0,0,0,0,0,9.400000000000034,74610.5,4469.0,25223.2
1719,M16578,M,298.2,307.7,1681,31.0,84,0,0,0,0,0,0,9.5,52111.0,2604.0,25846.8
1720,L48899,L,298.2,307.7,1503,38.3,87,0,0,0,0,0,0,9.5,57564.899999999994,3332.1,26769.899999999998
1721,L48900,L,298.2,307.7,1459,44.5,89,0,0,0,0,0,0,9.5,64925.5,3960.5,27385.3
1722,L48901,L,298.2,307.7,1688,32.4,91,0,0,0,0,0,0,9.5,54691.2,2948.4,28000.7
1723,M16582,M,298.2,307.7,1952,21.6,93,0,0,0,0,0,0,9.5,42163.200000000004,2008.8000000000002,28616.1
1724,L48903,L,298.2,307.8,2029,19.9,96,0,0,0,0,0,0,9.600000000000023,40377.1,1910.3999999999999,29548.800000000003
1725,M16584,M,298.3,307.8,1457,52.5,98,0,0,0,0,0,0,9.5,76492.5,5145.0,30164.4
1726,M16585,M,298.3,307.8,1392,50.4,101,0,0,0,0,0,0,9.5,70156.8,5090.4,31087.800000000003
1727,L48906,L,298.3,307.8,1906,22.1,104,0,0,0,0,0,0,9.5,42122.600000000006,2298.4,32011.2
1728,M16587,M,298.3,307.7,1602,33.4,106,0,0,0,0,0,0,9.399999999999977,53506.799999999996,3540.3999999999996,32616.199999999997
1729,L48908,L,298.3,307.7,1465,49.4,109,0,0,0,0,0,0,9.399999999999977,72371.0,5384.599999999999,33539.299999999996
1730,M16589,M,298.3,307.7,1439,43.8,111,0,0,0,0,0,0,9.399999999999977,63028.2,4861.799999999999,34154.7
1731,M16590,M,298.3,307.8,1330,55.4,114,0,0,0,0,0,0,9.5,73682.0,6315.599999999999,35089.200000000004
1732,M16591,M,298.3,307.9,1485,42.0,117,0,0,0,0,0,0,9.599999999999966,62370.0,4914.0,36024.299999999996
1733,H31146,H,298.4,307.9,1700,28.2,120,0,0,0,0,0,0,9.5,47940.0,3384.0,36948.0
1734,L48913,L,298.4,308.0,1515,42.8,125,0,0,0,0,0,0,9.600000000000023,64841.99999999999,5350.0,38500.0
1735,M16594,M,298.5,308.1,1501,39.2,127,0,0,0,0,0,0,9.600000000000023,58839.200000000004,4978.400000000001,39128.700000000004
1736,L48915,L,298.4,308.0,1380,47.6,130,0,0,0,0,0,0,9.600000000000023,65688.0,6188.0,40040.0
1737,L48916,L,298.4,307.9,1544,35.9,132,0,0,0,0,0,0,9.5,55429.6,4738.8,40642.799999999996
1738,L48917,L,298.4,307.9,1743,27.3,134,0,0,0,0,0,0,9.5,47583.9,3658.2000000000003,41258.6
1739,H31152,H,298.4,307.9,1948,21.4,136,0,0,0,0,0,0,9.5,41687.2,2910.3999999999996,41874.399999999994
1740,H31153,H,298.5,307.9,1260,54.2,141,0,0,0,0,0,0,9.399999999999977,68292.0,7642.200000000001,43413.899999999994
1741,M16600,M,298.5,307.9,1640,33.1,146,0,0,0,0,0,0,9.399999999999977,54284.0,4832.6,44953.399999999994
1742,M16601,M,298.5,308.0,1363,49.2,149,0,0,0,0,0,0,9.5,67059.6,7330.8,45892.0
1743,L48922,L,298.5,308.0,1379,49.6,152,0,0,0,0,0,0,9.5,68398.40000000001,7539.2,46816.0
1744,M16603,M,298.5,308.0,1713,25.8,154,0,0,0,0,0,0,9.5,44195.4,3973.2000000000003,47432.0
1745,M16604,M,298.5,308.0,1461,51.9,157,0,0,0,0,0,0,9.5,75825.9,8148.3,48356.0
1746,L48925,L,298.5,308.0,1624,29.8,160,0,0,0,0,0,0,9.5,48395.200000000004,4768.0,49280.0
1747,L48926,L,298.4,308.0,1526,41.1,162,0,0,0,0,0,0,9.600000000000023,62718.6,6658.2,49896.0
1748,L48927,L,298.4,307.9,2381,14.2,164,0,0,0,0,0,0,9.5,33810.2,2328.7999999999997,50495.6
1749,H31162,H,298.4,307.7,1626,31.1,166,0,0,0,0,0,1,9.300000000000011,50568.600000000006,5162.6,51078.2
1750,L48929,L,298.3,307.7,1576,33.8,171,0,0,0,0,0,0,9.399999999999977,53268.799999999996,5779.799999999999,52616.7
1751,M16610,M,298.4,307.8,1617,31.6,173,0,0,0,0,0,0,9.400000000000034,51097.200000000004,5466.8,53249.4
1752,L48931,L,298.3,307.6,1942,20.6,176,0,0,0,0,0,0,9.300000000000011,40005.200000000004,3625.6000000000004,54137.600000000006
1753,L48932,L,298.2,307.6,1492,37.2,178,0,0,0,0,0,0,9.400000000000034,55502.4,6621.6,54752.8
1754,L48933,L,298.2,307.5,1470,51.3,180,0,0,0,0,0,0,9.300000000000011,75411.0,9234.0,55350.0
1755,M16614,M,298.0,307.4,1463,46.5,182,0,0,0,0,0,0,9.399999999999977,68029.5,8463.0,55946.799999999996
1756,L48935,L,298.0,307.3,1424,46.5,185,0,0,0,0,0,0,9.300000000000011,66216.0,8602.5,56850.5
1757,M16616,M,298.1,307.4,1363,60.1,187,0,0,0,0,0,0,9.299999999999955,81916.3,11238.7,57483.799999999996
1758,M16617,M,298.1,307.4,1335,56.2,190,0,0,0,0,0,0,9.299999999999955,75027.0,10678.0,58405.99999999999
1759,L48938,L,298.1,307.4,1608,33.9,193,0,0,0,0,0,0,9.299999999999955,54511.2,6542.7,59328.2
1760,H31173,H,298.0,307.4,1606,35.2,195,0,0,0,0,0,0,9.399999999999977,56531.200000000004,6864.000000000001,59942.99999999999
1761,L48940,L,298.1,307.5,1684,33.1,200,0,0,0,0,0,0,9.399999999999977,55740.4,6620.0,61500.0
1762,L48941,L,298.1,307.6,1950,20.3,202,0,0,0,0,0,0,9.5,39585.0,4100.6,62135.200000000004
1763,H31176,H,298.2,307.6,1460,48.6,204,0,0,0,0,0,0,9.400000000000034,70956.0,9914.4,62750.4
1764,L48943,L,298.2,307.6,1511,31.0,209,1,1,0,0,0,0,9.400000000000034,46841.0,6479.0,64288.4
1765,H31178,H,298.2,307.6,1318,55.7,0,0,0,0,0,0,0,9.400000000000034,73412.6,0.0,0.0
1766,L48945,L,298.2,307.6,1368,51.8,5,0,0,0,0,0,0,9.400000000000034,70862.4,259.0,1538.0
1767,M16626,M,298.3,307.7,1717,27.1,7,0,0,0,0,0,0,9.399999999999977,46530.700000000004,189.70000000000002,2153.9
1768,M16627,M,298.3,307.7,1520,41.4,10,0,0,0,0,0,0,9.399999999999977,62928.0,414.0,3077.0
1769,M16628,M,298.3,307.8,1485,42.0,13,0,0,0,0,0,0,9.5,62370.0,546.0,4001.4
1770,L48949,L,298.4,307.9,1981,23.2,16,0,0,0,0,0,0,9.5,45959.2,371.2,4926.4
1771,H31184,H,298.4,307.9,1605,31.0,18,0,0,0,0,0,0,9.5,49755.0,558.0,5542.2
1772,L48951,L,298.4,307.9,1446,45.3,23,0,0,0,0,0,0,9.5,65503.799999999996,1041.8999999999999,7081.7
1773,L48952,L,298.4,308.0,1508,47.9,25,0,0,0,0,0,0,9.600000000000023,72233.2,1197.5,7700.0
1774,L48953,L,298.5,308.0,1384,59.5,27,0,0,0,0,0,0,9.5,82348.0,1606.5,8316.0
1775,M16634,M,298.5,308.0,1519,37.3,29,0,0,0,0,0,0,9.5,56658.7,1081.6999999999998,8932.0
1776,L48955,L,298.5,308.0,1404,48.1,32,0,0,0,0,0,0,9.5,67532.40000000001,1539.2,9856.0
1777,L48956,L,298.5,308.1,1564,31.1,34,0,0,0,0,0,0,9.600000000000023,48640.4,1057.4,10475.400000000001
1778,H31191,H,298.6,308.2,1555,36.8,36,0,0,0,0,0,0,9.599999999999966,57223.99999999999,1324.8,11095.199999999999
1779,L48958,L,298.6,308.2,1325,54.0,41,0,0,0,0,0,0,9.599999999999966,71550.0,2214.0,12636.199999999999
1780,M16639,M,298.6,308.2,1488,44.0,43,0,0,0,0,0,0,9.599999999999966,65472.0,1892.0,13252.6
1781,L48960,L,298.5,308.2,1595,32.3,46,0,0,0,0,0,0,9.699999999999989,51518.49999999999,1485.8,14177.199999999999
1782,L48961,L,298.5,308.1,1662,28.6,48,0,0,0,0,0,0,9.600000000000023,47533.200000000004,1372.8000000000002,14788.800000000001
1783,L48962,L,298.4,308.0,1571,37.4,50,0,0,0,0,0,0,9.600000000000023,58755.399999999994,1870.0,15400.0
1784,H31197,H,298.3,308.0,1553,41.0,52,0,0,0,0,0,0,9.699999999999989,63673.0,2132.0,16016.0
1785,L48964,L,298.3,308.0,2886,3.8,57,1,0,0,1,0,0,9.699999999999989,10966.8,216.6,17556.0
1786,L48965,L,298.2,308.0,1538,38.2,59,0,0,0,0,0,0,9.800000000000011,58751.600000000006,2253.8,18172.0
1787,L48966,L,298.4,308.2,1618,33.0,61,0,0,0,0,0,0,9.800000000000011,53394.0,2013.0,18800.2
1788,L48967,L,298.4,308.2,1364,45.9,63,0,0,0,0,0,0,9.800000000000011,62607.6,2891.7,19416.6
1789,L48968,L,298.3,308.0,1442,47.3,65,0,0,0,0,0,0,9.699999999999989,68206.59999999999,3074.5,20020.0
1790,L48969,L,298.2,307.9,1313,67.3,67,1,0,0,1,0,0,9.699999999999989,88364.9,4509.099999999999,20629.3
1791,L48970,L,298.2,307.9,1847,23.6,69,0,0,0,0,0,0,9.699999999999989,43589.200000000004,1628.4,21245.1
1792,L48971,L,298.1,307.8,1524,40.8,71,0,0,0,0,0,0,9.699999999999989,62179.2,2896.7999999999997,21853.8
1793,M16652,M,298.1,307.7,1445,48.0,73,0,0,0,0,0,0,9.599999999999966,69360.0,3504.0,22462.1
1794,L48973,L,298.1,307.8,1761,28.2,76,0,0,0,0,0,0,9.699999999999989,49660.2,2143.2,23392.8
1795,M16654,M,298.1,307.8,1514,43.5,78,0,0,0,0,0,0,9.699999999999989,65859.0,3393.0,24008.4
1796,M16655,M,298.1,307.7,1498,38.3,81,0,0,0,0,0,0,9.599999999999966,57373.399999999994,3102.2999999999997,24923.7
1797,H31210,H,298.1,307.6,1542,37.1,84,0,0,0,0,0,0,9.5,57208.200000000004,3116.4,25838.4
1798,M16657,M,298.0,307.6,1508,41.8,89,0,0,0,0,0,0,9.600000000000023,63034.399999999994,3720.2,27376.4
1799,M16658,M,298.0,307.5,1431,52.9,92,0,0,0,0,0,0,9.5,75699.9,4866.8,28290.0
1800,M16659,M,298.0,307.5,1427,45.1,95,0,0,0,0,0,0,9.5,64357.700000000004,4284.5,29212.5
1801,M16660,M,298.0,307.5,1524,36.3,98,0,0,0,0,0,0,9.5,55321.2,3557.3999999999996,30135.0
1802,M16661,M,298.0,307.5,1427,43.6,101,0,0,0,0,0,0,9.5,62217.200000000004,4403.6,31057.5
1803,H31216,H,298.1,307.6,1496,44.1,104,0,0,0,0,0,0,9.5,65973.6,4586.400000000001,31990.4
1804,L48983,L,298.1,307.7,1388,40.3,109,0,0,0,0,0,0,9.599999999999966,55936.399999999994,4392.7,33539.299999999996
1805,L48984,L,298.1,307.7,1495,48.1,111,0,0,0,0,0,0,9.599999999999966,71909.5,5339.1,34154.7
1806,H31219,H,298.1,307.7,1376,56.2,113,0,0,0,0,0,0,9.599999999999966,77331.2,6350.6,34770.1
1807,H31220,H,298.0,307.6,1593,32.2,118,0,0,0,0,0,0,9.600000000000023,51294.600000000006,3799.6000000000004,36296.8
1808,L48987,L,298.0,307.6,1654,28.9,123,0,0,0,0,0,0,9.600000000000023,47800.6,3554.7,37834.8
1809,L48988,L,298.1,307.7,2567,12.8,125,1,0,0,1,0,0,9.599999999999966,32857.6,1600.0,38462.5
1810,L48989,L,298.1,307.7,1767,27.0,127,0,0,0,0,0,0,9.599999999999966,47709.0,3429.0,39077.9
1811,L48990,L,298.1,307.6,1364,53.8,129,0,0,0,0,0,0,9.5,73383.2,6940.2,39680.4
1812,M16671,M,298.1,307.8,1569,31.2,131,0,0,0,0,0,0,9.699999999999989,48952.799999999996,4087.2,40321.8
1813,L48992,L,298.2,307.8,1476,36.8,134,0,0,0,0,0,0,9.600000000000023,54316.799999999996,4931.2,41245.200000000004
1814,L48993,L,298.1,307.7,1479,45.0,136,0,0,0,0,0,0,9.599999999999966,66555.0,6120.0,41847.2
1815,L48994,L,298.1,307.7,1650,34.1,138,0,0,0,0,0,0,9.599999999999966,56265.0,4705.8,42462.6
1816,M16675,M,298.1,307.6,1565,36.3,140,0,0,0,0,0,0,9.5,56809.49999999999,5082.0,43064.0
1817,L48996,L,298.1,307.6,1460,46.5,143,0,0,0,0,0,0,9.5,67890.0,6649.5,43986.8
1818,L48997,L,298.1,307.7,1664,27.6,145,0,0,0,0,0,0,9.599999999999966,45926.4,4002.0,44616.5
1819,M16678,M,298.1,307.7,1435,40.9,147,0,0,0,0,0,0,9.599999999999966,58691.5,6012.3,45231.9
1820,M16679,M,298.1,307.6,2066,19.2,150,0,0,0,0,0,0,9.5,39667.2,2880.0,46140.0
1821,L49000,L,298.1,307.5,1493,43.7,153,0,0,0,0,0,0,9.399999999999977,65244.100000000006,6686.1,47047.5
1822,L49001,L,298.1,307.6,1354,43.3,155,0,0,0,0,0,0,9.5,58628.2,6711.5,47678.0
1823,L49002,L,298.1,307.6,1488,39.4,157,0,0,0,0,0,0,9.5,58627.2,6185.8,48293.200000000004
1824,L49003,L,298.1,307.7,1414,48.7,159,0,0,0,0,0,0,9.599999999999966,68861.8,7743.3,48924.299999999996
1825,L49004,L,298.1,307.5,1391,57.4,161,0,0,0,0,0,0,9.399999999999977,79843.4,9241.4,49507.5
1826,M16685,M,298.0,307.5,1784,27.8,163,0,0,0,0,0,0,9.5,49595.200000000004,4531.400000000001,50122.5
1827,H31240,H,297.8,307.3,1516,40.1,166,0,0,0,0,0,0,9.5,60791.6,6656.6,51011.8
1828,M16687,M,297.9,307.3,1420,47.8,171,0,0,0,0,0,0,9.400000000000034,67876.0,8173.799999999999,52548.3
1829,L49008,L,297.8,307.2,1351,56.3,174,0,0,0,0,0,0,9.399999999999977,76061.3,9796.199999999999,53452.799999999996
1830,L49009,L,297.8,307.2,1880,23.0,176,0,0,0,0,0,0,9.399999999999977,43240.0,4048.0,54067.2
1831,L49010,L,297.8,307.3,1859,24.0,178,0,0,0,0,0,0,9.5,44616.0,4272.0,54699.4
1832,M16691,M,297.8,307.3,1315,54.0,180,0,0,0,0,0,0,9.5,71010.0,9720.0,55314.0
1833,M16692,M,297.8,307.4,1330,51.7,183,0,0,0,0,0,0,9.599999999999966,68761.0,9461.1,56254.2
1834,L49013,L,297.8,307.3,1327,61.0,186,1,0,0,0,1,0,9.5,80947.0,11346.0,57157.8
1835,L49014,L,297.8,307.2,1498,38.1,188,0,0,0,0,0,0,9.399999999999977,57073.8,7162.8,57753.6
1836,H31249,H,297.8,307.3,1555,35.8,190,0,0,0,0,0,0,9.5,55668.99999999999,6801.999999999999,58387.0
1837,L49016,L,297.7,307.2,1518,35.8,195,0,0,0,0,0,0,9.5,54344.399999999994,6980.999999999999,59904.0
1838,L49017,L,297.7,307.2,1392,43.0,197,0,0,0,0,0,0,9.5,59856.0,8471.0,60518.399999999994
1839,M16698,M,297.8,307.2,1456,39.6,199,0,0,0,0,0,0,9.399999999999977,57657.6,7880.400000000001,61132.799999999996
1840,L49019,L,297.7,307.1,1715,30.2,0,0,0,0,0,0,0,9.400000000000034,51793.0,0.0,0.0
1841,M16700,M,297.7,307.2,1405,43.7,2,0,0,0,0,0,0,9.5,61398.50000000001,87.4,614.4
1842,L49021,L,297.7,307.2,1668,37.8,5,0,0,0,0,0,0,9.5,63050.399999999994,189.0,1536.0
1843,H31256,H,297.7,307.1,1855,22.5,7,0,0,0,0,0,0,9.400000000000034,41737.5,157.5,2149.7000000000003
1844,L49023,L,297.6,307.1,1496,39.2,12,0,0,0,0,0,0,9.5,58643.200000000004,470.40000000000003,3685.2000000000003
1845,M16704,M,297.6,307.1,1471,44.9,14,0,0,0,0,0,0,9.5,66047.9,628.6,4299.400000000001
1846,L49025,L,297.7,307.2,1444,40.0,17,0,0,0,0,0,0,9.5,57760.0,680.0,5222.4
1847,H31260,H,297.7,307.3,1514,38.6,19,0,0,0,0,0,0,9.600000000000023,58440.4,733.4,5838.7
1848,L49027,L,297.8,307.3,1412,50.7,24,0,0,0,0,0,0,9.5,71588.40000000001,1216.8000000000002,7375.200000000001
1849,H31262,H,297.7,307.2,1429,44.1,26,0,0,0,0,0,0,9.5,63018.9,1146.6000000000001,7987.2
1850,L49029,L,297.7,307.2,1668,32.7,31,0,0,0,0,0,0,9.5,54543.600000000006,1013.7,9523.199999999999
1851,M16710,M,297.7,307.2,1372,52.8,33,0,0,0,0,0,0,9.5,72441.59999999999,1742.3999999999999,10137.6
1852,M16711,M,297.7,307.3,1365,49.2,36,0,0,0,0,0,0,9.600000000000023,67158.0,1771.2,11062.800000000001
1853,M16712,M,297.6,307.1,1526,39.1,39,0,0,0,0,0,0,9.5,59666.6,1524.9,11976.900000000001
1854,L49033,L,297.6,307.2,1486,40.6,42,0,0,0,0,0,0,9.599999999999966,60331.6,1705.2,12902.4
1855,M16714,M,297.6,307.2,1470,42.6,44,0,0,0,0,0,0,9.599999999999966,62622.0,1874.4,13516.8
1856,H31269,H,297.7,307.3,1249,62.8,47,0,0,0,0,0,0,9.600000000000023,78437.2,2951.6,14443.1
1857,M16716,M,297.8,307.4,1752,26.1,52,0,0,0,0,0,0,9.599999999999966,45727.200000000004,1357.2,15984.8
1858,L49037,L,297.7,307.4,1643,36.5,55,0,0,0,0,0,0,9.699999999999989,59969.5,2007.5,16907.0
1859,M16718,M,297.8,307.4,1488,36.1,57,0,0,0,0,0,0,9.599999999999966,53716.8,2057.7000000000003,17521.8
1860,L49039,L,297.8,307.4,1355,45.8,60,0,0,0,0,0,0,9.599999999999966,62058.99999999999,2748.0,18444.0
1861,L49040,L,297.8,307.6,1607,30.3,62,0,0,0,0,0,0,9.800000000000011,48692.1,1878.6000000000001,19071.2
1862,M16721,M,297.9,307.6,1609,30.3,64,0,0,0,0,0,0,9.700000000000045,48752.700000000004,1939.2,19686.4
1863,L49042,L,297.9,307.7,1517,44.4,67,0,0,0,0,0,0,9.800000000000011,67354.8,2974.7999999999997,20615.899999999998
1864,M16723,M,297.9,307.7,1517,39.5,69,0,0,0,0,0,0,9.800000000000011,59921.5,2725.5,21231.3
1865,L49044,L,297.9,307.7,1546,37.6,72,0,0,0,0,0,0,9.800000000000011,58129.600000000006,2707.2000000000003,22154.399999999998
1866,L49045,L,297.9,307.7,1567,34.7,74,0,0,0,0,0,0,9.800000000000011,54374.9,2567.8,22769.8
1867,M16726,M,298.1,307.9,1662,28.9,76,0,0,0,0,0,0,9.799999999999955,48031.799999999996,2196.4,23400.399999999998
1868,L49047,L,298.1,307.9,1502,41.8,79,0,0,0,0,0,0,9.799999999999955,62783.6,3302.2,24324.1
1869,L49048,L,298.3,308.0,1361,56.9,81,0,0,0,0,0,0,9.699999999999989,77440.9,4608.9,24948.0
1870,M16729,M,298.3,308.1,1630,32.7,83,0,0,0,0,0,0,9.800000000000011,53301.00000000001,2714.1000000000004,25572.300000000003
1871,L49050,L,298.3,308.0,1486,42.3,86,0,0,0,0,0,0,9.699999999999989,62857.799999999996,3637.7999999999997,26488.0
1872,L49051,L,298.3,308.1,1840,21.5,88,0,0,0,0,0,0,9.800000000000011,39560.0,1892.0,27112.800000000003
1873,L49052,L,298.3,308.1,1326,58.4,90,0,0,0,0,0,0,9.800000000000011,77438.4,5256.0,27729.000000000004
1874,L49053,L,298.4,308.1,1367,57.8,92,0,0,0,0,0,0,9.700000000000045,79012.59999999999,5317.599999999999,28345.2
1875,L49054,L,298.4,308.1,1598,32.7,94,0,0,0,0,0,0,9.700000000000045,52254.600000000006,3073.8,28961.4
1876,L49055,L,298.3,308.0,1363,50.1,96,0,0,0,0,0,0,9.699999999999989,68286.3,4809.6,29568.0
1877,L49056,L,298.3,308.0,1242,62.0,98,0,0,0,0,0,0,9.699999999999989,77004.0,6076.0,30184.0
1878,M16737,M,298.2,307.8,1566,33.8,100,0,0,0,0,0,0,9.600000000000023,52930.799999999996,3379.9999999999995,30780.0
1879,M16738,M,298.1,307.7,1424,47.7,103,0,0,0,0,0,0,9.599999999999966,67924.8,4913.1,31693.1
1880,M16739,M,298.2,307.7,1608,33.8,106,0,0,0,0,0,0,9.5,54350.399999999994,3582.7999999999997,32616.199999999997
1881,L49060,L,298.1,307.7,1705,29.1,109,0,0,0,0,0,0,9.599999999999966,49615.5,3171.9,33539.299999999996
1882,L49061,L,298.0,307.6,1548,45.8,111,0,0,0,0,0,0,9.600000000000023,70898.4,5083.799999999999,34143.600000000006
1883,M16742,M,298.0,307.6,1581,43.4,113,0,0,0,0,0,0,9.600000000000023,68615.4,4904.2,34758.8
1884,M16743,M,298.0,307.6,1472,46.7,116,0,0,0,0,0,0,9.600000000000023,68742.40000000001,5417.200000000001,35681.600000000006
1885,M16744,M,298.0,307.6,1792,26.0,119,0,0,0,0,0,0,9.600000000000023,46592.0,3094.0,36604.4
1886,L49065,L,298.0,307.6,1683,32.8,122,0,0,0,0,0,0,9.600000000000023,55202.399999999994,4001.5999999999995,37527.200000000004
1887,L49066,L,297.9,307.6,1503,40.7,124,0,0,0,0,0,0,9.700000000000045,61172.100000000006,5046.8,38142.4
1888,M16747,M,297.9,307.5,1642,32.4,126,0,0,0,0,0,0,9.600000000000023,53200.799999999996,4082.3999999999996,38745.0
1889,M16748,M,297.8,307.4,1902,24.3,129,0,0,0,0,0,0,9.599999999999966,46218.6,3134.7000000000003,39654.6
1890,H31303,H,297.7,307.4,1432,40.2,132,0,0,0,0,0,0,9.699999999999989,57566.4,5306.400000000001,40576.799999999996
1891,L49070,L,297.8,307.4,1512,40.8,137,0,0,0,0,0,0,9.599999999999966,61689.6,5589.599999999999,42113.799999999996
1892,L49071,L,297.7,307.4,1764,29.0,139,0,0,0,0,0,0,9.699999999999989,51156.0,4031.0,42728.6
1893,M16752,M,297.8,307.4,1438,43.6,141,0,0,0,0,0,0,9.599999999999966,62696.8,6147.6,43343.399999999994
1894,L49073,L,297.8,307.5,1631,29.9,144,0,0,0,0,0,0,9.699999999999989,48766.899999999994,4305.599999999999,44280.0
1895,H31308,H,297.9,307.5,1880,23.3,146,0,0,0,0,0,0,9.600000000000023,43804.0,3401.8,44895.0
1896,L49075,L,297.9,307.6,1344,54.3,151,0,0,0,0,0,0,9.700000000000045,72979.2,8199.3,46447.600000000006
1897,L49076,L,297.9,307.5,1574,35.8,153,0,0,0,0,0,0,9.600000000000023,56349.2,5477.4,47047.5
1898,L49077,L,297.8,307.4,1418,41.2,155,0,0,0,0,0,0,9.599999999999966,58421.600000000006,6386.0,47647.0
1899,L49078,L,297.8,307.5,1372,54.1,157,0,0,0,0,0,0,9.699999999999989,74225.2,8493.7,48277.5
1900,L49079,L,297.8,307.5,1388,40.0,159,0,0,0,0,0,0,9.699999999999989,55520.0,6360.0,48892.5
1901,H31314,H,297.9,307.6,1493,36.0,161,0,0,0,0,0,0,9.700000000000045,53748.0,5796.0,49523.600000000006
1902,M16761,M,297.9,307.6,1505,40.1,166,0,0,0,0,0,0,9.700000000000045,60350.5,6656.6,51061.600000000006
1903,L49082,L,298.0,307.6,1694,29.1,169,0,0,0,0,0,0,9.600000000000023,49295.4,4917.900000000001,51984.4
1904,L49083,L,297.9,307.6,1968,20.4,171,0,0,0,0,0,0,9.700000000000045,40147.2,3488.3999999999996,52599.600000000006
1905,M16764,M,298.0,307.6,1569,35.6,173,0,0,0,0,0,0,9.600000000000023,55856.4,6158.8,53214.8
1906,L49085,L,297.9,307.6,1687,29.1,176,0,0,0,0,0,0,9.700000000000045,49091.700000000004,5121.6,54137.600000000006
1907,L49086,L,297.9,307.6,1430,52.4,178,0,0,0,0,0,0,9.700000000000045,74932.0,9327.199999999999,54752.8
1908,L49087,L,297.9,307.6,1504,42.4,180,0,0,0,0,0,0,9.700000000000045,63769.6,7632.0,55368.00000000001
1909,L49088,L,297.9,307.6,1977,20.2,182,0,0,0,0,0,0,9.700000000000045,39935.4,3676.4,55983.200000000004
1910,L49089,L,298.0,307.7,1435,45.6,184,0,0,0,0,0,0,9.699999999999989,65436.0,8390.4,56616.799999999996
1911,H31324,H,298.0,307.7,1547,36.8,186,0,0,0,0,0,0,9.699999999999989,56929.6,6844.799999999999,57232.2
1912,M16771,M,298.1,307.8,1316,57.2,191,0,0,0,0,0,0,9.699999999999989,75275.2,10925.2,58789.8
1913,M16772,M,298.0,307.7,1621,34.9,194,0,0,0,0,0,0,9.699999999999989,56572.899999999994,6770.599999999999,59693.799999999996
1914,M16773,M,298.0,307.8,1492,40.2,197,0,0,0,0,0,0,9.800000000000011,59978.4,7919.400000000001,60636.600000000006
1915,L49094,L,298.0,307.7,1643,32.3,200,0,0,0,0,0,0,9.699999999999989,53068.899999999994,6459.999999999999,61540.0
1916,L49095,L,298.0,307.7,1492,38.7,202,0,0,0,0,0,0,9.699999999999989,57740.4,7817.400000000001,62155.399999999994
1917,L49096,L,298.0,307.7,1387,50.8,204,0,0,0,0,0,0,9.699999999999989,70459.59999999999,10363.199999999999,62770.799999999996
1918,M16777,M,298.1,307.9,1463,47.3,206,0,0,0,0,0,0,9.799999999999955,69199.9,9743.8,63427.399999999994
1919,M16778,M,298.1,307.9,1496,40.0,0,0,0,0,0,0,0,9.799999999999955,59840.0,0.0,0.0
1920,L49099,L,298.2,308.0,1658,30.0,3,0,0,0,0,0,0,9.800000000000011,49740.0,90.0,924.0
1921,L49100,L,298.1,307.9,2161,17.5,5,0,0,0,0,0,0,9.799999999999955,37817.5,87.5,1539.5
1922,L49101,L,298.1,307.9,1665,32.0,7,0,0,0,0,0,0,9.799999999999955,53280.0,224.0,2155.2999999999997
1923,L49102,L,298.0,307.8,1716,26.6,9,0,0,0,0,0,0,9.800000000000011,45645.600000000006,239.4,2770.2000000000003
1924,L49103,L,298.0,307.7,1529,34.1,11,0,0,0,0,0,0,9.699999999999989,52138.9,375.1,3384.7
1925,L49104,L,297.9,307.7,1353,50.7,13,0,0,0,0,0,0,9.800000000000011,68597.1,659.1,4000.1
1926,L49105,L,297.9,307.7,1537,37.7,15,0,0,0,0,0,0,9.800000000000011,57944.9,565.5,4615.5
1927,L49106,L,298.0,307.7,1606,30.8,17,0,0,0,0,0,0,9.699999999999989,49464.8,523.6,5230.9
1928,H31341,H,298.0,307.8,1314,47.8,19,0,0,0,0,0,0,9.800000000000011,62809.2,908.1999999999999,5848.2
1929,L49108,L,298.0,307.8,1623,29.9,24,0,0,0,0,0,0,9.800000000000011,48527.7,717.5999999999999,7387.200000000001
1930,M16789,M,298.0,307.8,1483,50.9,26,0,0,0,0,0,0,9.800000000000011,75484.7,1323.3999999999999,8002.8
1931,M16790,M,298.1,307.9,1569,37.0,29,0,0,0,0,0,0,9.799999999999955,58053.0,1073.0,8929.099999999999
1932,M16791,M,298.2,308.0,1969,21.7,32,0,0,0,0,0,0,9.800000000000011,42727.299999999996,694.4,9856.0
1933,M16792,M,298.1,308.0,1686,29.3,35,0,0,0,0,0,0,9.899999999999977,49399.8,1025.5,10780.0
1934,L49113,L,298.1,308.0,1638,35.1,38,0,0,0,0,0,0,9.899999999999977,57493.8,1333.8,11704.0
1935,L49114,L,298.1,307.9,1698,33.3,40,0,0,0,0,0,0,9.799999999999955,56543.399999999994,1332.0,12316.0
1936,M16795,M,298.1,307.9,1377,55.1,42,0,0,0,0,0,0,9.799999999999955,75872.7,2314.2000000000003,12931.8
1937,M16796,M,298.1,308.0,2129,18.4,45,0,0,0,0,0,0,9.899999999999977,39173.6,827.9999999999999,13860.0
1938,L49117,L,298.2,308.0,1411,42.4,48,0,0,0,0,0,0,9.800000000000011,59826.4,2035.1999999999998,14784.0
1939,L49118,L,298.1,307.9,1517,40.8,50,0,0,0,0,0,0,9.799999999999955,61893.6,2039.9999999999998,15394.999999999998
1940,M16799,M,298.1,307.9,1303,53.9,52,0,0,0,0,0,0,9.799999999999955,70231.7,2802.7999999999997,16010.8
1941,L49120,L,298.1,307.9,1578,35.6,55,0,0,0,0,0,0,9.799999999999955,56176.8,1958.0,16934.5
1942,L49121,L,298.1,307.9,1425,58.2,57,0,0,0,0,0,0,9.799999999999955,82935.0,3317.4,17550.3
1943,L49122,L,298.1,308.0,1456,42.4,59,0,0,0,0,0,0,9.899999999999977,61734.4,2501.6,18172.0
1944,L49123,L,298.1,308.0,1704,30.9,61,0,0,0,0,0,0,9.899999999999977,52653.6,1884.8999999999999,18788.0
1945,L49124,L,298.1,308.1,1791,27.3,63,0,0,0,0,0,0,10.0,48894.3,1719.9,19410.300000000003
1946,L49125,L,298.1,308.1,1616,32.8,65,0,0,0,0,0,0,10.0,53004.799999999996,2132.0,20026.5
1947,L49126,L,298.2,308.1,1622,34.9,67,0,0,0,0,0,0,9.900000000000034,56607.799999999996,2338.2999999999997,20642.7
1948,L49127,L,298.2,308.1,1462,49.9,69,0,0,0,0,0,0,9.900000000000034,72953.8,3443.1,21258.9
1949,L49128,L,298.1,308.1,1410,45.8,71,0,0,0,0,0,0,10.0,64577.99999999999,3251.7999999999997,21875.100000000002
1950,M16809,M,298.1,308.0,1543,41.9,73,0,0,0,0,0,0,9.899999999999977,64651.7,3058.7,22484.0
1951,M16810,M,298.0,307.9,1479,47.6,76,0,0,0,0,0,0,9.899999999999977,70400.40000000001,3617.6,23400.399999999998
1952,L49131,L,298.0,307.8,1839,22.7,79,0,0,0,0,0,0,9.800000000000011,41745.299999999996,1793.3,24316.2
1953,L49132,L,298.0,307.8,1266,60.5,81,0,0,0,0,0,0,9.800000000000011,76593.0,4900.5,24931.8
1954,L49133,L,297.9,307.7,1593,34.9,83,0,0,0,0,0,0,9.800000000000011,55595.7,2896.7,25539.1
1955,L49134,L,297.9,307.8,1459,46.9,85,0,0,0,0,0,0,9.900000000000034,68427.09999999999,3986.5,26163.0
1956,L49135,L,297.9,307.7,1308,55.2,87,0,0,0,0,0,0,9.800000000000011,72201.6,4802.400000000001,26769.899999999998
1957,M16816,M,297.9,307.7,1364,46.8,89,0,0,0,0,0,0,9.800000000000011,63835.2,4165.2,27385.3
1958,H31371,H,297.9,307.7,1618,35.9,92,0,0,0,0,0,0,9.800000000000011,58086.2,3302.7999999999997,28308.399999999998
1959,H31372,H,297.9,307.7,1464,43.2,97,0,0,0,0,0,0,9.800000000000011,63244.8,4190.400000000001,29846.899999999998
1960,M16819,M,297.8,307.6,1352,49.4,102,0,0,0,0,0,0,9.800000000000011,66788.8,5038.8,31375.2
1961,L49140,L,297.8,307.6,1446,51.4,105,0,0,0,0,0,0,9.800000000000011,74324.4,5397.0,32298.000000000004
1962,L49141,L,297.8,307.5,1448,51.2,107,0,0,0,0,0,0,9.699999999999989,74137.6,5478.400000000001,32902.5
1963,L49142,L,297.8,307.5,1391,48.6,109,0,0,0,0,0,0,9.699999999999989,67602.6,5297.400000000001,33517.5
1964,L49143,L,297.7,307.5,1379,43.3,111,0,0,0,0,0,0,9.800000000000011,59710.7,4806.299999999999,34132.5
1965,M16824,M,297.8,307.5,1405,46.9,113,0,0,0,0,0,0,9.699999999999989,65894.5,5299.7,34747.5
1966,L49145,L,297.8,307.5,1581,33.1,116,0,0,0,0,0,0,9.699999999999989,52331.100000000006,3839.6000000000004,35670.0
1967,L49146,L,297.9,307.6,1515,40.5,118,0,0,0,0,0,0,9.700000000000045,61357.5,4779.0,36296.8
1968,L49147,L,297.9,307.6,1589,37.8,120,0,0,0,0,0,0,9.700000000000045,60064.2,4536.0,36912.0
1969,L49148,L,298.0,307.6,1281,50.8,122,0,0,0,0,0,0,9.600000000000023,65074.799999999996,6197.599999999999,37527.200000000004
1970,H31383,H,297.8,307.5,1631,31.3,124,0,0,0,0,0,0,9.699999999999989,51050.3,3881.2000000000003,38130.0
1971,M16830,M,297.9,307.6,1202,67.0,129,0,0,0,0,0,0,9.700000000000045,80534.0,8643.0,39680.4
1972,L49151,L,297.9,307.6,1298,52.7,132,0,0,0,0,0,0,9.700000000000045,68404.6,6956.400000000001,40603.200000000004
1973,L49152,L,297.9,307.6,1612,30.7,134,0,0,0,0,0,0,9.700000000000045,49488.4,4113.8,41218.4
1974,L49153,L,297.9,307.6,1747,25.3,136,0,0,0,0,0,0,9.700000000000045,44199.1,3440.8,41833.600000000006
1975,L49154,L,298.0,307.6,1450,48.7,138,0,0,0,0,0,0,9.600000000000023,70615.0,6720.6,42448.8
1976,L49155,L,298.0,307.7,1422,45.6,140,0,0,0,0,0,0,9.699999999999989,64843.200000000004,6384.0,43078.0
1977,M16836,M,298.1,307.7,1419,47.4,142,0,0,0,0,0,0,9.599999999999966,67260.59999999999,6730.8,43693.4
1978,M16837,M,298.1,307.7,1633,30.7,145,0,0,0,0,0,0,9.599999999999966,50133.1,4451.5,44616.5
1979,L49158,L,298.0,307.7,1442,43.6,148,0,0,0,0,0,0,9.699999999999989,62871.200000000004,6452.8,45539.6
1980,H31393,H,298.0,307.6,1420,45.8,150,0,0,0,0,0,0,9.600000000000023,65035.99999999999,6870.0,46140.0
1981,M16840,M,298.0,307.6,1301,58.5,155,0,0,0,0,0,0,9.600000000000023,76108.5,9067.5,47678.0
1982,L49161,L,298.0,307.6,1385,45.0,158,0,0,0,0,0,0,9.600000000000023,62325.0,7110.0,48600.8
1983,M16842,M,298.0,307.7,1487,41.3,160,0,0,0,0,0,0,9.699999999999989,61413.1,6608.0,49232.0
1984,M16843,M,298.0,307.6,1459,44.4,163,0,0,0,0,0,0,9.600000000000023,64779.6,7237.2,50138.8
1985,M16844,M,298.0,307.5,1387,45.5,166,0,0,0,0,0,0,9.5,63108.5,7553.0,51045.0
1986,L49165,L,298.1,307.7,1537,40.8,169,0,0,0,0,0,0,9.599999999999966,62709.6,6895.2,52001.299999999996
1987,L49166,L,298.1,307.6,1498,42.9,171,0,0,0,0,0,0,9.5,64264.2,7335.9,52599.600000000006
1988,M16847,M,298.2,307.8,1599,31.2,173,0,0,0,0,0,0,9.600000000000023,49888.799999999996,5397.599999999999,53249.4
1989,H31402,H,298.3,307.9,1420,39.2,176,0,0,0,0,0,0,9.599999999999966,55664.00000000001,6899.200000000001,54190.399999999994
1990,L49169,L,298.2,307.9,1785,23.4,181,0,0,0,0,0,0,9.699999999999989,41769.0,4235.4,55729.899999999994
1991,L49170,L,298.2,307.8,1423,48.1,183,0,0,0,0,0,0,9.600000000000023,68446.3,8802.300000000001,56327.4
1992,M16851,M,298.2,307.8,1583,36.6,185,0,0,0,0,0,0,9.600000000000023,57937.8,6771.0,56943.0
1993,L49172,L,298.2,307.8,1375,46.6,188,0,0,0,0,0,0,9.600000000000023,64075.0,8760.800000000001,57866.4
1994,M16853,M,298.3,308.0,1463,42.5,190,0,0,0,0,0,0,9.699999999999989,62177.5,8075.0,58520.0
1995,M16854,M,298.2,307.9,1403,45.1,193,0,0,0,0,0,0,9.699999999999989,63275.3,8704.300000000001,59424.7
1996,L49175,L,298.3,308.0,1451,47.1,196,0,0,0,0,0,0,9.699999999999989,68342.1,9231.6,60368.0
1997,M16856,M,298.4,308.0,1416,38.2,198,1,1,0,0,0,0,9.600000000000023,54091.200000000004,7563.6,60984.0
1998,L49177,L,298.3,308.1,1672,41.3,0,0,0,0,0,0,0,9.800000000000011,69053.59999999999,0.0,0.0
1999,H31412,H,298.3,308.0,1637,30.8,2,0,0,0,0,0,0,9.699999999999989,50419.6,61.6,616.0
2000,L49179,L,298.4,308.0,1540,37.8,7,0,0,0,0,0,0,9.600000000000023,58211.99999999999,264.59999999999997,2156.0
2001,L49180,L,298.4,308.1,1279,53.1,9,0,0,0,0,0,0,9.700000000000045,67914.90000000001,477.90000000000003,2772.9
2002,L49181,L,298.4,308.2,1604,34.9,11,0,0,0,0,0,0,9.800000000000011,55979.6,383.9,3390.2
2003,L49182,L,298.5,308.2,1654,27.1,13,0,0,0,0,0,0,9.699999999999989,44823.4,352.3,4006.6
2004,M16863,M,298.5,308.2,1564,37.5,15,0,0,0,0,0,0,9.699999999999989,58650.0,562.5,4623.0
2005,L49184,L,298.5,308.2,1451,47.5,18,0,0,0,0,0,0,9.699999999999989,68922.5,855.0,5547.599999999999
2006,L49185,L,298.5,308.3,1504,38.0,20,0,0,0,0,0,0,9.800000000000011,57152.0,760.0,6166.0
2007,M16866,M,298.5,308.3,1381,50.5,22,0,0,0,0,0,0,9.800000000000011,69740.5,1111.0,6782.6
2008,L49187,L,298.6,308.4,1562,34.4,25,0,0,0,0,0,0,9.799999999999955,53732.799999999996,860.0,7709.999999999999
2009,L49188,L,298.5,308.3,1811,24.7,27,0,0,0,0,0,0,9.800000000000011,44731.7,666.9,8324.1
2010,M16869,M,298.6,308.3,1717,28.7,29,0,0,0,0,0,0,9.699999999999989,49277.9,832.3,8940.7
2011,L49190,L,298.6,308.3,1278,60.5,32,0,0,0,0,0,0,9.699999999999989,77319.0,1936.0,9865.6
2012,L49191,L,298.7,308.5,1616,30.2,34,0,0,0,0,0,0,9.800000000000011,48803.2,1026.8,10489.0
2013,L49192,L,298.6,308.4,1397,46.4,36,0,0,0,0,0,0,9.799999999999955,64820.799999999996,1670.3999999999999,11102.4
2014,L49193,L,298.6,308.4,1485,42.9,38,0,0,0,0,0,0,9.799999999999955,63706.5,1630.2,11719.199999999999
2015,L49194,L,298.6,308.4,1310,59.7,40,0,0,0,0,0,0,9.799999999999955,78207.0,2388.0,12336.0
2016,L49195,L,298.5,308.2,1301,66.3,42,1,0,0,1,0,0,9.699999999999989,86256.3,2784.6,12944.4
2017,L49196,L,298.5,308.3,1458,44.0,44,0,0,0,0,0,0,9.800000000000011,64152.0,1936.0,13565.2
2018,L49197,L,298.7,308.5,1483,42.5,46,0,0,0,0,0,0,9.800000000000011,63027.5,1955.0,14191.0
2019,L49198,L,298.7,308.5,1375,46.4,48,0,0,0,0,0,0,9.800000000000011,63800.0,2227.2,14808.0
2020,M16879,M,298.7,308.5,1660,27.0,50,0,0,0,0,0,0,9.800000000000011,44820.0,1350.0,15425.0
2021,H31434,H,298.7,308.4,1560,33.3,53,0,0,0,0,0,0,9.699999999999989,51947.99999999999,1764.8999999999999,16345.199999999999
2022,L49201,L,298.7,308.5,1480,42.2,58,0,0,0,0,0,0,9.800000000000011,62456.00000000001,2447.6000000000004,17893.0
2023,L49202,L,298.7,308.4,1373,46.9,60,0,0,0,0,0,0,9.699999999999989,64393.7,2814.0,18504.0
2024,L49203,L,298.7,308.5,1444,54.2,62,0,0,0,0,0,0,9.800000000000011,78264.8,3360.4,19127.0
2025,M16884,M,298.7,308.6,1722,24.7,64,0,0,0,0,0,0,9.900000000000034,42533.4,1580.8,19750.4
2026,L49205,L,298.7,308.5,1469,39.9,67,0,0,0,0,0,0,9.800000000000011,58613.1,2673.2999999999997,20669.5
2027,M16886,M,298.7,308.5,1360,52.9,69,0,0,0,0,0,0,9.800000000000011,71944.0,3650.1,21286.5
2028,L49207,L,298.7,308.4,1750,25.8,72,0,0,0,0,0,0,9.699999999999989,45150.0,1857.6000000000001,22204.8
2029,M16888,M,298.7,308.3,1349,46.6,74,0,0,0,0,0,0,9.600000000000023,62863.4,3448.4,22814.2
2030,L49209,L,298.7,308.5,1668,35.2,77,0,0,0,0,0,0,9.800000000000011,58713.600000000006,2710.4,23754.5
2031,L49210,L,298.9,308.6,1400,49.5,79,0,0,0,0,0,0,9.700000000000045,69300.0,3910.5,24379.4
2032,L49211,L,298.8,308.6,1331,62.8,81,0,0,0,0,0,0,9.800000000000011,83586.8,5086.8,24996.600000000002
2033,L49212,L,298.8,308.5,1444,42.2,83,0,0,0,0,0,0,9.699999999999989,60936.8,3502.6000000000004,25605.5
2034,H31447,H,298.8,308.5,1359,47.6,85,0,0,0,0,0,0,9.699999999999989,64688.4,4046.0,26222.5
2035,M16894,M,298.8,308.5,1425,47.4,90,0,0,0,0,0,0,9.699999999999989,67545.0,4266.0,27765.0
2036,M16895,M,298.9,308.6,1469,34.2,93,0,0,0,0,0,0,9.700000000000045,50239.8,3180.6000000000004,28699.800000000003
2037,L49216,L,299.0,308.7,1892,22.8,96,0,0,0,0,0,0,9.699999999999989,43137.6,2188.8,29635.199999999997
2038,H31451,H,299.0,308.7,1940,19.9,98,0,0,0,0,0,0,9.699999999999989,38606.0,1950.1999999999998,30252.6
2039,L49218,L,299.0,308.8,1405,55.2,103,0,0,0,0,0,0,9.800000000000011,77556.0,5685.6,31806.4
2040,M16899,M,299.0,308.9,1449,39.6,105,0,0,0,0,0,0,9.899999999999977,57380.4,4158.0,32434.499999999996
2041,L49220,L,299.1,308.9,1686,29.6,108,0,0,0,0,0,0,9.799999999999955,49905.600000000006,3196.8,33361.2
2042,L49221,L,299.1,308.9,1680,27.2,110,0,0,0,0,0,0,9.799999999999955,45696.0,2992.0,33979.0
2043,M16902,M,299.1,308.9,1397,52.4,112,0,0,0,0,0,0,9.799999999999955,73202.8,5868.8,34596.799999999996
2044,M16903,M,299.2,309.0,1597,30.3,115,0,0,0,0,0,0,9.800000000000011,48389.1,3484.5,35535.0
2045,L49224,L,299.3,309.1,1470,41.1,118,0,0,0,0,0,0,9.800000000000011,60417.0,4849.8,36473.8
2046,M16905,M,299.3,309.1,1703,31.3,120,0,0,0,0,0,0,9.800000000000011,53303.9,3756.0,37092.0
2047,L49226,L,299.3,309.1,1388,45.5,123,0,0,0,0,0,0,9.800000000000011,63154.0,5596.5,38019.3
2048,L49227,L,299.3,309.2,1775,24.2,125,0,0,0,0,0,0,9.899999999999977,42955.0,3025.0,38650.0
2049,L49228,L,299.3,309.2,1465,41.5,127,0,0,0,0,0,0,9.899999999999977,60797.5,5270.5,39268.4
2050,M16909,M,299.3,309.2,1586,37.9,129,0,0,0,0,0,0,9.899999999999977,60109.399999999994,4889.099999999999,39886.799999999996
2051,M16910,M,299.5,309.3,1675,29.2,132,0,0,0,0,0,0,9.800000000000011,48910.0,3854.4,40827.6
2052,M16911,M,299.4,309.2,1470,44.4,135,0,0,0,0,0,0,9.800000000000011,65268.0,5994.0,41742.0
2053,L49232,L,299.5,309.3,1477,40.4,138,0,0,0,0,0,0,9.800000000000011,59670.799999999996,5575.2,42683.4
2054,L49233,L,299.5,309.3,1382,61.0,140,0,0,0,0,0,0,9.800000000000011,84302.0,8540.0,43302.0
2055,M16914,M,299.6,309.4,1605,29.8,142,0,0,0,0,0,0,9.799999999999955,47829.0,4231.6,43934.799999999996
2056,L49235,L,299.6,309.4,1643,32.9,145,0,0,0,0,0,0,9.799999999999955,54054.7,4770.5,44863.0
2057,L49236,L,299.5,309.3,1333,54.1,147,0,0,0,0,0,0,9.800000000000011,72115.3,7952.7,45467.1
2058,L49237,L,299.5,309.3,1520,42.3,149,0,0,0,0,0,0,9.800000000000011,64295.99999999999,6302.7,46085.700000000004
2059,M16918,M,299.5,309.3,1902,24.0,151,0,0,0,0,0,0,9.800000000000011,45648.0,3624.0,46704.3
2060,H31473,H,299.5,309.4,1386,44.4,154,0,0,0,0,0,0,9.899999999999977,61538.4,6837.599999999999,47647.6
2061,L49240,L,299.6,309.5,1803,27.7,159,0,0,0,0,0,0,9.899999999999977,49943.1,4404.3,49210.5
2062,L49241,L,299.7,309.6,1359,50.7,161,0,0,0,0,0,0,9.900000000000034,68901.3,8162.700000000001,49845.600000000006
2063,M16922,M,299.7,309.6,1477,42.7,163,0,0,0,0,0,0,9.900000000000034,63067.9,6960.1,50464.8
2064,L49243,L,299.7,309.6,1321,53.4,166,0,0,0,0,0,0,9.900000000000034,70541.4,8864.4,51393.600000000006
2065,L49244,L,299.6,309.5,1453,41.4,168,0,0,0,0,0,0,9.899999999999977,60154.2,6955.2,51996.0
2066,L49245,L,299.7,309.6,1419,45.1,170,0,0,0,0,0,0,9.900000000000034,63996.9,7667.0,52632.00000000001
2067,L49246,L,299.7,309.6,1512,36.2,172,0,0,0,0,0,0,9.900000000000034,54734.4,6226.400000000001,53251.200000000004
2068,L49247,L,299.7,309.6,1553,36.8,174,0,0,0,0,0,0,9.900000000000034,57150.399999999994,6403.2,53870.4
2069,M16928,M,299.7,309.6,1534,39.1,176,0,0,0,0,0,0,9.900000000000034,59979.4,6881.6,54489.600000000006
2070,H31483,H,299.7,309.6,1553,41.0,179,0,0,0,0,0,0,9.900000000000034,63673.0,7339.0,55418.4
2071,L49250,L,299.7,309.5,1352,49.7,184,0,0,0,0,0,0,9.800000000000011,67194.40000000001,9144.800000000001,56948.0
2072,M16931,M,299.7,309.6,1313,60.0,186,0,0,0,0,0,0,9.900000000000034,78780.0,11160.0,57585.600000000006
2073,L49252,L,299.6,309.5,1570,35.5,189,0,0,0,0,0,1,9.899999999999977,55735.0,6709.5,58495.5
2074,L49253,L,299.6,309.4,1677,31.1,191,0,0,0,0,0,0,9.799999999999955,52154.700000000004,5940.1,59095.399999999994
2075,L49254,L,299.5,309.4,1602,31.5,193,0,0,0,0,0,0,9.899999999999977,50463.0,6079.5,59714.2
2076,L49255,L,299.5,309.4,1390,58.8,195,1,0,0,0,1,0,9.899999999999977,81732.0,11466.0,60332.99999999999
2077,L49256,L,299.4,309.3,1544,36.0,197,0,0,0,0,0,0,9.900000000000034,55584.0,7092.0,60932.100000000006
2078,L49257,L,299.4,309.4,1701,31.2,199,0,0,0,0,0,0,10.0,53071.2,6208.8,61570.6
2079,M16938,M,299.4,309.3,1692,28.4,201,0,0,0,0,0,0,9.900000000000034,48052.799999999996,5708.4,62169.3
2080,M16939,M,299.3,309.3,1523,37.9,204,0,0,0,0,0,0,10.0,57721.7,7731.599999999999,63097.200000000004
2081,L49260,L,299.3,309.2,2280,15.4,207,0,0,0,0,0,0,9.899999999999977,35112.0,3187.8,64004.399999999994
2082,M16941,M,299.4,309.3,1485,47.1,209,0,0,0,0,0,0,9.900000000000034,69943.5,9843.9,64643.700000000004
2083,H31496,H,299.4,309.2,1513,36.1,212,0,0,0,0,0,0,9.800000000000011,54619.3,7653.200000000001,65550.4
2084,H31497,H,299.4,309.3,1743,28.2,0,0,0,0,0,0,0,9.900000000000034,49152.6,0.0,0.0
2085,L49264,L,299.5,309.3,1442,46.2,5,0,0,0,0,0,0,9.800000000000011,66620.40000000001,231.0,1546.5
2086,L49265,L,299.5,309.3,1462,46.7,7,0,0,0,0,0,0,9.800000000000011,68275.40000000001,326.90000000000003,2165.1
2087,H31500,H,299.4,309.3,1439,49.7,9,0,0,0,0,0,0,9.900000000000034,71518.3,447.3,2783.7000000000003
2088,L49267,L,299.5,309.3,1577,36.6,14,0,0,0,0,0,0,9.800000000000011,57718.200000000004,512.4,4330.2
2089,L49268,L,299.6,309.4,1331,46.4,16,0,0,0,0,0,0,9.799999999999955,61758.4,742.4,4950.4
2090,L49269,L,299.5,309.3,1941,22.5,18,0,0,0,0,0,0,9.800000000000011,43672.5,405.0,5567.400000000001
2091,L49270,L,299.5,309.2,1393,47.3,20,0,0,0,0,0,0,9.699999999999989,65888.9,946.0,6184.0
2092,L49271,L,299.4,309.2,1433,42.1,22,0,0,0,0,0,0,9.800000000000011,60329.3,926.2,6802.4
2093,L49272,L,299.4,309.2,1444,48.2,24,0,0,0,0,0,0,9.800000000000011,69600.8,1156.8000000000002,7420.799999999999
2094,L49273,L,299.4,309.2,1564,39.0,26,0,0,0,0,0,0,9.800000000000011,60996.0,1014.0,8039.2
2095,L49274,L,299.4,309.3,1377,43.6,28,0,0,0,0,0,0,9.900000000000034,60037.200000000004,1220.8,8660.4
2096,L49275,L,299.4,309.3,1525,41.5,30,0,0,0,0,0,0,9.900000000000034,63287.5,1245.0,9279.0
2097,M16956,M,299.5,309.4,1387,56.2,32,0,0,0,0,0,0,9.899999999999977,77949.40000000001,1798.4,9900.8
2098,M16957,M,299.4,309.4,1326,47.5,35,0,0,0,0,0,0,10.0,62985.0,1662.5,10829.0
2099,L49278,L,299.4,309.3,1401,59.0,38,0,0,0,0,0,0,9.900000000000034,82659.0,2242.0,11753.4
2100,L49279,L,299.4,309.3,1596,31.8,40,0,0,0,0,0,0,9.900000000000034,50752.8,1272.0,12372.0
2101,M16960,M,299.3,309.3,1471,46.0,42,0,0,0,0,0,0,10.0,67666.0,1932.0,12990.6
2102,L49281,L,299.3,309.3,1528,37.8,45,0,0,0,0,0,0,10.0,57758.399999999994,1700.9999999999998,13918.5
2103,L49282,L,299.3,309.3,1325,62.0,47,0,0,0,0,0,0,10.0,82150.0,2914.0,14537.1
2104,M16963,M,299.3,309.1,1376,46.7,49,0,0,0,0,0,0,9.800000000000011,64259.200000000004,2288.3,15145.900000000001
2105,M16964,M,299.3,309.1,1600,35.3,52,0,0,0,0,0,0,9.800000000000011,56479.99999999999,1835.6,16073.2
2106,L49285,L,299.3,309.1,1495,44.0,55,0,0,0,0,0,0,9.800000000000011,65780.0,2420.0,17000.5
2107,L49286,L,299.4,309.1,1645,28.6,57,0,0,0,0,0,0,9.700000000000045,47047.0,1630.2,17618.7
2108,M16967,M,299.4,309.1,1417,47.3,59,0,0,0,0,0,0,9.700000000000045,67024.09999999999,2790.7,18236.9
2109,H31522,H,299.4,309.0,1415,51.7,62,0,0,0,0,0,0,9.600000000000023,73155.5,3205.4,19158.0
2110,M16969,M,299.3,309.0,1496,43.4,67,0,0,0,0,0,0,9.699999999999989,64926.4,2907.7999999999997,20703.0
2111,H31524,H,299.3,309.0,1508,35.0,70,0,0,0,0,0,0,9.699999999999989,52780.0,2450.0,21630.0
2112,L49291,L,299.4,309.0,1436,47.9,75,0,0,0,0,0,0,9.600000000000023,68784.4,3592.5,23175.0
2113,L49292,L,299.5,309.1,1852,22.6,77,0,0,0,0,0,0,9.600000000000023,41855.200000000004,1740.2,23800.7
2114,L49293,L,299.5,309.1,1863,22.5,79,0,0,0,0,0,0,9.600000000000023,41917.5,1777.5,24418.9
2115,H31528,H,299.4,309.1,1373,44.1,81,0,0,0,0,0,0,9.700000000000045,60549.3,3572.1,25037.100000000002
2116,L49295,L,299.4,309.0,1404,47.3,86,0,0,0,0,0,0,9.600000000000023,66409.2,4067.7999999999997,26574.0
2117,M16976,M,299.4,309.0,1381,44.9,88,0,0,0,0,0,0,9.600000000000023,62006.9,3951.2,27192.0
2118,H31531,H,299.4,308.9,1762,29.3,91,0,0,0,0,0,0,9.5,51626.6,2666.3,28109.899999999998
2119,H31532,H,299.3,308.9,1429,43.0,96,0,0,0,0,0,0,9.599999999999966,61447.0,4128.0,29654.399999999998
2120,M16979,M,299.3,308.9,1858,24.7,101,0,0,0,0,0,0,9.599999999999966,45892.6,2494.7,31198.899999999998
2121,H31534,H,299.2,308.8,1908,21.3,104,0,0,0,0,0,0,9.600000000000023,40640.4,2215.2000000000003,32115.2
2122,M16981,M,299.2,308.8,1503,37.4,109,0,0,0,0,0,0,9.600000000000023,56212.2,4076.6,33659.200000000004
2123,M16982,M,299.2,308.8,1523,38.9,112,0,0,0,0,0,0,9.600000000000023,59244.7,4356.8,34585.6
2124,L49303,L,299.3,309.0,1491,38.4,115,0,0,0,0,0,0,9.699999999999989,57254.4,4416.0,35535.0
2125,L49304,L,299.2,308.9,1430,39.1,117,0,0,0,0,0,0,9.699999999999989,55913.0,4574.7,36141.299999999996
2126,L49305,L,299.3,308.9,1258,69.4,119,1,0,0,1,0,0,9.599999999999966,87305.20000000001,8258.6,36759.1
2127,L49306,L,299.3,309.0,1449,46.5,121,0,0,0,0,0,0,9.699999999999989,67378.5,5626.5,37389.0
2128,H31541,H,299.3,309.0,1425,40.6,123,0,0,0,0,0,0,9.699999999999989,57855.0,4993.8,38007.0
2129,L49308,L,299.4,309.0,1800,24.3,128,0,0,0,0,0,0,9.600000000000023,43740.0,3110.4,39552.0
2130,H31543,H,299.4,309.0,1607,33.7,130,0,0,0,0,0,0,9.600000000000023,54155.9,4381.0,40170.0
2131,L49310,L,299.4,309.0,1391,58.2,135,0,0,0,0,0,0,9.600000000000023,80956.2,7857.0,41715.0
2132,L49311,L,299.4,309.1,1432,45.4,137,0,0,0,0,0,0,9.700000000000045,65012.799999999996,6219.8,42346.700000000004
2133,L49312,L,299.4,309.0,1660,28.4,139,0,0,0,0,0,0,9.600000000000023,47144.0,3947.6,42951.0
2134,H31547,H,299.3,309.0,1732,29.7,141,0,0,0,0,0,0,9.699999999999989,51440.4,4187.7,43569.0
2135,L49314,L,299.3,309.0,1473,46.3,146,0,0,0,0,0,0,9.699999999999989,68199.9,6759.799999999999,45114.0
2136,L49315,L,299.3,309.0,1511,47.8,148,0,0,0,0,0,0,9.699999999999989,72225.8,7074.4,45732.0
2137,L49316,L,299.2,308.9,1588,41.5,150,0,0,0,0,0,0,9.699999999999989,65902.0,6225.0,46335.0
2138,L49317,L,299.3,308.9,1623,31.1,152,0,0,0,0,0,0,9.599999999999966,50475.3,4727.2,46952.799999999996
2139,L49318,L,299.3,309.0,1734,30.6,154,0,0,0,0,0,0,9.699999999999989,53060.4,4712.400000000001,47586.0
2140,L49319,L,299.3,309.0,1415,47.6,156,0,0,0,0,0,0,9.699999999999989,67354.0,7425.6,48204.0
2141,L49320,L,299.3,309.0,1419,46.6,158,0,0,0,0,0,0,9.699999999999989,66125.40000000001,7362.8,48822.0
2142,M17001,M,299.3,308.9,1577,34.9,160,0,0,0,0,0,0,9.599999999999966,55037.299999999996,5584.0,49424.0
2143,L49322,L,299.3,308.9,1376,60.3,163,0,0,0,0,0,0,9.599999999999966,82972.8,9828.9,50350.7
2144,M17003,M,299.3,308.8,1442,49.0,165,0,0,0,0,0,0,9.5,70658.0,8085.0,50952.0
2145,L49324,L,299.4,308.9,1451,40.5,168,0,0,0,0,0,0,9.5,58765.5,6804.0,51895.2
2146,L49325,L,299.3,308.8,1550,45.8,170,0,0,0,0,0,0,9.5,70990.0,7785.999999999999,52496.0
2147,L49326,L,299.3,308.8,1647,32.9,172,0,0,0,0,0,0,9.5,54186.299999999996,5658.8,53113.6
2148,L49327,L,299.4,308.9,1550,33.7,174,0,0,0,0,0,0,9.5,52235.00000000001,5863.8,53748.6
2149,L49328,L,299.4,308.9,1583,34.1,176,0,0,0,0,0,0,9.5,53980.3,6001.6,54366.399999999994
2150,L49329,L,299.4,309.0,1613,32.2,178,0,0,0,0,0,0,9.600000000000023,51938.600000000006,5731.6,55002.0
2151,H31564,H,299.3,308.8,1636,35.5,180,0,0,0,0,0,0,9.5,58078.0,6390.0,55584.0
2152,M17011,M,299.3,308.7,1289,51.5,185,0,0,0,0,0,0,9.399999999999977,66383.5,9527.5,57109.5
2153,M17012,M,299.3,308.8,1648,28.4,188,0,0,0,0,0,0,9.5,46803.2,5339.2,58054.4
2154,H31567,H,299.3,308.8,1397,45.4,191,0,0,0,0,0,0,9.5,63423.799999999996,8671.4,58980.8
2155,M17014,M,299.3,308.9,1767,24.8,196,0,0,0,0,0,0,9.599999999999966,43821.6,4860.8,60544.399999999994
2156,L49335,L,299.3,308.8,1341,47.7,199,0,0,0,0,0,0,9.5,63965.700000000004,9492.300000000001,61451.200000000004
2157,M17016,M,299.4,308.9,1457,41.5,201,0,0,0,0,0,0,9.5,60465.5,8341.5,62088.899999999994
2158,M17017,M,299.4,309.0,1939,19.8,204,0,0,0,0,0,0,9.600000000000023,38392.200000000004,4039.2000000000003,63036.0
2159,M17018,M,299.5,309.0,1399,49.7,207,0,0,0,0,0,0,9.5,69530.3,10287.900000000001,63963.0
2160,M17019,M,299.5,309.0,1602,31.3,210,0,0,0,0,0,0,9.5,50142.6,6573.0,64890.0
2161,L49340,L,299.4,309.0,1507,41.0,213,0,0,0,0,0,0,9.600000000000023,61787.0,8733.0,65817.0
2162,L49341,L,299.4,309.1,1464,40.5,215,0,0,0,0,0,0,9.700000000000045,59292.0,8707.5,66456.5
2163,L49342,L,299.5,309.1,1336,42.1,217,0,0,0,0,0,0,9.600000000000023,56245.6,9135.7,67074.70000000001
2164,L49343,L,299.6,309.2,1422,39.8,219,0,0,0,0,0,0,9.599999999999966,56595.6,8716.199999999999,67714.8
2165,L49344,L,299.6,309.2,1540,36.7,221,0,0,0,0,0,0,9.599999999999966,56518.00000000001,8110.700000000001,68333.2
2166,L49345,L,299.5,309.1,1476,47.8,223,0,0,0,0,0,0,9.600000000000023,70552.8,10659.4,68929.3
2167,M17026,M,299.6,309.2,1867,23.4,225,1,1,0,0,0,0,9.599999999999966,43687.799999999996,5265.0,69570.0
2168,H31581,H,299.6,309.1,1588,41.3,0,0,0,0,0,0,0,9.5,65584.4,0.0,0.0
2169,M17028,M,299.5,309.1,1420,49.5,5,0,0,0,0,0,0,9.600000000000023,70290.0,247.5,1545.5
2170,L49349,L,299.5,309.1,1415,49.2,8,0,0,0,0,0,0,9.600000000000023,69618.0,393.6,2472.8
2171,M17030,M,299.4,309.1,1500,43.3,10,0,0,0,0,0,0,9.700000000000045,64949.99999999999,433.0,3091.0
2172,L49351,L,299.5,309.1,1502,44.6,13,0,0,0,0,0,0,9.600000000000023,66989.2,579.8000000000001,4018.3
2173,L49352,L,299.5,309.2,1816,23.0,15,0,0,0,0,0,0,9.699999999999989,41768.0,345.0,4638.0
2174,M17033,M,299.5,309.2,1495,41.6,17,0,0,0,0,0,0,9.699999999999989,62192.0,707.2,5256.4
2175,L49354,L,299.6,309.2,1572,33.4,20,0,0,0,0,0,0,9.599999999999966,52504.799999999996,668.0,6184.0
2176,M17035,M,299.5,309.2,1590,35.9,22,0,0,0,0,0,0,9.699999999999989,57081.0,789.8,6802.4
2177,M17036,M,299.6,309.3,1387,48.3,25,0,0,0,0,0,0,9.699999999999989,66992.09999999999,1207.5,7732.5
2178,M17037,M,299.6,309.2,1393,47.7,28,0,0,0,0,0,0,9.599999999999966,66446.1,1335.6000000000001,8657.6
2179,L49358,L,299.6,309.2,1602,37.3,31,0,0,0,0,0,0,9.599999999999966,59754.6,1156.3,9585.199999999999
2180,L49359,L,299.6,309.2,1601,33.3,33,0,0,0,0,0,0,9.599999999999966,53313.299999999996,1098.8999999999999,10203.6
2181,H31594,H,299.6,309.2,1597,36.3,35,0,0,0,0,0,0,9.599999999999966,57971.1,1270.5,10822.0
2182,H31595,H,299.5,309.1,1548,44.3,40,0,0,0,0,0,0,9.600000000000023,68576.4,1772.0,12364.0
2183,M17042,M,299.5,309.2,1314,61.8,45,0,0,0,0,0,0,9.699999999999989,81205.2,2781.0,13914.0
2184,M17043,M,299.6,309.3,1577,39.8,48,0,0,0,0,0,0,9.699999999999989,62764.6,1910.3999999999999,14846.400000000001
2185,L49364,L,299.8,309.4,1475,43.4,51,0,0,0,0,0,0,9.599999999999966,64015.0,2213.4,15779.4
2186,L49365,L,299.8,309.4,1630,32.4,53,0,0,0,0,0,0,9.599999999999966,52812.0,1717.1999999999998,16398.199999999997
2187,L49366,L,299.7,309.4,1445,42.9,55,0,0,0,0,0,0,9.699999999999989,61990.5,2359.5,17017.0
2188,M17047,M,299.8,309.4,1439,47.4,57,0,0,0,0,0,0,9.599999999999966,68208.59999999999,2701.7999999999997,17635.8
2189,L49368,L,299.7,309.3,1420,44.1,60,0,0,0,0,0,0,9.600000000000023,62622.0,2646.0,18558.0
2190,H31603,H,299.7,309.2,1554,41.6,62,0,0,0,0,0,0,9.5,64646.4,2579.2000000000003,19170.399999999998
2191,M17050,M,299.6,309.1,1471,44.3,67,0,0,0,0,0,0,9.5,65165.299999999996,2968.1,20709.7
2192,L49371,L,299.6,309.0,1648,33.6,70,0,0,0,0,0,0,9.399999999999977,55372.8,2352.0,21630.0
2193,L49372,L,299.6,309.0,1472,48.8,72,0,0,0,0,0,0,9.399999999999977,71833.59999999999,3513.6,22248.0
2194,M17053,M,299.5,308.9,1448,42.9,74,0,0,0,0,0,0,9.399999999999977,62119.2,3174.6,22858.6
2195,M17054,M,299.6,308.9,1568,35.3,77,0,0,0,0,0,0,9.299999999999955,55350.399999999994,2718.1,23785.3
2196,L49375,L,299.6,308.9,1613,30.8,80,0,0,0,0,0,0,9.299999999999955,49680.4,2464.0,24712.0
2197,M17056,M,299.7,308.9,1551,35.4,82,0,0,0,0,0,0,9.199999999999989,54905.399999999994,2902.7999999999997,25329.8
2198,L49377,L,299.7,309.0,1412,49.2,85,0,0,0,0,0,0,9.300000000000011,69470.40000000001,4182.0,26265.0
2199,M17058,M,299.7,308.9,1478,41.0,87,0,0,0,0,0,0,9.199999999999989,60598.0,3567.0,26874.3
2200,M17059,M,299.8,309.1,1268,58.0,90,0,0,0,0,0,0,9.300000000000011,73544.0,5220.0,27819.000000000004
2201,L49380,L,299.8,309.1,1546,35.6,93,0,0,0,0,0,0,9.300000000000011,55037.600000000006,3310.8,28746.300000000003
2202,L49381,L,299.8,309.0,1567,36.1,95,0,0,0,0,0,0,9.199999999999989,56568.700000000004,3429.5,29355.0
2203,M17062,M,299.9,309.2,1548,35.7,97,0,0,0,0,0,0,9.300000000000011,55263.600000000006,3462.9,29992.399999999998
2204,L49383,L,299.8,309.0,1614,30.8,100,0,0,0,0,0,0,9.199999999999989,49711.200000000004,3080.0,30900.0
2205,M17064,M,299.7,309.1,1352,46.1,102,0,0,0,0,0,0,9.400000000000034,62327.200000000004,4702.2,31528.2
2206,L49385,L,299.9,309.2,1624,34.6,105,0,0,0,0,0,0,9.300000000000011,56190.4,3633.0,32466.0
2207,L49386,L,299.9,309.2,1436,52.0,107,0,0,0,0,0,0,9.300000000000011,74672.0,5564.0,33084.4
2208,L49387,L,299.8,309.2,1591,37.5,109,0,0,0,0,0,0,9.399999999999977,59662.5,4087.5,33702.799999999996
2209,H31622,H,299.8,309.2,1435,42.6,111,0,0,0,0,0,0,9.399999999999977,61131.0,4728.6,34321.2
2210,L49389,L,299.8,309.3,1386,49.4,116,0,0,0,0,0,0,9.5,68468.4,5730.4,35878.8
2211,L49390,L,299.7,309.2,1401,54.1,118,0,0,0,0,0,0,9.5,75794.1,6383.8,36485.6
2212,M17071,M,299.6,309.0,1245,64.0,120,0,0,0,0,0,0,9.399999999999977,79680.0,7680.0,37080.0
2213,L49392,L,299.7,309.1,1475,40.0,123,0,0,0,0,0,0,9.400000000000034,59000.0,4920.0,38019.3
2214,L49393,L,299.7,309.1,1473,39.4,125,0,0,0,0,0,0,9.400000000000034,58036.2,4925.0,38637.5
2215,H31628,H,299.7,309.2,1355,44.8,127,0,0,0,0,0,0,9.5,60703.99999999999,5689.599999999999,39268.4
2216,H31629,H,299.7,309.2,1468,49.6,132,0,0,0,0,0,0,9.5,72812.8,6547.2,40814.4
2217,L49396,L,299.7,309.2,1645,30.8,137,0,0,0,0,0,0,9.5,50666.0,4219.6,42360.4
2218,L49397,L,299.7,309.1,1347,55.3,139,0,0,0,0,0,0,9.400000000000034,74489.09999999999,7686.7,42964.9
2219,L49398,L,299.7,309.1,1713,33.5,141,0,0,0,0,0,0,9.400000000000034,57385.5,4723.5,43583.100000000006
2220,M17079,M,299.6,309.1,1435,48.4,143,0,0,0,0,0,0,9.5,69454.0,6921.2,44201.3
2221,M17080,M,299.6,309.0,1736,26.1,146,0,0,0,0,0,0,9.399999999999977,45309.600000000006,3810.6000000000004,45114.0
2222,L49401,L,299.6,309.0,1372,60.4,149,0,0,0,0,0,0,9.399999999999977,82868.8,8999.6,46041.0
2223,L49402,L,299.7,309.0,1605,33.0,151,0,0,0,0,0,0,9.300000000000011,52965.0,4983.0,46659.0
2224,L49403,L,299.6,309.0,1413,48.5,153,0,0,0,0,0,0,9.399999999999977,68530.5,7420.5,47277.0
2225,M17084,M,299.7,309.0,1645,31.9,155,0,0,0,0,0,0,9.300000000000011,52475.5,4944.5,47895.0
2226,M17085,M,299.7,309.0,1465,49.0,158,0,0,0,0,0,0,9.300000000000011,71785.0,7742.0,48822.0
2227,M17086,M,299.6,308.9,1685,27.8,161,0,0,0,0,0,0,9.299999999999955,46843.0,4475.8,49732.899999999994
2228,L49407,L,299.5,308.8,1965,20.4,164,0,0,0,0,0,0,9.300000000000011,40086.0,3345.6,50643.200000000004
2229,H31642,H,299.4,308.6,1542,41.8,166,0,0,0,0,0,0,9.200000000000045,64455.6,6938.799999999999,51227.600000000006
2230,L49409,L,299.4,308.7,1681,30.8,171,0,0,0,0,0,0,9.300000000000011,51774.8,5266.8,52787.7
2231,L49410,L,299.5,308.7,1446,45.7,173,0,0,0,0,0,0,9.199999999999989,66082.2,7906.1,53405.1
2232,L49411,L,299.4,308.6,1415,56.4,175,0,0,0,0,0,0,9.200000000000045,79806.0,9870.0,54005.00000000001
2233,L49412,L,299.5,308.6,1672,30.5,177,0,0,0,0,0,0,9.100000000000023,50996.0,5398.5,54622.200000000004
2234,L49413,L,299.5,308.7,2549,13.0,179,1,0,0,1,0,0,9.199999999999989,33137.0,2327.0,55257.299999999996
2235,L49414,L,299.4,308.6,1492,40.5,181,0,0,0,0,0,0,9.200000000000045,60426.0,7330.5,55856.600000000006
2236,M17095,M,299.4,308.6,1455,42.7,183,0,0,0,0,0,0,9.200000000000045,62128.50000000001,7814.1,56473.8
2237,M17096,M,299.3,308.5,1422,43.1,186,0,0,0,0,0,0,9.199999999999989,61288.200000000004,8016.6,57381.0
2238,L49417,L,299.3,308.6,1403,50.6,189,0,0,0,0,0,0,9.300000000000011,70991.8,9563.4,58325.4
2239,L49418,L,299.3,308.6,1474,49.6,191,0,0,0,0,0,0,9.300000000000011,73110.40000000001,9473.6,58942.600000000006
2240,L49419,L,299.2,308.6,1381,50.0,193,0,0,0,0,0,0,9.400000000000034,69050.0,9650.0,59559.8
2241,L49420,L,299.2,308.5,1457,44.7,195,0,0,0,0,0,0,9.300000000000011,65127.9,8716.5,60157.5
2242,L49421,L,299.2,308.4,1711,28.9,197,0,0,0,0,0,0,9.199999999999989,49447.899999999994,5693.299999999999,60754.799999999996
2243,L49422,L,299.2,308.4,1667,29.0,199,0,0,0,0,0,0,9.199999999999989,48343.0,5771.0,61371.6
2244,L49423,L,299.2,308.4,1465,35.0,201,0,0,0,0,0,0,9.199999999999989,51275.0,7035.0,61988.399999999994
2245,M17104,M,299.3,308.4,1542,37.5,203,1,1,0,0,0,0,9.099999999999966,57825.0,7612.5,62605.2
2246,M17105,M,299.3,308.4,1438,42.3,0,0,0,0,0,0,0,9.099999999999966,60827.399999999994,0.0,0.0
2247,L49426,L,299.3,308.4,1406,47.4,3,0,0,0,0,0,0,9.099999999999966,66644.4,142.2,925.1999999999999
2248,M17107,M,299.2,308.4,1396,48.5,5,0,0,0,0,0,0,9.199999999999989,67706.0,242.5,1542.0
2249,M17108,M,299.3,308.5,1304,60.6,8,0,0,0,0,0,0,9.199999999999989,79022.40000000001,484.8,2468.0
2250,L49429,L,299.2,308.5,1442,46.5,11,0,0,0,0,0,0,9.300000000000011,67053.0,511.5,3393.5
2251,M17110,M,299.2,308.4,1396,48.7,13,0,0,0,0,0,0,9.199999999999989,67985.2,633.1,4009.2
2252,H31665,H,299.1,308.3,1424,43.4,16,0,0,0,0,0,0,9.199999999999989,61801.6,694.4,4932.8
2253,H31666,H,299.1,308.3,1451,42.8,21,0,0,0,0,0,0,9.199999999999989,62102.799999999996,898.8,6474.3
2254,L49433,L,299.2,308.4,1386,54.1,26,0,0,0,0,0,0,9.199999999999989,74982.6,1406.6000000000001,8018.4
2255,L49434,L,299.1,308.3,1325,46.9,28,0,0,0,0,0,0,9.199999999999989,62142.5,1313.2,8632.4
2256,L49435,L,299.1,308.3,1559,33.7,30,0,0,0,0,0,0,9.199999999999989,52538.3,1011.0000000000001,9249.0
2257,L49436,L,299.1,308.3,1489,38.1,32,0,0,0,0,0,0,9.199999999999989,56730.9,1219.2,9865.6
2258,L49437,L,299.1,308.3,1892,25.2,34,0,0,0,0,0,0,9.199999999999989,47678.4,856.8,10482.2
2259,L49438,L,299.1,308.2,1319,60.3,36,0,0,0,0,0,0,9.099999999999966,79535.7,2170.7999999999997,11095.199999999999
2260,L49439,L,299.1,308.3,1431,52.3,38,0,0,0,0,0,0,9.199999999999989,74841.3,1987.3999999999999,11715.4
2261,H31674,H,299.1,308.3,1521,36.5,40,0,0,0,0,0,0,9.199999999999989,55516.5,1460.0,12332.0
2262,M17121,M,299.1,308.2,1435,45.2,45,0,0,0,0,0,0,9.099999999999966,64862.00000000001,2034.0000000000002,13869.0
2263,L49442,L,299.1,308.3,1533,42.4,48,0,0,0,0,0,0,9.199999999999989,64999.2,2035.1999999999998,14798.400000000001
2264,M17123,M,299.2,308.4,1529,43.0,50,0,0,0,0,0,0,9.199999999999989,65747.0,2150.0,15419.999999999998
2265,M17124,M,299.2,308.4,1415,43.5,53,0,0,0,0,0,0,9.199999999999989,61552.5,2305.5,16345.199999999999
2266,M17125,M,299.2,308.4,1330,51.2,56,0,0,0,0,0,0,9.199999999999989,68096.0,2867.2000000000003,17270.399999999998
2267,L49446,L,299.2,308.5,1381,60.6,59,0,0,0,0,0,0,9.300000000000011,83688.6,3575.4,18201.5
2268,L49447,L,299.2,308.5,1370,52.4,61,0,0,0,0,0,0,9.300000000000011,71788.0,3196.4,18818.5
2269,L49448,L,299.2,308.5,1438,46.6,63,0,0,0,0,0,0,9.300000000000011,67010.8,2935.8,19435.5
2270,L49449,L,299.3,308.6,1314,48.2,65,0,0,0,0,0,0,9.300000000000011,63334.8,3133.0,20059.0
2271,L49450,L,299.3,308.6,1437,48.1,67,0,0,0,0,0,0,9.300000000000011,69119.7,3222.7000000000003,20676.2
2272,L49451,L,299.2,308.5,1821,26.1,69,0,0,0,0,0,0,9.300000000000011,47528.100000000006,1800.9,21286.5
2273,M17132,M,299.3,308.6,1448,52.1,71,0,0,0,0,0,0,9.300000000000011,75440.8,3699.1,21910.600000000002
2274,L49453,L,299.3,308.5,1589,32.7,74,0,0,0,0,0,0,9.199999999999989,51960.3,2419.8,22829.0
2275,L49454,L,299.3,308.6,1520,33.7,76,0,0,0,0,0,0,9.300000000000011,51224.00000000001,2561.2000000000003,23453.600000000002
2276,L49455,L,299.3,308.6,1605,37.0,78,0,0,0,0,0,0,9.300000000000011,59385.0,2886.0,24070.800000000003
2277,L49456,L,299.3,308.7,1393,54.2,80,0,0,0,0,0,0,9.399999999999977,75500.6,4336.0,24696.0
2278,H31691,H,299.3,308.7,1408,44.4,82,0,0,0,0,0,0,9.399999999999977,62515.2,3640.7999999999997,25313.399999999998
2279,M17138,M,299.3,308.7,1459,35.6,87,0,0,0,0,0,0,9.399999999999977,51940.4,3097.2000000000003,26856.899999999998
2280,L49459,L,299.4,308.7,1525,39.0,90,0,0,0,0,0,0,9.300000000000011,59475.0,3510.0,27783.0
2281,L49460,L,299.4,308.8,1390,57.0,92,0,0,0,0,0,0,9.400000000000034,79230.0,5244.0,28409.600000000002
2282,L49461,L,299.3,308.7,1536,38.9,94,0,0,0,0,0,0,9.399999999999977,59750.399999999994,3656.6,29017.8
2283,L49462,L,299.4,308.7,1459,47.6,96,0,0,0,0,0,0,9.300000000000011,69448.40000000001,4569.6,29635.199999999997
2284,L49463,L,299.2,308.5,1387,51.1,98,0,0,0,0,0,0,9.300000000000011,70875.7,5007.8,30233.0
2285,L49464,L,299.2,308.5,1378,53.4,100,0,0,0,0,0,0,9.300000000000011,73585.2,5340.0,30850.0
2286,L49465,L,299.4,308.7,1381,56.7,102,0,0,0,0,0,0,9.300000000000011,78302.7,5783.400000000001,31487.399999999998
2287,M17146,M,299.4,308.7,1289,60.5,104,0,0,0,0,0,0,9.300000000000011,77984.5,6292.0,32104.8
2288,L49467,L,299.4,308.6,1746,26.8,107,0,0,0,0,0,0,9.200000000000045,46792.8,2867.6,33020.200000000004
2289,M17148,M,299.4,308.6,1541,39.1,109,0,0,0,0,0,0,9.200000000000045,60253.100000000006,4261.900000000001,33637.4
2290,L49469,L,299.4,308.7,1504,37.8,112,0,0,0,0,0,0,9.300000000000011,56851.2,4233.599999999999,34574.4
2291,M17150,M,299.5,308.7,1321,51.9,114,0,0,0,0,0,0,9.199999999999989,68559.9,5916.599999999999,35191.799999999996
2292,M17151,M,299.5,308.8,1886,20.9,117,0,0,0,0,0,0,9.300000000000011,39417.399999999994,2445.2999999999997,36129.6
2293,L49472,L,299.6,308.9,1422,53.2,120,0,0,0,0,0,0,9.299999999999955,75650.40000000001,6384.0,37068.0
2294,L49473,L,299.5,308.9,1520,38.3,122,0,0,0,0,0,0,9.399999999999977,58215.99999999999,4672.599999999999,37685.799999999996
2295,L49474,L,299.4,308.8,1627,32.6,124,0,0,0,0,0,0,9.400000000000034,53040.200000000004,4042.4,38291.200000000004
2296,L49475,L,299.4,308.7,1512,37.2,126,0,0,0,0,0,0,9.300000000000011,56246.4,4687.200000000001,38896.2
2297,L49476,L,299.4,308.7,1553,42.7,128,0,0,0,0,0,0,9.300000000000011,66313.1,5465.6,39513.6
2298,L49477,L,299.3,308.7,1802,26.0,130,0,0,0,0,0,0,9.399999999999977,46852.0,3380.0,40131.0
2299,L49478,L,299.3,308.6,1482,37.6,132,0,0,0,0,0,0,9.300000000000011,55723.200000000004,4963.2,40735.200000000004
2300,L49479,L,299.4,308.7,1446,62.9,134,1,0,0,1,0,0,9.300000000000011,90953.4,8428.6,41365.799999999996
2301,L49480,L,299.3,308.6,1371,50.5,136,0,0,0,0,0,0,9.300000000000011,69235.5,6868.0,41969.600000000006
2302,M17161,M,299.2,308.6,1586,35.7,138,0,0,0,0,0,0,9.400000000000034,56620.200000000004,4926.6,42586.8
2303,L49482,L,299.2,308.5,1515,39.8,141,0,0,0,0,0,0,9.300000000000011,60296.99999999999,5611.799999999999,43498.5
2304,L49483,L,299.2,308.5,1374,53.6,143,0,0,0,0,0,0,9.300000000000011,73646.40000000001,7664.8,44115.5
2305,L49484,L,299.1,308.5,1455,39.8,145,0,0,0,0,0,0,9.399999999999977,57908.99999999999,5771.0,44732.5
2306,H31719,H,299.2,308.5,1342,47.5,147,0,0,0,0,0,0,9.300000000000011,63745.0,6982.5,45349.5
2307,L49486,L,299.1,308.6,1260,57.8,152,0,0,0,0,0,0,9.5,72828.0,8785.6,46907.200000000004
2308,H31721,H,299.0,308.5,1623,33.5,154,0,0,0,0,0,0,9.5,54370.5,5159.0,47509.0
2309,L49488,L,299.1,308.5,1371,55.5,159,0,0,0,0,0,0,9.399999999999977,76090.5,8824.5,49051.5
2310,L49489,L,299.1,308.6,1611,31.4,161,0,0,0,0,0,0,9.5,50585.399999999994,5055.4,49684.600000000006
2311,M17170,M,299.0,308.4,1535,47.5,163,0,0,0,0,0,0,9.399999999999977,72912.5,7742.5,50269.2
2312,M17171,M,299.1,308.6,1491,38.5,166,0,0,0,0,0,0,9.5,57403.5,6391.0,51227.600000000006
2313,M17172,M,299.1,308.6,1441,36.2,169,0,0,0,0,0,0,9.5,52164.200000000004,6117.8,52153.4
2314,M17173,M,299.1,308.8,1725,26.6,172,0,0,0,0,0,0,9.699999999999989,45885.0,4575.2,53113.6
2315,L49494,L,299.2,308.9,1368,47.2,175,0,0,0,0,0,0,9.699999999999989,64569.600000000006,8260.0,54057.49999999999
2316,L49495,L,299.2,308.9,1526,37.9,177,0,0,0,0,0,0,9.699999999999989,57835.4,6708.3,54675.299999999996
2317,L49496,L,299.2,308.8,1542,39.2,179,0,0,0,0,0,0,9.600000000000023,60446.4,7016.8,55275.200000000004
2318,L49497,L,299.2,308.8,1605,31.1,181,0,0,0,0,0,0,9.600000000000023,49915.5,5629.1,55892.8
2319,L49498,L,299.2,308.8,1405,51.4,183,0,0,0,0,0,0,9.600000000000023,72217.0,9406.199999999999,56510.4
2320,M17179,M,299.2,308.8,1700,33.5,185,0,0,0,0,0,0,9.600000000000023,56950.0,6197.5,57128.0
2321,H31734,H,299.2,308.8,1440,39.1,188,0,0,0,0,0,0,9.600000000000023,56304.0,7350.8,58054.4
2322,M17181,M,299.2,308.8,1314,52.5,193,0,0,0,0,0,0,9.600000000000023,68985.0,10132.5,59598.4
2323,L49502,L,299.2,308.7,1514,41.9,196,0,0,0,0,0,0,9.5,63436.6,8212.4,60505.2
2324,M17183,M,299.2,308.7,1401,47.0,198,0,0,0,0,0,0,9.5,65847.0,9306.0,61122.6
2325,L49504,L,299.3,308.8,1636,29.9,201,0,0,0,0,0,0,9.5,48916.399999999994,6009.9,62068.8
2326,L49505,L,299.3,308.8,1603,33.9,203,0,0,0,0,0,0,9.5,54341.7,6881.7,62686.4
2327,M17186,M,299.4,308.7,1487,52.6,205,0,0,0,0,0,0,9.300000000000011,78216.2,10783.0,63283.5
2328,M17187,M,299.3,308.7,1420,50.3,208,0,0,0,0,0,0,9.399999999999977,71426.0,10462.4,64209.6
2329,L49508,L,299.3,308.7,1579,36.3,211,0,0,0,0,0,0,9.399999999999977,57317.7,7659.299999999999,65135.7
2330,L49509,L,299.3,308.7,1484,40.5,213,0,0,0,0,0,0,9.399999999999977,60102.0,8626.5,65753.09999999999
2331,M17190,M,299.3,308.7,1390,49.3,215,0,0,0,0,0,0,9.399999999999977,68527.0,10599.5,66370.5
2332,L49511,L,299.3,308.6,1384,53.6,218,1,0,0,0,1,0,9.300000000000011,74182.40000000001,11684.800000000001,67274.8
2333,L49512,L,299.2,308.5,1378,50.4,220,1,0,0,0,1,0,9.300000000000011,69451.2,11088.0,67870.0
2334,L49513,L,299.2,308.5,1445,45.2,222,0,0,0,0,0,0,9.300000000000011,65314.00000000001,10034.400000000001,68487.0
2335,L49514,L,299.2,308.4,1445,43.5,224,0,0,0,0,0,0,9.199999999999989,62857.5,9744.0,69081.59999999999
2336,L49515,L,299.2,308.4,1509,39.4,0,0,0,0,0,0,0,9.199999999999989,59454.6,0.0,0.0
2337,L49516,L,299.2,308.4,1434,46.8,2,0,0,0,0,0,0,9.199999999999989,67111.2,93.6,616.8
2338,L49517,L,299.2,308.4,1877,23.9,4,0,0,0,0,0,0,9.199999999999989,44860.299999999996,95.6,1233.6
2339,L49518,L,299.3,308.3,1651,28.0,6,0,0,0,0,0,0,9.0,46228.0,168.0,1849.8000000000002
2340,L49519,L,299.2,308.2,1466,41.3,8,0,0,0,0,0,0,9.0,60545.799999999996,330.4,2465.6
2341,L49520,L,299.1,308.1,1479,40.7,10,0,0,0,0,0,0,9.0,60195.3,407.0,3081.0
2342,L49521,L,299.1,308.2,1409,46.4,12,0,0,0,0,0,0,9.099999999999966,65377.6,556.8,3698.3999999999996
2343,M17202,M,299.2,308.2,1674,28.2,14,0,0,0,0,0,0,9.0,47206.799999999996,394.8,4314.8
2344,L49523,L,299.1,308.3,1305,61.4,17,0,0,0,0,0,0,9.199999999999989,80127.0,1043.8,5241.1
2345,M17204,M,299.2,308.3,1755,26.4,19,0,0,0,0,0,0,9.100000000000023,46332.0,501.59999999999997,5857.7
2346,L49525,L,299.2,308.4,1475,38.7,22,0,0,0,0,0,0,9.199999999999989,57082.50000000001,851.4000000000001,6784.799999999999
2347,L49526,L,299.2,308.4,1402,47.7,24,0,0,0,0,0,0,9.199999999999989,66875.40000000001,1144.8000000000002,7401.599999999999
2348,L49527,L,299.2,308.3,1410,43.0,26,0,0,0,0,0,0,9.100000000000023,60630.0,1118.0,8015.8
2349,L49528,L,299.2,308.4,1436,41.8,28,0,0,0,0,0,0,9.199999999999989,60024.799999999996,1170.3999999999999,8635.199999999999
2350,M17209,M,299.3,308.5,1386,42.2,30,0,0,0,0,0,0,9.199999999999989,58489.200000000004,1266.0,9255.0
2351,L49530,L,299.3,308.6,1744,26.4,33,0,0,0,0,0,0,9.300000000000011,46041.6,871.1999999999999,10183.800000000001
2352,L49531,L,299.2,308.4,1393,48.4,35,0,0,0,0,0,0,9.199999999999989,67421.2,1694.0,10794.0
2353,M17212,M,299.3,308.5,1422,45.4,37,0,0,0,0,0,0,9.199999999999989,64558.799999999996,1679.8,11414.5
2354,L49533,L,299.2,308.4,1841,22.8,40,0,0,0,0,0,0,9.199999999999989,41974.8,912.0,12336.0
2355,L49534,L,299.3,308.6,1433,37.7,42,0,0,0,0,0,0,9.300000000000011,54024.100000000006,1583.4,12961.2
2356,M17215,M,299.3,308.5,1305,60.6,44,0,0,0,0,0,0,9.199999999999989,79083.0,2666.4,13574.0
2357,H31770,H,299.3,308.6,1498,39.5,47,0,0,0,0,0,0,9.300000000000011,59171.0,1856.5,14504.2
2358,L49537,L,299.3,308.5,1772,26.1,52,0,0,0,0,0,0,9.199999999999989,46249.200000000004,1357.2,16042.0
2359,M17218,M,299.2,308.4,1381,42.5,54,0,0,0,0,0,0,9.199999999999989,58692.5,2295.0,16653.6
2360,L49539,L,299.3,308.5,1413,38.5,57,0,0,0,0,0,0,9.199999999999989,54400.5,2194.5,17584.5
2361,H31774,H,299.2,308.4,1388,53.2,59,0,0,0,0,0,0,9.199999999999989,73841.6,3138.8,18195.6
2362,M17221,M,299.2,308.6,1631,35.4,64,0,0,0,0,0,0,9.400000000000034,57737.399999999994,2265.6,19750.4
2363,H31776,H,299.3,308.6,1520,41.4,67,0,0,0,0,0,0,9.300000000000011,62928.0,2773.7999999999997,20676.2
2364,L49543,L,299.3,308.5,1510,45.4,72,0,0,0,0,0,0,9.199999999999989,68554.0,3268.7999999999997,22212.0
2365,L49544,L,299.2,308.5,1366,49.7,74,0,0,0,0,0,0,9.300000000000011,67890.2,3677.8,22829.0
2366,L49545,L,299.4,308.5,1845,22.9,76,0,0,0,0,0,0,9.100000000000023,42250.5,1740.3999999999999,23446.0
2367,L49546,L,299.3,308.5,1485,44.7,78,0,0,0,0,0,0,9.199999999999989,66379.5,3486.6000000000004,24063.0
2368,M17227,M,299.3,308.5,1496,39.4,80,0,0,0,0,0,0,9.199999999999989,58942.4,3152.0,24680.0
2369,M17228,M,299.3,308.4,1468,42.2,83,0,0,0,0,0,0,9.099999999999966,61949.600000000006,3502.6000000000004,25597.199999999997
2370,M17229,M,299.2,308.4,1856,22.7,86,0,0,0,0,0,0,9.199999999999989,42131.2,1952.2,26522.399999999998
2371,L49550,L,299.2,308.4,1620,34.1,89,0,0,0,0,0,0,9.199999999999989,55242.0,3034.9,27447.6
2372,L49551,L,299.3,308.5,1409,44.8,91,0,0,0,0,0,0,9.199999999999989,63123.2,4076.7999999999997,28073.5
2373,M17232,M,299.3,308.5,1404,49.4,93,0,0,0,0,0,0,9.199999999999989,69357.59999999999,4594.2,28690.5
2374,L49553,L,299.2,308.4,1350,51.3,96,0,0,0,0,0,0,9.199999999999989,69255.0,4924.799999999999,29606.399999999998
2375,M17234,M,299.2,308.4,1538,38.0,98,0,0,0,0,0,0,9.199999999999989,58444.0,3724.0,30223.199999999997
2376,M17235,M,299.2,308.4,1476,32.7,101,0,0,0,0,0,0,9.199999999999989,48265.200000000004,3302.7000000000003,31148.399999999998
2377,M17236,M,299.2,308.3,1364,51.8,104,0,0,0,0,0,0,9.100000000000023,70655.2,5387.2,32063.2
2378,M17237,M,299.2,308.3,1582,45.5,107,0,0,0,0,0,0,9.100000000000023,71981.0,4868.5,32988.1
2379,L49558,L,299.1,308.2,1348,56.1,110,0,0,0,0,0,0,9.099999999999966,75622.8,6171.0,33902.0
2380,H31793,H,299.1,308.2,1450,46.1,112,0,0,0,0,0,0,9.099999999999966,66845.0,5163.2,34518.4
2381,L49560,L,299.0,308.1,1242,60.9,117,0,0,0,0,0,0,9.100000000000023,75637.8,7125.3,36047.700000000004
2382,L49561,L,299.1,308.2,1493,34.9,119,0,0,0,0,0,0,9.099999999999966,52105.7,4153.099999999999,36675.799999999996
2383,L49562,L,299.1,308.3,1601,31.4,121,0,0,0,0,0,0,9.199999999999989,50271.399999999994,3799.3999999999996,37304.3
2384,L49563,L,299.1,308.2,1568,33.3,123,0,0,0,0,0,0,9.099999999999966,52214.399999999994,4095.8999999999996,37908.6
2385,M17244,M,299.1,308.3,1506,38.0,125,0,0,0,0,0,0,9.199999999999989,57228.0,4750.0,38537.5
2386,L49565,L,299.1,308.3,1524,34.1,128,0,0,0,0,0,0,9.199999999999989,51968.4,4364.8,39462.4
2387,L49566,L,299.1,308.4,1543,37.9,130,0,0,0,0,0,0,9.299999999999955,58479.7,4927.0,40092.0
2388,M17247,M,299.2,308.5,1474,47.2,132,0,0,0,0,0,0,9.300000000000011,69572.8,6230.400000000001,40722.0
2389,M17248,M,299.2,308.5,1526,37.3,135,0,0,0,0,0,0,9.300000000000011,56919.799999999996,5035.5,41647.5
2390,L49569,L,299.2,308.5,1867,27.0,138,0,0,0,0,0,0,9.300000000000011,50409.0,3726.0,42573.0
2391,L49570,L,299.2,308.5,1487,41.2,140,0,0,0,0,0,0,9.300000000000011,61264.4,5768.0,43190.0
2392,L49571,L,299.2,308.4,1580,32.6,142,0,0,0,0,0,0,9.199999999999989,51508.0,4629.2,43792.799999999996
2393,L49572,L,299.2,308.5,1340,50.0,144,0,0,0,0,0,0,9.300000000000011,67000.0,7200.0,44424.0
2394,L49573,L,299.2,308.5,1544,41.6,146,0,0,0,0,0,0,9.300000000000011,64230.4,6073.6,45041.0
2395,L49574,L,299.2,308.5,1488,40.3,148,0,0,0,0,0,0,9.300000000000011,59966.399999999994,5964.4,45658.0
2396,M17255,M,299.2,308.5,1742,28.9,150,0,0,0,0,0,0,9.300000000000011,50343.799999999996,4335.0,46275.0
2397,M17256,M,299.1,308.5,1592,34.2,153,0,0,0,0,0,0,9.399999999999977,54446.4,5232.6,47200.5
2398,L49577,L,299.2,308.6,1582,38.8,156,0,0,0,0,0,0,9.400000000000034,61381.6,6052.799999999999,48141.600000000006
2399,L49578,L,299.2,308.5,1490,43.2,158,0,0,0,0,0,0,9.300000000000011,64368.00000000001,6825.6,48743.0
2400,M17259,M,299.2,308.5,1594,35.8,160,0,0,0,0,0,0,9.300000000000011,57065.2,5728.0,49360.0
2401,H31814,H,299.2,308.6,1462,55.0,163,0,0,0,0,0,0,9.400000000000034,80410.0,8965.0,50301.8
2402,M17261,M,299.2,308.6,1367,47.6,168,0,0,0,0,0,0,9.400000000000034,65069.200000000004,7996.8,51844.8
2403,L49582,L,299.2,308.7,1325,51.0,171,0,0,0,0,0,0,9.5,67575.0,8721.0,52787.7
2404,H31817,H,299.2,308.7,1448,51.4,173,0,0,0,0,0,0,9.5,74427.2,8892.199999999999,53405.1
2405,M17264,M,299.1,308.7,2008,20.3,178,0,0,0,0,0,0,9.599999999999966,40762.4,3613.4,54948.6
2406,L49585,L,299.1,308.7,1498,38.9,181,0,0,0,0,0,0,9.599999999999966,58272.2,7040.9,55874.7
2407,L49586,L,299.1,308.6,1437,41.6,183,0,0,0,0,0,0,9.5,59779.200000000004,7612.8,56473.8
2408,M17267,M,299.1,308.6,1499,45.1,185,0,0,0,0,0,0,9.5,67604.90000000001,8343.5,57091.00000000001
2409,L49588,L,299.0,308.4,1356,52.6,188,0,0,0,0,0,0,9.399999999999977,71325.6,9888.800000000001,57979.2
2410,L49589,L,299.1,308.5,1539,46.8,190,0,0,0,0,0,0,9.399999999999977,72025.2,8892.0,58615.0
2411,L49590,L,299.1,308.5,1689,32.1,192,0,0,0,0,0,0,9.399999999999977,54216.9,6163.200000000001,59232.0
2412,L49591,L,299.0,308.5,1559,38.1,194,0,0,0,0,0,0,9.5,59397.9,7391.400000000001,59849.0
2413,L49592,L,299.1,308.6,1408,46.7,196,0,0,0,0,0,0,9.5,65753.6,9153.2,60485.600000000006
2414,L49593,L,299.0,308.5,1886,23.0,198,0,0,0,0,0,0,9.5,43378.0,4554.0,61083.0
2415,L49594,L,299.1,308.5,1415,43.4,0,0,0,0,0,0,0,9.399999999999977,61411.0,0.0,0.0
2416,M17275,M,299.1,308.5,1587,35.6,2,0,0,0,0,0,0,9.399999999999977,56497.200000000004,71.2,617.0
2417,L49596,L,299.0,308.4,1571,38.6,5,0,0,0,0,0,0,9.399999999999977,60640.600000000006,193.0,1542.0
2418,L49597,L,298.9,308.3,1576,36.6,7,0,0,0,0,0,0,9.400000000000034,57681.600000000006,256.2,2158.1
2419,L49598,L,298.9,308.3,1660,34.4,9,0,0,0,0,0,0,9.400000000000034,57104.0,309.59999999999997,2774.7000000000003
2420,M17279,M,298.9,308.2,1328,49.2,11,0,0,0,0,0,0,9.300000000000011,65337.600000000006,541.2,3390.2
2421,H31834,H,298.8,308.2,1450,44.7,14,0,0,0,0,0,0,9.399999999999977,64815.00000000001,625.8000000000001,4314.8
2422,L49601,L,298.9,308.2,2384,15.0,19,0,0,0,0,0,0,9.300000000000011,35760.0,285.0,5855.8
2423,L49602,L,298.8,308.2,1443,53.4,21,0,0,0,0,0,0,9.399999999999977,77056.2,1121.3999999999999,6472.2
2424,M17283,M,298.9,308.2,2022,20.0,23,0,0,0,0,0,0,9.300000000000011,40440.0,460.0,7088.599999999999
2425,L49604,L,298.9,308.2,1828,23.8,26,0,0,0,0,0,0,9.300000000000011,43506.4,618.8000000000001,8013.2
2426,L49605,L,298.8,308.1,1472,53.5,28,0,0,0,0,0,0,9.300000000000011,78752.0,1498.0,8626.800000000001
2427,M17286,M,298.9,308.2,1372,63.6,30,1,0,0,1,0,0,9.300000000000011,87259.2,1908.0,9246.0
2428,L49607,L,298.9,308.3,1855,23.8,33,0,0,0,0,0,0,9.400000000000034,44149.0,785.4,10173.9
2429,M17288,M,299.0,308.3,1377,47.2,35,0,0,0,0,0,0,9.300000000000011,64994.4,1652.0,10790.5
2430,L49609,L,298.9,308.3,1432,48.9,38,0,0,0,0,0,0,9.400000000000034,70024.8,1858.2,11715.4
2431,M17290,M,298.9,308.2,1335,47.8,40,0,0,0,0,0,0,9.300000000000011,63812.99999999999,1912.0,12328.0
2432,M17291,M,298.9,308.2,1411,51.3,43,0,0,0,0,0,0,9.300000000000011,72384.3,2205.9,13252.6
2433,L49612,L,298.9,308.2,1510,43.5,46,0,0,0,0,0,0,9.300000000000011,65685.0,2001.0,14177.199999999999
2434,L49613,L,299.0,308.3,1441,44.0,48,0,0,0,0,0,0,9.300000000000011,63404.0,2112.0,14798.400000000001
2435,M17294,M,299.0,308.2,1358,42.7,50,0,0,0,0,0,0,9.199999999999989,57986.600000000006,2135.0,15410.0
2436,L49615,L,298.9,308.2,1686,30.4,53,0,0,0,0,0,0,9.300000000000011,51254.399999999994,1611.1999999999998,16334.599999999999
2437,H31850,H,299.0,308.2,1662,30.4,55,0,0,0,0,0,0,9.199999999999989,50524.799999999996,1672.0,16951.0
2438,L49617,L,299.1,308.3,1426,40.1,60,0,0,0,0,0,0,9.199999999999989,57182.6,2406.0,18498.0
2439,M17298,M,299.1,308.4,1330,53.6,62,0,0,0,0,0,0,9.299999999999955,71288.0,3323.2000000000003,19120.8
2440,L49619,L,299.1,308.4,1693,31.6,65,0,0,0,0,0,0,9.299999999999955,53498.8,2054.0,20046.0
2441,L49620,L,299.1,308.4,1426,47.9,67,0,0,0,0,0,0,9.299999999999955,68305.4,3209.2999999999997,20662.8
2442,L49621,L,299.1,308.5,1676,31.0,69,0,0,0,0,0,0,9.399999999999977,51956.0,2139.0,21286.5
2443,M17302,M,299.1,308.4,1332,51.7,71,0,0,0,0,0,0,9.299999999999955,68864.40000000001,3670.7000000000003,21896.399999999998
2444,L49623,L,299.1,308.5,1647,35.0,74,0,0,0,0,0,0,9.399999999999977,57645.0,2590.0,22829.0
2445,L49624,L,299.2,308.6,1267,68.2,76,1,0,0,1,0,0,9.400000000000034,86409.40000000001,5183.2,23453.600000000002
2446,H31859,H,299.2,308.7,1375,55.1,78,0,0,0,0,0,0,9.5,75762.5,4297.8,24078.6
2447,L49626,L,299.3,308.6,1422,48.9,83,0,0,0,0,0,0,9.300000000000011,69535.8,4058.7,25613.800000000003
2448,L49627,L,299.3,308.7,1408,48.7,85,0,0,0,0,0,0,9.399999999999977,68569.6,4139.5,26239.5
2449,L49628,L,299.4,308.9,1440,42.5,87,0,0,0,0,0,0,9.5,61200.0,3697.5,26874.3
2450,L49629,L,299.3,308.8,1772,25.2,89,0,0,0,0,0,0,9.5,44654.4,2242.7999999999997,27483.2
2451,L49630,L,299.2,308.7,1492,37.8,91,0,0,0,0,0,0,9.5,56397.6,3439.7999999999997,28091.7
2452,L49631,L,299.2,308.7,1650,30.5,93,0,0,0,0,0,0,9.5,50325.0,2836.5,28709.1
2453,M17312,M,299.1,308.6,2329,14.6,95,0,0,0,0,0,0,9.5,34003.4,1387.0,29317.000000000004
2454,L49633,L,299.0,308.6,1648,30.8,98,0,0,0,0,0,0,9.600000000000023,50758.4,3018.4,30242.800000000003
2455,L49634,L,299.0,308.6,1653,31.7,100,0,0,0,0,0,0,9.600000000000023,52400.1,3170.0,30860.000000000004
2456,L49635,L,299.0,308.6,1946,22.3,102,0,0,0,0,0,0,9.600000000000023,43395.8,2274.6,31477.2
2457,L49636,L,299.1,308.6,1555,36.6,104,0,0,0,0,0,0,9.5,56913.0,3806.4,32094.4
2458,L49637,L,299.0,308.6,1661,32.2,106,0,0,0,0,0,0,9.600000000000023,53484.200000000004,3413.2000000000003,32711.600000000002
2459,L49638,L,299.0,308.6,1434,45.9,108,0,0,0,0,0,0,9.600000000000023,65820.59999999999,4957.2,33328.8
2460,L49639,L,299.0,308.6,1297,54.2,110,0,0,0,0,0,0,9.600000000000023,70297.40000000001,5962.0,33946.0
2461,L49640,L,299.0,308.6,1466,46.4,112,0,0,0,0,0,0,9.600000000000023,68022.4,5196.8,34563.200000000004
2462,M17321,M,298.9,308.6,1517,39.8,114,0,0,0,0,0,0,9.700000000000045,60376.6,4537.2,35180.4
2463,L49642,L,298.9,308.5,1742,34.5,117,0,0,0,0,0,0,9.600000000000023,60099.0,4036.5,36094.5
2464,L49643,L,298.9,308.5,1580,39.1,119,0,0,0,0,0,0,9.600000000000023,61778.0,4652.900000000001,36711.5
2465,M17324,M,298.9,308.5,1534,42.9,121,0,0,0,0,0,0,9.600000000000023,65808.59999999999,5190.9,37328.5
2466,L49645,L,298.9,308.6,1481,40.7,124,0,0,0,0,0,0,9.700000000000045,60276.700000000004,5046.8,38266.4
2467,L49646,L,299.0,308.6,1429,37.7,126,0,0,0,0,0,0,9.600000000000023,53873.3,4750.200000000001,38883.600000000006
2468,M17327,M,298.9,308.6,1574,33.5,128,0,0,0,0,0,0,9.700000000000045,52729.0,4288.0,39500.8
2469,M17328,M,298.9,308.6,1524,40.4,131,0,0,0,0,0,0,9.700000000000045,61569.6,5292.4,40426.600000000006
2470,L49649,L,299.0,308.7,1507,37.5,134,0,0,0,0,0,0,9.699999999999989,56512.5,5025.0,41365.799999999996
2471,L49650,L,298.9,308.5,1467,44.7,136,0,0,0,0,0,0,9.600000000000023,65574.90000000001,6079.200000000001,41956.0
2472,L49651,L,298.9,308.4,1301,51.1,138,0,0,0,0,0,0,9.5,66481.1,7051.8,42559.2
2473,L49652,L,298.9,308.5,1429,55.1,140,0,0,0,0,0,0,9.600000000000023,78737.90000000001,7714.0,43190.0
2474,M17333,M,298.9,308.5,1555,37.6,142,0,0,0,0,0,0,9.600000000000023,58468.0,5339.2,43807.0
2475,L49654,L,298.9,308.5,1503,40.6,145,0,0,0,0,0,0,9.600000000000023,61021.8,5887.0,44732.5
2476,L49655,L,298.9,308.5,1459,43.1,147,0,0,0,0,0,0,9.600000000000023,62882.9,6335.7,45349.5
2477,H31890,H,298.9,308.4,1449,42.4,149,0,0,0,0,0,0,9.5,61437.6,6317.599999999999,45951.6
2478,L49657,L,298.9,308.5,1387,57.3,154,0,0,0,0,0,0,9.600000000000023,79475.09999999999,8824.199999999999,47509.0
2479,M17338,M,298.9,308.5,1456,50.0,156,0,0,0,0,0,0,9.600000000000023,72800.0,7800.0,48126.0
2480,L49659,L,299.0,308.5,1604,34.7,159,0,0,0,0,0,0,9.5,55658.8,5517.3,49051.5
2481,L49660,L,299.0,308.6,1734,32.4,161,0,0,0,0,0,0,9.600000000000023,56181.6,5216.4,49684.600000000006
2482,L49661,L,299.0,308.6,1378,47.8,163,0,0,0,0,0,0,9.600000000000023,65868.4,7791.4,50301.8
2483,L49662,L,298.9,308.7,1504,41.8,165,0,0,0,0,0,0,9.800000000000011,62867.2,6896.999999999999,50935.5
2484,M17343,M,298.9,308.7,1402,49.8,167,0,0,0,0,0,0,9.800000000000011,69819.59999999999,8316.6,51552.9
2485,H31898,H,298.8,308.6,1524,37.7,170,0,0,0,0,0,0,9.800000000000011,57454.8,6409.000000000001,52462.00000000001
2486,L49665,L,298.8,308.6,1593,35.5,175,0,0,0,0,0,0,9.800000000000011,56551.5,6212.5,54005.00000000001
2487,M17346,M,298.9,308.7,1772,28.4,177,0,0,0,0,0,0,9.800000000000011,50324.799999999996,5026.8,54639.9
2488,H31901,H,298.9,308.6,1623,31.0,180,0,0,0,0,0,0,9.700000000000045,50313.0,5580.0,55548.00000000001
2489,L49668,L,298.9,308.7,1356,50.7,185,0,0,0,0,0,0,9.800000000000011,68749.2,9379.5,57109.5
2490,H31903,H,298.9,308.7,1500,41.6,187,0,0,0,0,0,0,9.800000000000011,62400.0,7779.2,57726.9
2491,H31904,H,299.1,308.8,1566,46.6,192,0,0,0,0,0,0,9.699999999999989,72975.6,8947.2,59289.600000000006
2492,L49671,L,299.1,308.9,1445,43.4,197,0,0,0,0,0,0,9.799999999999955,62713.0,8549.8,60853.299999999996
2493,H31906,H,299.0,308.8,1382,58.5,199,0,0,0,0,0,0,9.800000000000011,80847.0,11641.5,61451.200000000004
2494,M17353,M,299.0,308.8,1418,45.7,204,0,0,0,0,0,0,9.800000000000011,64802.600000000006,9322.800000000001,62995.200000000004
2495,L49674,L,299.1,308.8,1329,53.6,207,1,0,0,0,1,0,9.699999999999989,71234.40000000001,11095.2,63921.600000000006
2496,M17355,M,299.1,308.8,1491,41.0,209,0,0,0,0,0,0,9.699999999999989,61131.0,8569.0,64539.200000000004
2497,M17356,M,299.2,308.9,1573,37.4,212,0,0,0,0,0,0,9.699999999999989,58830.2,7928.799999999999,65486.799999999996
2498,M17357,M,299.2,308.9,1521,42.3,215,0,0,0,0,0,0,9.699999999999989,64338.299999999996,9094.5,66413.5
2499,L49678,L,299.1,308.9,1467,47.2,218,0,0,0,0,0,0,9.799999999999955,69242.40000000001,10289.6,67340.2
2500,M17359,M,299.1,308.9,1325,48.4,220,0,0,0,0,0,0,9.799999999999955,64130.0,10648.0,67958.0
2501,L49680,L,299.1,308.9,1617,32.3,223,0,0,0,0,0,0,9.799999999999955,52229.1,7202.9,68884.7
2502,M17361,M,299.1,308.9,1476,42.7,225,0,0,0,0,0,0,9.799999999999955,63025.200000000004,9607.5,69502.5
2503,L49682,L,299.2,309.0,1515,48.9,228,1,0,0,0,1,0,9.800000000000011,74083.5,11149.199999999999,70452.0
2504,L49683,L,299.2,309.0,1408,47.2,0,0,0,0,0,0,0,9.800000000000011,66457.6,0.0,0.0
2505,L49684,L,299.2,309.1,1468,45.6,2,0,0,0,0,0,0,9.900000000000034,66940.8,91.2,618.2
2506,L49685,L,299.2,309.1,1387,48.7,4,0,0,0,0,0,0,9.900000000000034,67546.90000000001,194.8,1236.4
2507,M17366,M,299.2,309.1,1503,34.7,6,0,0,0,0,0,0,9.900000000000034,52154.100000000006,208.20000000000002,1854.6000000000001
2508,H31921,H,299.2,309.1,1410,47.1,9,0,0,0,0,0,0,9.900000000000034,66411.0,423.90000000000003,2781.9
2509,L49688,L,299.0,308.9,1615,30.6,14,0,0,0,0,0,0,9.899999999999977,49419.0,428.40000000000003,4324.599999999999
2510,L49689,L,299.0,308.9,1511,35.9,16,0,0,0,0,0,0,9.899999999999977,54244.9,574.4,4942.4
2511,L49690,L,299.1,309.0,1405,53.8,18,0,0,0,0,0,0,9.899999999999977,75589.0,968.4,5562.0
2512,M17371,M,299.0,308.9,1526,41.1,20,0,0,0,0,0,0,9.899999999999977,62718.6,822.0,6178.0
2513,L49692,L,298.9,308.8,1530,38.3,23,0,0,0,0,0,0,9.900000000000034,58598.99999999999,880.9,7102.400000000001
2514,L49693,L,299.0,308.7,1583,32.5,25,0,0,0,0,0,0,9.699999999999989,51447.5,812.5,7717.5
2515,L49694,L,298.9,308.6,2069,18.7,27,0,0,0,0,0,0,9.700000000000045,38690.299999999996,504.9,8332.2
2516,L49695,L,298.8,308.5,1490,35.0,29,0,0,0,0,0,0,9.699999999999989,52150.0,1015.0,8946.5
2517,L49696,L,298.8,308.5,1736,29.0,31,0,0,0,0,0,0,9.699999999999989,50344.0,899.0,9563.5
2518,L49697,L,298.8,308.5,1395,44.4,33,0,0,0,0,0,0,9.699999999999989,61938.0,1465.2,10180.5
2519,M17378,M,298.9,308.6,1425,49.6,35,0,0,0,0,0,0,9.700000000000045,70680.0,1736.0,10801.0
2520,L49699,L,298.8,308.6,1631,32.4,38,0,0,0,0,0,0,9.800000000000011,52844.399999999994,1231.2,11726.800000000001
2521,L49700,L,298.8,308.6,1535,41.2,40,0,0,0,0,0,0,9.800000000000011,63242.00000000001,1648.0,12344.0
2522,L49701,L,298.8,308.6,1584,34.4,42,0,0,0,0,0,0,9.800000000000011,54489.6,1444.8,12961.2
2523,M17382,M,298.8,308.7,1543,38.2,44,0,0,0,0,0,0,9.899999999999977,58942.600000000006,1680.8000000000002,13582.8
2524,L49703,L,298.8,308.7,1635,35.2,47,0,0,0,0,0,0,9.899999999999977,57552.00000000001,1654.4,14508.9
2525,M17384,M,298.8,308.7,1446,45.5,49,0,0,0,0,0,0,9.899999999999977,65793.0,2229.5,15126.3
2526,M17385,M,298.8,308.6,1598,35.1,52,0,0,0,0,0,0,9.800000000000011,56089.8,1825.2,16047.2
2527,L49706,L,298.8,308.6,1501,35.0,55,0,0,0,0,0,0,9.800000000000011,52535.0,1925.0,16973.0
2528,L49707,L,298.8,308.5,1450,50.8,57,0,0,0,0,0,0,9.699999999999989,73660.0,2895.6,17584.5
2529,L49708,L,298.8,308.6,1730,25.9,59,0,0,0,0,0,0,9.800000000000011,44807.0,1528.1,18207.4
2530,M17389,M,298.8,308.6,1571,33.7,61,0,0,0,0,0,0,9.800000000000011,52942.700000000004,2055.7000000000003,18824.600000000002
2531,L49710,L,298.9,308.7,1438,51.7,64,0,0,0,0,0,0,9.800000000000011,74344.6,3308.8,19756.8
2532,M17391,M,298.8,308.5,1510,38.7,66,0,0,0,0,0,0,9.699999999999989,58437.00000000001,2554.2000000000003,20361.0
2533,L49712,L,298.9,308.7,1389,44.9,69,0,0,0,0,0,0,9.800000000000011,62366.1,3098.1,21300.3
2534,L49713,L,298.8,308.7,1490,33.6,71,0,0,0,0,0,0,9.899999999999977,50064.0,2385.6,21917.7
2535,L49714,L,298.9,308.7,1729,26.6,73,0,0,0,0,0,0,9.800000000000011,45991.4,1941.8000000000002,22535.1
2536,L49715,L,299.0,308.8,1495,38.4,75,0,0,0,0,0,0,9.800000000000011,57408.0,2880.0,23160.0
2537,L49716,L,298.9,308.8,1281,53.9,77,0,0,0,0,0,0,9.900000000000034,69045.9,4150.3,23777.600000000002
2538,H31951,H,298.9,308.7,1353,48.1,79,0,0,0,0,0,0,9.800000000000011,65079.3,3799.9,24387.3
2539,L49718,L,299.1,308.8,1429,50.1,84,0,0,0,0,0,0,9.699999999999989,71592.90000000001,4208.400000000001,25939.2
2540,L49719,L,299.1,308.8,1413,42.1,86,0,0,0,0,0,0,9.699999999999989,59487.3,3620.6,26556.8
2541,L49720,L,299.1,308.8,1502,38.3,88,0,0,0,0,0,0,9.699999999999989,57526.6,3370.3999999999996,27174.4
2542,H31955,H,299.1,308.8,1553,32.6,90,0,0,0,0,0,0,9.699999999999989,50627.8,2934.0,27792.0
2543,H31956,H,299.2,308.9,1712,26.4,95,0,0,0,0,0,0,9.699999999999989,45196.799999999996,2508.0,29345.499999999996
2544,L49723,L,299.3,309.0,1786,23.5,100,0,0,0,0,0,0,9.699999999999989,41971.0,2350.0,30900.0
2545,L49724,L,299.2,309.0,1951,21.4,102,0,0,0,0,0,0,9.800000000000011,41751.399999999994,2182.7999999999997,31518.0
2546,M17405,M,299.2,309.0,1541,36.3,104,0,0,0,0,0,0,9.800000000000011,55938.299999999996,3775.2,32136.0
2547,L49726,L,299.2,309.1,1605,34.3,107,0,0,0,0,0,0,9.900000000000034,55051.49999999999,3670.1,33073.700000000004
2548,L49727,L,299.2,309.1,1578,38.1,109,0,0,0,0,0,0,9.900000000000034,60121.8,4152.900000000001,33691.9
2549,M17408,M,299.3,309.2,1440,37.5,111,0,0,0,0,0,0,9.899999999999977,54000.0,4162.5,34321.2
2550,L49729,L,299.4,309.2,1489,42.3,114,0,0,0,0,0,0,9.800000000000011,62984.7,4822.2,35248.799999999996
2551,L49730,L,299.4,309.3,1366,48.4,116,0,0,0,0,0,0,9.900000000000034,66114.4,5614.4,35878.8
2552,L49731,L,299.3,309.2,1541,37.2,118,0,0,0,0,0,0,9.899999999999977,57325.200000000004,4389.6,36485.6
2553,H31966,H,299.3,309.1,1552,40.7,120,0,0,0,0,0,0,9.800000000000011,63166.4,4884.0,37092.0
2554,L49733,L,299.3,309.1,1473,40.3,125,0,0,0,0,0,0,9.800000000000011,59361.899999999994,5037.5,38637.5
2555,L49734,L,299.3,309.1,1531,37.9,127,0,0,0,0,0,0,9.800000000000011,58024.9,4813.3,39255.700000000004
2556,L49735,L,299.3,309.2,1511,37.2,129,0,0,0,0,0,0,9.899999999999977,56209.200000000004,4798.8,39886.799999999996
2557,M17416,M,299.3,309.1,1449,47.9,131,0,0,0,0,0,0,9.800000000000011,69407.09999999999,6274.9,40492.100000000006
2558,M17417,M,299.4,309.1,1440,50.0,134,0,0,0,0,0,0,9.700000000000045,72000.0,6700.0,41419.4
2559,M17418,M,299.2,309.0,1881,23.9,137,0,0,0,0,0,0,9.800000000000011,44955.899999999994,3274.2999999999997,42333.0
2560,L49739,L,299.3,309.0,1447,50.4,140,0,0,0,0,0,1,9.699999999999989,72928.8,7056.0,43260.0
2561,M17420,M,299.4,309.1,1326,62.0,142,0,0,0,0,0,0,9.700000000000045,82212.0,8804.0,43892.200000000004
2562,L49741,L,299.4,309.2,1607,31.7,145,0,0,0,0,0,0,9.800000000000011,50941.9,4596.5,44834.0
2563,L49742,L,299.3,309.1,1551,39.1,147,0,0,0,0,0,0,9.800000000000011,60644.100000000006,5747.7,45437.700000000004
2564,L49743,L,299.3,309.1,1496,37.2,149,0,0,0,0,0,0,9.800000000000011,55651.200000000004,5542.8,46055.9
2565,L49744,L,299.3,309.1,1493,38.0,151,0,0,0,0,0,0,9.800000000000011,56734.0,5738.0,46674.100000000006
2566,L49745,L,299.4,309.1,1304,50.5,153,0,0,0,0,0,0,9.700000000000045,65852.0,7726.5,47292.3
2567,M17426,M,299.3,309.0,1420,41.6,155,0,0,0,0,0,0,9.699999999999989,59072.0,6448.0,47895.0
2568,L49747,L,299.4,309.1,1766,24.6,158,0,0,0,0,0,0,9.700000000000045,43443.600000000006,3886.8,48837.8
2569,L49748,L,299.6,309.2,1450,43.1,160,0,0,0,0,0,0,9.599999999999966,62495.0,6896.0,49472.0
2570,H31983,H,299.5,309.2,1872,22.6,162,0,0,0,0,0,0,9.699999999999989,42307.200000000004,3661.2000000000003,50090.4
2571,L49750,L,299.6,309.2,1713,26.5,167,0,0,0,0,0,0,9.599999999999966,45394.5,4425.5,51636.4
2572,M17431,M,299.5,309.2,1497,40.9,169,0,0,0,0,0,0,9.699999999999989,61227.299999999996,6912.099999999999,52254.799999999996
2573,M17432,M,299.4,309.1,1352,44.7,172,0,0,0,0,0,0,9.700000000000045,60434.4,7688.400000000001,53165.200000000004
2574,L49753,L,299.5,309.2,1499,41.5,175,0,0,0,0,0,0,9.699999999999989,62208.5,7262.5,54110.0
2575,L49754,L,299.5,309.3,1972,19.3,177,0,0,0,0,0,0,9.800000000000011,38059.6,3416.1,54746.1
2576,L49755,L,299.5,309.3,1422,49.2,179,0,0,0,0,0,0,9.800000000000011,69962.40000000001,8806.800000000001,55364.700000000004
2577,L49756,L,299.5,309.3,1523,41.5,181,0,0,0,0,0,0,9.800000000000011,63204.5,7511.5,55983.3
2578,L49757,L,299.5,309.4,1563,41.5,183,0,0,0,0,0,0,9.899999999999977,64864.5,7594.5,56620.2
2579,L49758,L,299.4,309.3,1391,46.6,185,0,0,0,0,0,0,9.900000000000034,64820.6,8621.0,57220.5
2580,L49759,L,299.3,309.1,1795,24.7,187,0,0,0,0,0,0,9.800000000000011,44336.5,4618.9,57801.700000000004
2581,L49760,L,299.3,309.1,1293,53.7,189,0,0,0,0,0,0,9.800000000000011,69434.1,10149.300000000001,58419.9
2582,L49761,L,299.2,309.1,1345,60.7,191,1,0,0,0,1,0,9.900000000000034,81641.5,11593.7,59038.100000000006
2583,L49762,L,299.2,309.0,1615,33.7,193,0,0,0,0,0,0,9.800000000000011,54425.50000000001,6504.1,59637.0
2584,L49763,L,299.2,308.9,1342,50.8,195,0,0,0,0,0,0,9.699999999999989,68173.59999999999,9906.0,60235.49999999999
2585,L49764,L,299.1,308.8,1502,46.7,197,0,0,0,0,0,0,9.699999999999989,70143.40000000001,9199.900000000001,60833.600000000006
2586,M17445,M,299.0,308.7,1620,35.4,199,0,0,0,0,0,0,9.699999999999989,57348.0,7044.599999999999,61431.299999999996
2587,L49766,L,299.0,308.7,1537,42.8,202,0,0,0,0,0,0,9.699999999999989,65783.59999999999,8645.599999999999,62357.399999999994
2588,L49767,L,299.0,308.7,2248,16.8,204,0,0,0,0,0,0,9.699999999999989,37766.4,3427.2000000000003,62974.799999999996
2589,L49768,L,299.0,308.7,1706,28.6,206,0,0,0,0,0,0,9.699999999999989,48791.600000000006,5891.6,63592.2
2590,L49769,L,299.0,308.7,2250,16.6,208,0,0,0,0,0,0,9.699999999999989,37350.0,3452.8,64209.6
2591,L49770,L,299.0,308.7,1396,48.6,0,0,0,0,0,0,0,9.699999999999989,67845.6,0.0,0.0
2592,L49771,L,298.9,308.6,1522,46.4,2,0,0,0,0,0,0,9.700000000000045,70620.8,92.8,617.2
2593,L49772,L,298.9,308.6,1539,45.4,4,0,0,0,0,0,0,9.700000000000045,69870.59999999999,181.6,1234.4
2594,H32007,H,298.9,308.5,1415,54.0,6,0,0,0,0,0,0,9.600000000000023,76410.0,324.0,1851.0
2595,L49774,L,298.8,308.5,1446,37.0,11,0,0,0,0,0,0,9.699999999999989,53502.0,407.0,3393.5
2596,M17455,M,298.8,308.6,1486,41.1,13,0,0,0,0,0,0,9.800000000000011,61074.6,534.3000000000001,4011.8
2597,L49776,L,299.0,308.7,1426,38.6,16,0,0,0,0,0,0,9.699999999999989,55043.6,617.6,4939.2
2598,L49777,L,299.0,308.7,1449,38.9,18,0,0,0,0,0,0,9.699999999999989,56366.1,700.1999999999999,5556.599999999999
2599,L49778,L,299.1,308.8,1320,67.5,20,1,0,0,1,0,0,9.699999999999989,89100.0,1350.0,6176.0
2600,M17459,M,299.2,308.9,1447,39.6,22,0,0,0,0,0,0,9.699999999999989,57301.200000000004,871.2,6795.799999999999
2601,L49780,L,299.3,309.0,1422,47.3,25,0,0,0,0,0,0,9.699999999999989,67260.59999999999,1182.5,7725.0
2602,L49781,L,299.3,309.1,1399,52.1,27,0,0,0,0,0,0,9.800000000000011,72887.90000000001,1406.7,8345.7
2603,L49782,L,299.4,309.2,1427,41.5,29,0,0,0,0,0,0,9.800000000000011,59220.5,1203.5,8966.8
2604,M17463,M,299.3,309.2,1334,46.3,31,0,0,0,0,0,0,9.899999999999977,61764.2,1435.3,9585.199999999999
2605,M17464,M,299.3,309.1,1385,45.6,34,0,0,0,0,0,0,9.800000000000011,63156.0,1550.4,10509.400000000001
2606,L49785,L,299.4,309.2,1552,37.4,37,0,0,0,0,0,0,9.800000000000011,58044.799999999996,1383.8,11440.4
2607,H32020,H,299.4,309.3,1534,37.5,39,0,0,0,0,0,0,9.900000000000034,57525.0,1462.5,12062.7
2608,L49787,L,299.4,309.3,1448,48.6,44,0,0,0,0,0,0,9.900000000000034,70372.8,2138.4,13609.2
2609,L49788,L,299.5,309.3,1409,44.7,46,0,0,0,0,0,0,9.800000000000011,62982.3,2056.2000000000003,14227.800000000001
2610,L49789,L,299.4,309.2,1621,34.5,48,0,0,0,0,0,0,9.800000000000011,55924.5,1656.0,14841.599999999999
2611,H32024,H,299.4,309.1,1547,40.9,50,0,0,0,0,0,0,9.700000000000045,63272.299999999996,2045.0,15455.000000000002
2612,L49791,L,299.4,309.1,1957,22.1,55,0,0,0,0,0,0,9.700000000000045,43249.700000000004,1215.5,17000.5
2613,L49792,L,299.4,309.1,2421,14.2,57,0,0,0,0,0,0,9.700000000000045,34378.2,809.4,17618.7
2614,M17473,M,299.3,309.1,1571,38.3,59,0,0,0,0,0,0,9.800000000000011,60169.299999999996,2259.7,18236.9
2615,L49794,L,299.3,309.1,1634,36.8,62,0,0,0,0,0,0,9.800000000000011,60131.2,2281.6,19164.2
2616,L49795,L,299.3,309.0,1516,38.7,64,0,0,0,0,0,0,9.699999999999989,58669.200000000004,2476.8,19776.0
2617,L49796,L,299.4,309.1,1207,66.5,66,0,0,0,0,0,0,9.700000000000045,80265.5,4389.0,20400.600000000002
2618,L49797,L,299.4,309.1,1670,35.9,68,0,0,0,0,0,0,9.700000000000045,59953.0,2441.2,21018.800000000003
2619,M17478,M,299.4,309.1,1461,48.6,70,0,0,0,0,0,0,9.700000000000045,71004.6,3402.0,21637.0
2620,L49799,L,299.4,309.2,1569,40.8,73,0,0,0,0,0,0,9.800000000000011,64015.2,2978.3999999999996,22571.6
2621,L49800,L,299.4,309.2,1556,35.7,75,0,0,0,0,0,0,9.800000000000011,55549.200000000004,2677.5,23190.0
2622,M17481,M,299.5,309.3,1506,41.5,77,0,0,0,0,0,0,9.800000000000011,62499.0,3195.5,23816.100000000002
2623,M17482,M,299.6,309.4,1642,30.3,80,0,0,0,0,0,0,9.799999999999955,49752.6,2424.0,24752.0
2624,M17483,M,299.6,309.4,1283,62.1,83,0,0,0,0,0,0,9.799999999999955,79674.3,5154.3,25680.199999999997
2625,H32038,H,299.7,309.5,1375,46.8,86,0,0,0,0,0,0,9.800000000000011,64349.99999999999,4024.7999999999997,26617.0
2626,L49805,L,299.7,309.4,1399,39.9,91,0,0,0,0,0,0,9.699999999999989,55820.1,3630.9,28155.399999999998
2627,L49806,L,299.7,309.4,1650,29.8,93,0,0,0,0,0,0,9.699999999999989,49170.0,2771.4,28774.199999999997
2628,M17487,M,299.8,309.6,1346,53.2,95,0,0,0,0,0,0,9.800000000000011,71607.2,5054.0,29412.000000000004
2629,H32042,H,299.9,309.6,1410,51.2,98,0,0,0,0,0,0,9.700000000000045,72192.0,5017.6,30340.800000000003
2630,L49809,L,300.0,309.7,1586,37.8,103,0,0,0,0,0,0,9.699999999999989,59950.799999999996,3893.3999999999996,31899.1
2631,L49810,L,300.0,309.8,1372,39.6,105,0,0,0,0,0,0,9.800000000000011,54331.200000000004,4158.0,32529.0
2632,H32045,H,300.0,309.7,1529,42.4,107,0,0,0,0,0,0,9.699999999999989,64829.6,4536.8,33137.9
2633,M17492,M,300.0,309.7,1652,28.6,112,0,0,0,0,0,0,9.699999999999989,47247.200000000004,3203.2000000000003,34686.4
2634,L49813,L,300.1,309.8,1532,39.8,115,0,0,0,0,0,0,9.699999999999989,60973.6,4577.0,35627.0
2635,L49814,L,300.0,309.7,1554,32.0,117,0,0,0,0,0,0,9.699999999999989,49728.0,3744.0,36234.9
2636,H32049,H,299.9,309.6,1462,51.0,119,0,0,0,0,0,0,9.700000000000045,74562.0,6069.0,36842.4
2637,L49816,L,299.9,309.6,1254,61.3,124,0,0,0,0,0,0,9.700000000000045,76870.2,7601.2,38390.4
2638,L49817,L,299.9,309.6,1294,49.7,126,0,0,0,0,0,0,9.700000000000045,64311.8,6262.200000000001,39009.600000000006
2639,L49818,L,299.8,309.5,1739,27.5,128,0,0,0,0,0,0,9.699999999999989,47822.5,3520.0,39616.0
2640,M17499,M,299.8,309.4,1412,47.8,130,0,0,0,0,0,0,9.599999999999966,67493.59999999999,6214.0,40222.0
2641,M17500,M,299.9,309.5,1372,56.2,133,0,0,0,0,0,0,9.600000000000023,77106.40000000001,7474.6,41163.5
2642,H32055,H,299.8,309.5,1420,46.7,136,0,0,0,0,0,0,9.699999999999989,66314.0,6351.200000000001,42092.0
2643,L49822,L,299.8,309.5,1542,40.3,141,0,0,0,0,0,0,9.699999999999989,62142.6,5682.299999999999,43639.5
2644,M17503,M,299.8,309.4,1401,48.1,143,0,0,0,0,0,0,9.599999999999966,67388.1,6878.3,44244.2
2645,L49824,L,299.8,309.4,1510,42.5,146,0,0,0,0,0,0,9.599999999999966,64175.0,6205.0,45172.399999999994
2646,H32059,H,299.9,309.5,1547,38.5,148,0,0,0,0,0,0,9.600000000000023,59559.5,5698.0,45806.0
2647,M17506,M,299.8,309.5,1453,43.2,153,0,0,0,0,0,0,9.699999999999989,62769.600000000006,6609.6,47353.5
2648,L49827,L,299.8,309.4,1408,45.6,156,0,0,0,0,0,0,9.599999999999966,64204.8,7113.6,48266.399999999994
2649,L49828,L,299.8,309.4,1436,51.6,158,0,0,0,0,0,0,9.599999999999966,74097.6,8152.8,48885.2
2650,M17509,M,299.9,309.5,1582,38.2,160,0,0,0,0,0,0,9.600000000000023,60432.4,6112.0,49520.0
2651,L49830,L,299.9,309.6,1280,59.3,163,0,0,0,0,0,0,9.700000000000045,75904.0,9665.9,50464.8
2652,L49831,L,299.9,309.5,2008,20.4,165,0,0,0,0,0,0,9.600000000000023,40963.2,3365.9999999999995,51067.5
2653,L49832,L,299.9,309.5,1772,23.5,167,0,0,0,0,0,0,9.600000000000023,41642.0,3924.5,51686.5
2654,L49833,L,299.9,309.5,1779,26.1,169,0,0,0,0,0,0,9.600000000000023,46431.9,4410.900000000001,52305.5
2655,L49834,L,299.9,309.5,1567,35.5,171,0,0,0,0,0,0,9.600000000000023,55628.5,6070.5,52924.5
2656,M17515,M,299.8,309.4,1751,27.0,173,0,0,0,0,0,0,9.599999999999966,47277.0,4671.0,53526.2
2657,L49836,L,299.9,309.5,1349,51.3,176,0,0,0,0,0,0,9.600000000000023,69203.7,9028.8,54472.0
2658,M17517,M,300.0,309.5,1425,40.8,178,0,0,0,0,0,0,9.5,58139.99999999999,7262.4,55091.0
2659,L49838,L,300.0,309.4,1395,44.5,181,0,0,0,0,0,0,9.399999999999977,62077.5,8054.5,56001.399999999994
2660,H32073,H,299.8,309.3,1595,32.1,183,0,0,0,0,0,0,9.5,51199.5,5874.3,56601.9
2661,L49840,L,299.8,309.3,1291,56.4,188,0,0,0,0,0,0,9.5,72812.4,10603.199999999999,58148.4
2662,M17521,M,299.9,309.4,1509,42.8,190,0,0,0,0,0,0,9.5,64585.2,8131.999999999999,58785.99999999999
2663,M17522,M,299.9,309.4,1483,38.1,193,0,0,0,0,0,0,9.5,56502.3,7353.3,59714.2
2664,L49843,L,299.9,309.3,1620,31.1,196,0,0,0,0,0,0,9.400000000000034,50382.0,6095.6,60622.8
2665,M17524,M,299.9,309.4,1487,42.2,198,0,0,0,0,0,0,9.5,62751.4,8355.6,61261.2
2666,L49845,L,299.8,309.4,2256,15.9,201,0,0,0,0,0,0,9.599999999999966,35870.4,3195.9,62189.399999999994
2667,H32080,H,299.7,309.2,1691,27.7,203,0,0,0,0,0,0,9.5,46840.7,5623.099999999999,62767.6
2668,M17527,M,299.8,309.3,1663,35.2,208,0,0,0,0,0,0,9.5,58537.600000000006,7321.6,64334.4
2669,M17528,M,299.8,309.3,1640,31.1,211,0,0,0,0,0,0,9.5,51004.0,6562.1,65262.3
2670,H32083,H,299.7,309.3,1494,37.8,214,0,0,0,0,0,0,9.600000000000023,56473.2,8089.2,66190.2
2671,L49850,L,299.8,309.4,1467,46.2,219,0,0,0,0,0,0,9.599999999999966,67775.40000000001,10117.800000000001,67758.59999999999
2672,M17531,M,299.7,309.3,1399,41.9,221,1,1,0,0,0,0,9.600000000000023,58618.1,9259.9,68355.3
2673,L49852,L,299.7,309.3,1445,42.6,0,0,0,0,0,0,0,9.600000000000023,61557.0,0.0,0.0
2674,L49853,L,299.8,309.4,1480,40.9,2,0,0,0,0,0,0,9.599999999999966,60532.0,81.8,618.8
2675,L49854,L,299.7,309.3,1546,37.2,4,0,0,0,0,0,0,9.600000000000023,57511.200000000004,148.8,1237.2
2676,L49855,L,299.7,309.3,1574,35.8,6,0,0,0,0,0,0,9.600000000000023,56349.2,214.79999999999998,1855.8000000000002
2677,L49856,L,299.7,309.3,1592,34.2,8,0,0,0,0,0,0,9.600000000000023,54446.4,273.6,2474.4
2678,L49857,L,299.8,309.5,1495,39.6,10,0,0,0,0,0,0,9.699999999999989,59202.0,396.0,3095.0
2679,L49858,L,299.8,309.6,1447,43.1,12,0,0,0,0,0,0,9.800000000000011,62365.700000000004,517.2,3715.2000000000003
2680,L49859,L,299.8,309.5,1476,44.4,14,0,0,0,0,0,0,9.699999999999989,65534.4,621.6,4333.0
2681,L49860,L,299.8,309.5,1641,27.1,16,0,0,0,0,0,0,9.699999999999989,44471.100000000006,433.6,4952.0
2682,L49861,L,299.8,309.5,1545,32.2,18,0,0,0,0,0,0,9.699999999999989,49749.00000000001,579.6,5571.0
2683,M17542,M,299.9,309.6,1364,44.4,20,0,0,0,0,0,0,9.700000000000045,60561.6,888.0,6192.0
2684,L49863,L,299.8,309.5,1590,28.5,23,0,0,0,0,0,0,9.699999999999989,45315.0,655.5,7118.5
2685,L49864,L,299.8,309.4,1460,37.4,25,0,0,0,0,0,0,9.599999999999966,54604.0,935.0,7734.999999999999
2686,L49865,L,299.8,309.4,1609,32.5,27,0,0,0,0,0,0,9.599999999999966,52292.5,877.5,8353.8
2687,L49866,L,299.8,309.4,1633,27.5,29,0,0,0,0,0,0,9.599999999999966,44907.5,797.5,8972.599999999999
2688,L49867,L,299.9,309.4,1348,52.8,31,0,0,0,0,0,0,9.5,71174.4,1636.8,9591.4
2689,L49868,L,299.9,309.4,1322,53.9,33,0,0,0,0,0,0,9.5,71255.8,1778.7,10210.199999999999
2690,L49869,L,300.0,309.5,1641,30.1,35,0,0,0,0,0,0,9.5,49394.100000000006,1053.5,10832.5
2691,L49870,L,300.0,309.5,1728,26.0,37,0,0,0,0,0,0,9.5,44928.0,962.0,11451.5
2692,L49871,L,300.0,309.6,1431,47.7,39,0,0,0,0,0,0,9.600000000000023,68258.7,1860.3000000000002,12074.400000000001
2693,L49872,L,300.1,309.7,1641,30.4,41,0,0,0,0,0,0,9.599999999999966,49886.399999999994,1246.3999999999999,12697.699999999999
2694,M17553,M,300.1,309.6,1622,36.1,43,0,0,0,0,0,0,9.5,58554.200000000004,1552.3,13312.800000000001
2695,M17554,M,300.1,309.6,1625,38.0,46,0,0,0,0,0,0,9.5,61750.0,1748.0,14241.6
2696,L49875,L,300.0,309.5,1869,22.7,49,0,0,0,0,0,0,9.5,42426.299999999996,1112.3,15165.5
2697,L49876,L,300.0,309.6,1452,46.0,51,0,0,0,0,0,0,9.600000000000023,66792.0,2346.0,15789.6
2698,L49877,L,300.0,309.6,1618,28.7,53,0,0,0,0,0,0,9.600000000000023,46436.6,1521.1,16408.800000000003
2699,L49878,L,300.0,309.4,2010,20.0,55,0,0,0,0,0,0,9.399999999999977,40200.0,1100.0,17017.0
2700,L49879,L,299.9,309.4,1363,60.9,57,0,0,0,0,0,0,9.5,83006.7,3471.2999999999997,17635.8
2701,L49880,L,299.9,309.3,1473,40.4,59,0,0,0,0,0,0,9.400000000000034,59509.2,2383.6,18248.7
2702,L49881,L,299.9,309.2,1333,50.8,61,0,0,0,0,0,0,9.300000000000011,67716.4,3098.7999999999997,18861.2
2703,L49882,L,299.8,309.2,1760,25.9,63,0,0,0,0,0,0,9.399999999999977,45584.0,1631.6999999999998,19479.6
2704,M17563,M,299.8,309.2,1372,58.2,65,0,0,0,0,0,0,9.399999999999977,79850.40000000001,3783.0,20098.0
2705,M17564,M,299.7,309.2,1608,34.4,68,0,0,0,0,0,0,9.5,55315.2,2339.2,21025.6
2706,L49885,L,299.7,309.2,1326,64.8,71,0,0,0,0,0,0,9.5,85924.8,4600.8,21953.2
2707,M17566,M,299.6,309.1,1560,37.1,73,0,0,0,0,0,0,9.5,57876.0,2708.3,22564.300000000003
2708,M17567,M,299.6,309.0,1539,36.1,76,0,0,0,0,0,0,9.399999999999977,55557.9,2743.6,23484.0
2709,L49888,L,299.6,309.1,2266,15.3,79,0,0,0,0,0,0,9.5,34669.8,1208.7,24418.9
2710,L49889,L,299.6,309.1,1641,35.8,81,0,0,0,0,0,0,9.5,58747.799999999996,2899.7999999999997,25037.100000000002
2711,L49890,L,299.6,309.1,1574,39.2,83,0,0,0,0,0,0,9.5,61700.8,3253.6000000000004,25655.300000000003
2712,L49891,L,299.6,309.1,1407,50.6,85,0,0,0,0,0,0,9.5,71194.2,4301.0,26273.500000000004
2713,H32126,H,299.7,309.2,1302,55.5,87,0,0,0,0,0,0,9.5,72261.0,4828.5,26900.399999999998
2714,M17573,M,299.6,309.2,1651,30.8,92,0,0,0,0,0,0,9.599999999999966,50850.8,2833.6,28446.399999999998
2715,M17574,M,299.6,309.1,1366,55.2,95,0,0,0,0,0,0,9.5,75403.2,5244.0,29364.500000000004
2716,M17575,M,299.5,309.0,1701,28.6,98,0,0,0,0,0,0,9.5,48648.600000000006,2802.8,30282.0
2717,L49896,L,299.5,309.0,1498,44.6,101,0,0,0,0,0,0,9.5,66810.8,4504.6,31209.0
2718,M17577,M,299.5,309.1,1422,45.3,103,0,0,0,0,0,0,9.600000000000023,64416.6,4665.9,31837.300000000003
2719,L49898,L,299.5,309.1,1357,47.3,106,0,0,0,0,0,0,9.600000000000023,64186.1,5013.799999999999,32764.600000000002
2720,L49899,L,299.5,309.2,1690,29.2,108,0,0,0,0,0,0,9.699999999999989,49348.0,3153.6,33393.6
2721,L49900,L,299.6,309.2,1559,39.1,110,0,0,0,0,0,0,9.599999999999966,60956.9,4301.0,34012.0
2722,M17581,M,299.6,309.3,1553,32.4,112,0,0,0,0,0,0,9.699999999999989,50317.2,3628.7999999999997,34641.6
2723,L49902,L,299.6,309.3,1558,34.8,115,0,0,0,0,0,0,9.699999999999989,54218.399999999994,4001.9999999999995,35569.5
2724,L49903,L,299.7,309.4,1362,51.9,117,0,0,0,0,0,0,9.699999999999989,70687.8,6072.3,36199.799999999996
2725,M17584,M,299.8,309.3,1470,42.7,119,0,0,0,0,0,0,9.5,62769.00000000001,5081.3,36806.700000000004
2726,L49905,L,299.8,309.4,1555,34.8,122,0,0,0,0,0,0,9.599999999999966,54113.99999999999,4245.599999999999,37746.799999999996
2727,M17586,M,299.8,309.4,1423,42.9,124,0,0,0,0,0,0,9.599999999999966,61046.7,5319.599999999999,38365.6
2728,L49907,L,299.7,309.3,1434,38.5,127,0,0,0,0,0,0,9.600000000000023,55209.0,4889.5,39281.1
2729,L49908,L,299.7,309.3,1779,25.5,129,0,0,0,0,0,0,9.600000000000023,45364.5,3289.5,39899.700000000004
2730,L49909,L,299.7,309.3,1417,54.6,131,0,0,0,0,0,0,9.600000000000023,77368.2,7152.6,40518.3
2731,L49910,L,299.6,309.2,1425,45.9,133,0,0,0,0,0,0,9.599999999999966,65407.5,6104.7,41123.6
2732,M17591,M,299.7,309.2,1597,32.9,135,0,0,0,0,0,0,9.5,52541.299999999996,4441.5,41742.0
2733,L49912,L,299.7,309.2,1346,57.4,138,0,0,0,0,0,0,9.5,77260.4,7921.2,42669.6
2734,L49913,L,299.7,309.2,1422,40.4,140,0,0,0,0,0,0,9.5,57448.799999999996,5656.0,43288.0
2735,H32148,H,299.7,309.2,1572,32.8,142,0,0,0,0,0,0,9.5,51561.6,4657.599999999999,43906.4
2736,L49915,L,299.7,309.2,1412,45.4,147,0,0,0,0,0,0,9.5,64104.799999999996,6673.8,45452.4
2737,M17596,M,299.7,309.1,1576,36.4,149,0,0,0,0,0,0,9.400000000000034,57366.399999999994,5423.599999999999,46055.9
2738,M17597,M,299.7,309.1,1508,41.2,152,0,0,0,0,0,0,9.400000000000034,62129.600000000006,6262.400000000001,46983.200000000004
2739,M17598,M,299.8,309.1,1496,44.4,155,0,0,0,0,0,0,9.300000000000011,66422.4,6882.0,47910.5
2740,L49919,L,299.8,309.2,1572,35.4,158,0,0,0,0,0,0,9.399999999999977,55648.799999999996,5593.2,48853.6
2741,L49920,L,299.6,309.0,1525,42.8,160,0,0,0,0,0,0,9.399999999999977,65269.99999999999,6848.0,49440.0
2742,L49921,L,299.6,309.0,1378,51.9,162,0,0,0,0,0,0,9.399999999999977,71518.2,8407.8,50058.0
2743,L49922,L,299.6,309.1,1369,51.4,164,0,0,0,0,0,0,9.5,70366.59999999999,8429.6,50692.4
2744,L49923,L,299.6,309.1,1476,45.3,166,0,0,0,0,0,0,9.5,66862.8,7519.799999999999,51310.600000000006
2745,L49924,L,299.7,309.2,1620,30.0,168,0,0,0,0,0,0,9.5,48600.0,5040.0,51945.6
2746,M17605,M,299.7,309.1,1603,38.5,170,0,0,0,0,0,0,9.400000000000034,61715.5,6545.0,52547.00000000001
2747,L49926,L,299.7,309.2,1411,46.1,173,0,0,0,0,0,0,9.5,65047.1,7975.3,53491.6
2748,L49927,L,299.7,309.2,1616,31.6,175,0,0,0,0,0,0,9.5,51065.600000000006,5530.0,54110.0
2749,L49928,L,299.7,309.2,1631,35.1,177,0,0,0,0,0,0,9.5,57248.100000000006,6212.7,54728.4
2750,M17609,M,299.7,309.2,1685,28.9,179,1,0,0,0,0,0,9.5,48696.5,5173.099999999999,55346.799999999996
2751,H32164,H,299.7,309.2,1456,40.6,182,0,0,0,0,0,0,9.5,59113.6,7389.2,56274.4
2752,L49931,L,299.7,309.1,1417,50.1,187,0,0,0,0,0,0,9.400000000000034,70991.7,9368.7,57801.700000000004
2753,M17612,M,299.7,309.1,1851,24.7,189,0,0,0,0,0,0,9.400000000000034,45719.7,4668.3,58419.9
2754,L49933,L,299.7,309.1,1715,27.8,192,0,0,0,0,0,0,9.400000000000034,47677.0,5337.6,59347.200000000004
2755,H32168,H,299.6,309.1,1630,32.3,194,0,0,0,0,0,0,9.5,52648.99999999999,6266.2,59965.4
2756,L49935,L,299.7,309.2,1478,38.8,199,0,0,0,0,0,0,9.5,57346.399999999994,7721.2,61530.799999999996
2757,L49936,L,299.7,309.2,1781,29.6,201,0,0,0,0,0,0,9.5,52717.600000000006,5949.6,62149.2
2758,L49937,L,299.8,309.2,1439,36.1,203,0,0,0,0,0,0,9.399999999999977,51947.9,7328.3,62767.6
2759,M17618,M,299.7,309.2,1412,45.3,205,0,0,0,0,0,0,9.5,63963.6,9286.5,63386.0
2760,L49939,L,299.7,309.1,1483,41.1,208,0,0,0,0,0,0,9.400000000000034,60951.3,8548.800000000001,64292.8
2761,L49940,L,299.8,309.2,1400,42.6,210,0,0,0,0,0,0,9.399999999999977,59640.0,8946.0,64932.0
2762,L49941,L,299.8,309.3,1299,65.1,212,1,0,0,0,1,0,9.5,84564.9,13801.199999999999,65571.6
2763,L49942,L,299.8,309.2,1479,44.4,214,0,0,0,0,0,0,9.399999999999977,65667.59999999999,9501.6,66168.8
2764,L49943,L,299.8,309.2,1491,47.5,216,0,0,0,0,0,0,9.399999999999977,70822.5,10260.0,66787.2
2765,M17624,M,299.9,309.3,1389,52.8,0,0,0,0,0,0,0,9.400000000000034,73339.2,0.0,0.0
2766,M17625,M,299.9,309.4,1399,54.8,3,0,0,0,0,0,0,9.5,76665.2,164.39999999999998,928.1999999999999
2767,M17626,M,299.9,309.4,1889,26.0,6,0,0,0,0,0,0,9.5,49114.0,156.0,1856.3999999999999
2768,L49947,L,300.0,309.5,1925,21.9,9,0,0,0,0,0,0,9.5,42157.5,197.1,2785.5
2769,L49948,L,300.0,309.5,1675,30.2,11,0,0,0,0,0,0,9.5,50585.0,332.2,3404.5
2770,M17629,M,300.0,309.6,1477,38.1,13,0,0,0,0,0,0,9.600000000000023,56273.700000000004,495.3,4024.8
2771,L49950,L,300.0,309.6,1364,45.9,16,0,0,0,0,0,0,9.600000000000023,62607.6,734.4,4953.6
2772,L49951,L,299.9,309.5,1451,39.4,18,0,0,0,0,0,0,9.600000000000023,57169.4,709.1999999999999,5571.0
2773,L49952,L,299.9,309.4,1467,41.2,20,0,0,0,0,0,0,9.5,60440.4,824.0,6188.0
2774,L49953,L,299.9,309.4,1858,22.5,22,0,0,0,0,0,0,9.5,41805.0,495.0,6806.799999999999
2775,L49954,L,300.1,309.4,1559,39.7,24,0,0,0,0,0,0,9.299999999999955,61892.3,952.8000000000001,7425.599999999999
2776,L49955,L,300.1,309.4,1560,47.7,26,0,0,0,0,0,0,9.299999999999955,74412.0,1240.2,8044.4
2777,L49956,L,300.1,309.4,1453,47.6,28,0,0,0,0,0,0,9.299999999999955,69162.8,1332.8,8663.199999999999
2778,L49957,L,300.1,309.4,1464,41.7,30,0,0,0,0,0,0,9.299999999999955,61048.8,1251.0,9282.0
2779,L49958,L,300.0,309.4,1308,50.2,32,0,0,0,0,0,0,9.399999999999977,65661.6,1606.4,9900.8
2780,L49959,L,300.1,309.5,1353,50.9,34,0,0,0,0,0,0,9.399999999999977,68867.7,1730.6,10523.0
2781,M17640,M,300.2,309.6,1556,35.8,36,0,0,0,0,0,0,9.400000000000034,55704.799999999996,1288.8,11145.6
2782,L49961,L,300.2,309.5,2183,17.8,39,0,0,0,0,0,0,9.300000000000011,38857.4,694.2,12070.5
2783,M17642,M,300.2,309.6,1491,41.8,41,0,0,0,0,0,0,9.400000000000034,62323.799999999996,1713.8,12693.6
2784,M17643,M,300.2,309.6,1528,35.1,44,0,0,0,0,0,0,9.400000000000034,53632.8,1544.4,13622.400000000001
2785,L49964,L,300.2,309.6,1430,52.7,47,0,0,0,0,0,0,9.400000000000034,75361.0,2476.9,14551.2
2786,L49965,L,300.2,309.5,1495,32.6,49,0,0,0,0,0,0,9.300000000000011,48737.0,1597.4,15165.5
2787,M17646,M,300.2,309.5,1630,28.3,51,0,0,0,0,0,0,9.300000000000011,46129.0,1443.3,15784.5
2788,M17647,M,300.3,309.6,1524,38.4,54,0,0,0,0,0,0,9.300000000000011,58521.6,2073.6,16718.4
2789,L49968,L,300.3,309.6,1326,52.4,57,0,0,0,0,0,0,9.300000000000011,69482.4,2986.7999999999997,17647.2
2790,H32203,H,300.3,309.5,1438,44.0,59,0,0,0,0,0,0,9.199999999999989,63272.0,2596.0,18260.5
2791,L49970,L,300.4,309.6,1356,45.9,64,0,0,0,0,0,0,9.200000000000045,62240.4,2937.6,19814.4
2792,H32205,H,300.4,309.6,1416,43.3,66,0,0,0,0,0,0,9.200000000000045,61312.799999999996,2857.7999999999997,20433.600000000002
2793,L49972,L,300.4,309.7,1584,32.6,71,0,0,0,0,0,0,9.300000000000011,51638.4,2314.6,21988.7
2794,L49973,L,300.3,309.6,1597,31.8,73,0,0,0,0,0,0,9.300000000000011,50784.6,2321.4,22600.800000000003
2795,L49974,L,300.4,309.6,1553,43.9,75,0,0,0,0,0,0,9.200000000000045,68176.7,3292.5,23220.0
2796,M17655,M,300.3,309.5,1405,49.4,77,0,0,0,0,0,0,9.199999999999989,69407.0,3803.7999999999997,23831.5
2797,L49976,L,300.2,309.5,1539,35.3,80,0,0,0,0,0,0,9.300000000000011,54326.7,2824.0,24760.0
2798,M17657,M,300.3,309.6,1398,53.7,82,0,0,0,0,0,0,9.300000000000011,75072.6,4403.400000000001,25387.2
2799,L49978,L,300.3,309.6,1568,39.6,85,0,0,0,0,0,0,9.300000000000011,62092.8,3366.0,26316.000000000004
2800,L49979,L,300.3,309.6,1404,44.6,87,0,0,0,0,0,0,9.300000000000011,62618.4,3880.2000000000003,26935.2
2801,M17660,M,300.2,309.5,1500,45.7,89,0,0,0,0,0,0,9.300000000000011,68550.0,4067.3,27545.5
2802,M17661,M,300.2,309.5,1642,28.8,92,0,0,0,0,0,0,9.300000000000011,47289.6,2649.6,28474.0
2803,M17662,M,300.3,309.6,1509,46.6,95,0,0,0,0,0,0,9.300000000000011,70319.40000000001,4427.0,29412.000000000004
2804,L49983,L,300.2,309.5,1343,50.2,98,0,0,0,0,0,0,9.300000000000011,67418.6,4919.6,30331.0
2805,L49984,L,300.1,309.5,1450,40.1,100,0,0,0,0,0,0,9.399999999999977,58145.0,4010.0,30950.0
2806,L49985,L,300.0,309.4,1460,43.5,102,0,0,0,0,0,0,9.399999999999977,63510.0,4437.0,31558.8
2807,L49986,L,300.0,309.3,1364,41.2,104,0,0,0,0,0,0,9.300000000000011,56196.8,4284.8,32167.2
2808,M17667,M,299.9,309.3,1452,41.9,106,0,0,0,0,0,0,9.400000000000034,60838.799999999996,4441.4,32785.8
2809,L49988,L,299.9,309.3,1471,41.8,109,0,0,0,0,0,0,9.400000000000034,61487.799999999996,4556.2,33713.700000000004
2810,L49989,L,299.9,309.2,1598,34.6,111,0,0,0,0,0,0,9.300000000000011,55290.8,3840.6000000000004,34321.2
2811,L49990,L,299.8,309.1,1772,24.8,113,0,0,0,0,0,0,9.300000000000011,43945.6,2802.4,34928.3
2812,L49991,L,299.9,309.2,1761,25.6,115,0,0,0,0,0,0,9.300000000000011,45081.600000000006,2944.0,35558.0
2813,M17672,M,300.0,309.3,1413,40.7,117,0,0,0,0,0,0,9.300000000000011,57509.100000000006,4761.900000000001,36188.1
2814,L49993,L,300.0,309.3,1887,22.6,120,0,0,0,0,0,0,9.300000000000011,42646.200000000004,2712.0,37116.0
2815,L49994,L,300.0,309.3,1395,56.5,122,0,0,0,0,0,0,9.300000000000011,78817.5,6893.0,37734.6
2816,M17675,M,300.1,309.4,1569,31.6,124,0,0,0,0,0,0,9.299999999999955,49580.4,3918.4,38365.6
2817,L49996,L,300.1,309.4,1434,47.3,127,0,0,0,0,0,0,9.299999999999955,67828.2,6007.099999999999,39293.799999999996
2818,L49997,L,300.2,309.5,1417,41.1,129,0,0,0,0,0,0,9.300000000000011,58238.700000000004,5301.900000000001,39925.5
2819,L49998,L,300.2,309.5,1729,28.4,131,0,0,0,0,0,0,9.300000000000011,49103.6,3720.3999999999996,40544.5
2820,L49999,L,300.2,309.5,1356,51.1,133,0,0,0,0,0,0,9.300000000000011,69291.6,6796.3,41163.5
2821,L50000,L,300.2,309.5,1436,48.8,135,0,0,0,0,0,0,9.300000000000011,70076.8,6588.0,41782.5
2822,M17681,M,300.3,309.6,1419,42.5,137,0,0,0,0,0,0,9.300000000000011,60307.5,5822.5,42415.200000000004
2823,L50002,L,300.3,309.6,1593,38.1,140,0,0,0,0,0,0,9.300000000000011,60693.3,5334.0,43344.0
2824,M17683,M,300.3,309.5,1320,62.2,142,0,0,0,0,0,0,9.199999999999989,82104.0,8832.4,43949.0
2825,M17684,M,300.3,309.5,1448,42.4,145,0,0,0,0,0,0,9.199999999999989,61395.2,6148.0,44877.5
2826,L50005,L,300.3,309.4,1470,33.5,148,0,0,0,0,0,0,9.099999999999966,49245.0,4958.0,45791.2
2827,M17686,M,300.3,309.4,1612,33.1,150,0,0,0,0,0,0,9.099999999999966,53357.200000000004,4965.0,46410.0
2828,L50007,L,300.4,309.4,1412,51.6,153,0,0,0,0,0,0,9.0,72859.2,7894.8,47338.2
2829,M17688,M,300.4,309.4,1875,23.9,155,0,0,0,0,0,0,9.0,44812.5,3704.5,47957.0
2830,L50009,L,300.3,309.3,1612,36.0,158,0,0,0,0,0,0,9.0,58032.0,5688.0,48869.4
2831,M17690,M,300.4,309.3,1411,41.6,160,0,0,0,0,0,0,8.900000000000034,58697.6,6656.0,49488.0
2832,M17691,M,300.3,309.2,1490,47.9,163,0,0,0,0,0,0,8.899999999999977,71371.0,7807.7,50399.6
2833,M17692,M,300.4,309.3,1467,40.3,166,0,0,0,0,0,0,8.900000000000034,59120.1,6689.799999999999,51343.8
2834,L50013,L,300.3,309.2,1807,26.4,169,0,0,0,0,0,0,8.899999999999977,47704.799999999996,4461.599999999999,52254.799999999996
2835,L50014,L,300.3,309.1,1368,46.0,171,0,0,0,0,0,0,8.800000000000011,62928.0,7866.0,52856.100000000006
2836,L50015,L,300.3,309.2,1572,32.0,173,0,0,0,0,0,0,8.899999999999977,50304.0,5536.0,53491.6
2837,M17696,M,300.3,309.1,1458,44.3,175,0,0,0,0,0,0,8.800000000000011,64589.399999999994,7752.499999999999,54092.50000000001
2838,L50017,L,300.3,309.1,1699,30.3,178,0,0,0,0,0,0,8.800000000000011,51479.700000000004,5393.400000000001,55019.8
2839,L50018,L,300.3,309.3,1478,39.5,180,0,0,0,0,0,0,9.0,58381.0,7110.0,55674.0
2840,M17699,M,300.4,309.4,1362,42.1,182,0,0,0,0,0,0,9.0,57340.200000000004,7662.2,56310.799999999996
2841,H32254,H,300.4,309.4,1487,38.9,185,0,0,0,0,0,0,9.0,57844.299999999996,7196.5,57238.99999999999
2842,L50021,L,300.3,309.4,1705,29.4,190,0,0,0,0,0,0,9.099999999999966,50127.0,5586.0,58785.99999999999
2843,L50022,L,300.3,309.3,1345,53.5,192,0,0,0,0,0,0,9.0,71957.5,10272.0,59385.600000000006
2844,L50023,L,300.3,309.2,1532,40.2,194,0,0,0,0,0,0,8.899999999999977,61586.4,7798.8,59984.799999999996
2845,L50024,L,300.3,309.2,1650,35.2,196,0,0,0,0,0,0,8.899999999999977,58080.00000000001,6899.200000000001,60603.2
2846,L50025,L,300.3,309.2,1398,54.4,198,0,0,0,0,0,0,8.899999999999977,76051.2,10771.199999999999,61221.6
2847,L50026,L,300.3,309.2,1412,44.8,200,0,0,0,0,0,0,8.899999999999977,63257.6,8960.0,61840.0
2848,L50027,L,300.4,309.3,1525,39.6,202,0,0,0,0,0,0,8.900000000000034,60390.0,7999.200000000001,62478.600000000006
2849,M17708,M,300.3,309.3,1391,57.9,204,0,0,0,0,0,0,9.0,80538.9,11811.6,63097.200000000004
2850,L50029,L,300.4,309.3,1766,28.2,207,0,0,0,0,0,0,8.900000000000034,49801.2,5837.4,64025.100000000006
2851,L50030,L,300.4,309.3,1671,35.0,209,0,0,0,0,0,0,8.900000000000034,58485.0,7315.0,64643.700000000004
2852,L50031,L,300.5,309.3,1373,48.8,211,0,0,0,0,0,0,8.800000000000011,67002.4,10296.8,65262.3
2853,M17712,M,300.5,309.4,1347,50.1,213,0,0,0,0,0,0,8.899999999999977,67484.7,10671.300000000001,65902.2
2854,M17713,M,300.5,309.3,1539,39.1,216,0,0,0,0,0,0,8.800000000000011,60174.9,8445.6,66808.8
2855,L50034,L,300.5,309.3,1470,40.8,219,0,0,0,0,0,0,8.800000000000011,59975.99999999999,8935.199999999999,67736.7
2856,L50035,L,300.5,309.3,1528,37.0,221,0,0,0,0,0,0,8.800000000000011,56536.0,8177.0,68355.3
2857,H32270,H,300.5,309.3,1471,45.2,223,0,0,0,0,0,0,8.800000000000011,66489.2,10079.6,68973.90000000001
2858,M17717,M,300.4,309.2,1528,37.2,228,0,0,0,0,0,0,8.800000000000011,56841.600000000006,8481.6,70497.59999999999
2859,L50038,L,300.5,309.3,1417,51.5,231,1,0,0,0,1,0,8.800000000000011,72975.5,11896.5,71448.3
2860,L50039,L,300.6,309.4,1549,43.4,233,0,0,0,0,0,0,8.799999999999955,67226.59999999999,10112.199999999999,72090.2
2861,H32274,H,300.6,309.4,1463,49.2,235,0,0,0,0,0,0,8.799999999999955,71979.6,11562.0,72709.0
2862,L50041,L,300.7,309.5,1479,43.6,240,0,0,0,0,0,0,8.800000000000011,64484.4,10464.0,74280.0
2863,L50042,L,300.6,309.5,1867,23.0,242,0,0,0,0,0,0,8.899999999999977,42941.0,5566.0,74899.0
2864,L50043,L,300.6,309.4,1471,44.1,244,0,0,0,0,0,0,8.799999999999955,64871.1,10760.4,75493.59999999999
2865,H32278,H,300.6,309.4,1380,47.6,246,1,1,0,0,0,0,8.799999999999955,65688.0,11709.6,76112.4
2866,H32279,H,300.7,309.7,1623,32.7,0,0,0,0,0,0,0,9.0,53072.100000000006,0.0,0.0
2867,L50046,L,300.8,309.7,1997,20.7,5,0,0,0,0,0,0,8.899999999999977,41337.9,103.5,1548.5
2868,H32281,H,300.7,309.6,1390,48.5,7,0,0,0,0,0,0,8.900000000000034,67415.0,339.5,2167.2000000000003
2869,L50048,L,300.8,309.7,1418,46.6,12,0,0,0,0,0,0,8.899999999999977,66078.8,559.2,3716.3999999999996
2870,L50049,L,300.8,309.7,1519,35.8,14,0,0,0,0,0,0,8.899999999999977,54380.2,501.19999999999993,4335.8
2871,M17730,M,300.8,309.7,1519,39.7,16,0,0,0,0,0,0,8.899999999999977,60304.3,635.2,4955.2
2872,M17731,M,300.7,309.6,1536,37.2,19,0,0,0,0,0,0,8.900000000000034,57139.200000000004,706.8000000000001,5882.400000000001
2873,L50052,L,300.8,309.6,1680,28.7,22,0,0,0,0,0,0,8.800000000000011,48216.0,631.4,6811.200000000001
2874,H32287,H,300.6,309.4,1555,37.9,24,0,0,0,0,0,0,8.799999999999955,58934.5,909.5999999999999,7425.599999999999
2875,L50054,L,300.6,309.5,1471,49.6,29,0,0,0,0,0,0,8.899999999999977,72961.6,1438.4,8975.5
2876,M17735,M,300.5,309.4,1877,23.8,31,0,0,0,0,0,0,8.899999999999977,44672.6,737.8000000000001,9591.4
2877,M17736,M,300.5,309.3,1578,30.5,34,0,0,0,0,0,0,8.800000000000011,48129.0,1037.0,10516.2
2878,M17737,M,300.5,309.4,1655,32.1,37,0,0,0,0,0,0,8.899999999999977,53125.5,1187.7,11447.8
2879,H32292,H,300.5,309.4,1502,34.3,40,0,0,0,0,0,0,8.899999999999977,51518.6,1372.0,12376.0
2880,M17739,M,300.6,309.4,1367,63.2,45,1,0,0,1,0,0,8.799999999999955,86394.40000000001,2844.0,13922.999999999998
2881,L50060,L,300.7,309.5,1541,37.2,48,0,0,0,0,0,0,8.800000000000011,57325.200000000004,1785.6000000000001,14856.0
2882,M17741,M,300.6,309.6,1588,37.0,50,0,0,0,0,0,0,9.0,58756.0,1850.0,15480.000000000002
2883,L50062,L,300.6,309.6,1684,32.8,53,0,0,0,0,0,0,9.0,55235.2,1738.3999999999999,16408.800000000003
2884,L50063,L,300.6,309.5,1437,40.0,55,0,0,0,0,0,0,8.899999999999977,57480.0,2200.0,17022.5
2885,L50064,L,300.6,309.6,1409,42.4,57,0,0,0,0,0,0,9.0,59741.6,2416.7999999999997,17647.2
2886,M17745,M,300.5,309.5,1320,49.9,59,0,0,0,0,0,0,9.0,65868.0,2944.1,18260.5
2887,H32300,H,300.5,309.5,1635,34.2,62,0,0,0,0,0,0,9.0,55917.00000000001,2120.4,19189.0
2888,M17747,M,300.5,309.5,1691,27.6,67,0,0,0,0,0,0,9.0,46671.600000000006,1849.2,20736.5
2889,M17748,M,300.6,309.6,1365,50.0,70,0,0,0,0,0,0,9.0,68250.0,3500.0,21672.0
2890,M17749,M,300.7,309.7,1523,38.2,73,0,0,0,0,0,0,9.0,58178.600000000006,2788.6000000000004,22608.1
2891,L50070,L,300.6,309.7,1593,32.4,76,0,0,0,0,0,0,9.099999999999966,51613.2,2462.4,23537.2
2892,L50071,L,300.6,309.6,1682,30.7,78,0,0,0,0,0,0,9.0,51637.4,2394.6,24148.800000000003
2893,L50072,L,300.7,309.6,1329,54.3,80,0,0,0,0,0,0,8.900000000000034,72164.7,4344.0,24768.0
2894,M17753,M,300.7,309.6,1568,35.2,82,0,0,0,0,0,0,8.900000000000034,55193.600000000006,2886.4,25387.2
2895,L50074,L,300.7,309.6,1733,24.8,85,0,0,0,0,0,0,8.900000000000034,42978.4,2108.0,26316.000000000004
2896,M17755,M,300.7,309.6,1473,48.1,87,0,0,0,0,0,0,8.900000000000034,70851.3,4184.7,26935.2
2897,M17756,M,300.7,309.5,1633,31.3,90,0,0,0,0,0,0,8.800000000000011,51112.9,2817.0,27855.0
2898,M17757,M,300.6,309.5,1530,40.2,93,0,0,0,0,0,0,8.899999999999977,61506.00000000001,3738.6000000000004,28783.5
2899,M17758,M,300.6,309.5,1550,40.2,96,0,0,0,0,0,0,8.899999999999977,62310.00000000001,3859.2000000000003,29712.0
2900,L50079,L,300.6,309.4,1410,40.6,99,0,0,0,0,0,0,8.799999999999955,57246.0,4019.4,30630.6
2901,L50080,L,300.5,309.3,1574,33.5,101,0,0,0,0,0,0,8.800000000000011,52729.0,3383.5,31239.300000000003
2902,L50081,L,300.6,309.4,1425,40.3,103,0,0,0,0,0,0,8.799999999999955,57427.49999999999,4150.9,31868.199999999997
2903,M17762,M,300.6,309.4,1541,35.2,105,0,0,0,0,0,0,8.799999999999955,54243.200000000004,3696.0000000000005,32486.999999999996
2904,M17763,M,300.7,309.5,1733,26.7,108,0,0,0,0,0,0,8.800000000000011,46271.1,2883.6,33426.0
2905,L50084,L,300.6,309.4,2496,13.5,111,0,0,0,0,0,0,8.799999999999955,33696.0,1498.5,34343.399999999994
2906,L50085,L,300.6,309.4,1552,36.4,113,0,0,0,0,0,0,8.799999999999955,56492.799999999996,4113.2,34962.2
2907,L50086,L,300.6,309.3,1409,38.7,115,0,0,0,0,0,0,8.699999999999989,54528.3,4450.5,35569.5
2908,M17767,M,300.6,309.4,1581,35.7,117,0,0,0,0,0,0,8.799999999999955,56441.700000000004,4176.900000000001,36199.799999999996
2909,L50088,L,300.7,309.5,1251,59.9,120,0,0,0,0,0,0,8.800000000000011,74934.9,7188.0,37140.0
2910,L50089,L,300.7,309.6,1500,44.1,122,0,0,0,0,0,0,8.900000000000034,66150.0,5380.2,37771.200000000004
2911,L50090,L,300.6,309.5,1576,38.8,124,0,0,0,0,0,0,8.899999999999977,61148.799999999996,4811.2,38378.0
2912,M17771,M,300.7,309.5,1352,44.0,126,0,0,0,0,0,0,8.800000000000011,59488.0,5544.0,38997.0
2913,L50092,L,300.7,309.6,1661,30.3,129,0,0,0,0,0,0,8.900000000000034,50328.3,3908.7000000000003,39938.4
2914,L50093,L,300.7,309.6,1541,34.6,131,0,0,0,0,0,0,8.900000000000034,53318.600000000006,4532.6,40557.600000000006
2915,H32328,H,300.6,309.6,1888,20.5,133,0,0,0,0,0,0,9.0,38704.0,2726.5,41176.8
2916,L50095,L,300.5,309.5,1255,62.1,138,0,0,0,0,0,0,9.0,77935.5,8569.800000000001,42711.0
2917,L50096,L,300.6,309.6,1411,41.6,140,0,0,0,0,0,0,9.0,58697.6,5824.0,43344.0
2918,L50097,L,300.6,309.5,1516,39.0,142,0,0,0,0,0,0,8.899999999999977,59124.0,5538.0,43949.0
2919,M17778,M,300.6,309.5,1492,34.0,144,0,0,0,0,0,0,8.899999999999977,50728.0,4896.0,44568.0
2920,L50099,L,300.6,309.6,1726,30.0,147,0,0,0,0,0,0,9.0,51780.0,4410.0,45511.200000000004
2921,L50100,L,300.7,309.7,1598,33.7,149,0,0,0,0,0,0,9.0,53852.600000000006,5021.3,46145.299999999996
2922,L50101,L,300.8,309.8,1657,31.1,151,0,0,0,0,0,0,9.0,51532.700000000004,4696.1,46779.8
2923,L50102,L,300.8,309.7,1481,38.1,153,0,0,0,0,0,0,8.899999999999977,56426.1,5829.3,47384.1
2924,M17783,M,300.7,309.7,1397,51.3,155,0,0,0,0,0,0,9.0,71666.09999999999,7951.5,48003.5
2925,L50104,L,300.8,309.7,1461,44.3,158,0,0,0,0,0,0,8.899999999999977,64722.299999999996,6999.4,48932.6
2926,M17785,M,300.7,309.6,1388,51.1,160,0,0,0,0,0,0,8.900000000000034,70926.8,8176.0,49536.0
2927,L50106,L,300.7,309.7,1507,52.4,163,0,0,0,0,0,0,9.0,78966.8,8541.199999999999,50481.1
2928,M17787,M,300.7,309.6,1421,49.8,165,0,0,0,0,0,0,8.900000000000034,70765.8,8217.0,51084.00000000001
2929,M17788,M,300.8,309.7,1258,54.9,168,0,0,0,0,0,0,8.899999999999977,69064.2,9223.199999999999,52029.6
2930,M17789,M,300.8,309.7,1482,39.0,171,0,0,0,0,0,0,8.899999999999977,57798.0,6669.0,52958.7
2931,H32344,H,300.7,309.6,1403,51.3,174,0,0,0,0,0,0,8.900000000000034,71973.9,8926.199999999999,53870.4
2932,L50111,L,300.8,309.7,1373,45.4,179,0,0,0,0,0,0,8.899999999999977,62334.2,8126.599999999999,55436.299999999996
2933,L50112,L,300.9,309.7,1460,42.1,181,0,0,0,0,0,0,8.800000000000011,61466.0,7620.1,56055.7
2934,M17793,M,300.8,309.7,1751,27.9,183,0,0,0,0,0,0,8.899999999999977,48852.899999999994,5105.7,56675.1
2935,M17794,M,300.8,309.6,1546,42.3,186,0,0,0,0,0,0,8.800000000000011,65395.799999999996,7867.799999999999,57585.600000000006
2936,M17795,M,300.8,309.7,1680,28.2,189,0,0,0,0,0,0,8.899999999999977,47376.0,5329.8,58533.299999999996
2937,M17796,M,300.9,309.7,1394,48.8,192,0,0,0,0,0,0,8.800000000000011,68027.2,9369.599999999999,59462.399999999994
2938,L50117,L,300.7,309.6,1810,26.0,195,0,0,0,0,0,0,8.900000000000034,47060.0,5070.0,60372.00000000001
2939,L50118,L,300.7,309.5,1479,34.5,197,0,0,0,0,0,0,8.800000000000011,51025.5,6796.5,60971.5
2940,L50119,L,300.9,309.7,1431,41.4,199,0,0,0,0,0,0,8.800000000000011,59243.4,8238.6,61630.299999999996
2941,L50120,L,300.9,309.7,2355,14.4,201,0,0,0,0,0,0,8.800000000000011,33912.0,2894.4,62249.7
2942,M17801,M,300.7,309.6,1996,19.8,203,1,1,0,0,0,0,8.900000000000034,39520.8,4019.4,62848.8
2943,L50122,L,300.7,309.5,1461,49.9,0,0,0,0,0,0,0,8.800000000000011,72903.9,0.0,0.0
2944,H32357,H,300.7,309.5,2007,19.7,2,0,0,0,0,0,0,8.800000000000011,39537.9,39.4,619.0
2945,L50124,L,300.7,309.6,1505,34.9,7,0,0,0,0,0,0,8.900000000000034,52524.5,244.29999999999998,2167.2000000000003
2946,H32359,H,300.7,309.6,1925,20.5,9,0,0,0,0,0,0,8.900000000000034,39462.5,184.5,2786.4
2947,M17806,M,300.7,309.5,1622,30.5,14,0,0,0,0,0,0,8.800000000000011,49471.0,427.0,4333.0
2948,L50127,L,300.7,309.5,1592,29.0,17,0,0,0,0,0,0,8.800000000000011,46168.0,493.0,5261.5
2949,L50128,L,300.7,309.5,1850,24.5,19,0,0,0,0,0,0,8.800000000000011,45325.0,465.5,5880.5
2950,M17809,M,300.7,309.5,1470,48.7,21,0,0,0,0,0,0,8.800000000000011,71589.0,1022.7,6499.5
2951,M17810,M,300.7,309.5,1445,46.4,24,0,0,0,0,0,0,8.800000000000011,67048.0,1113.6,7428.0
2952,L50131,L,300.7,309.5,1685,31.1,27,0,0,0,0,0,0,8.800000000000011,52403.5,839.7,8356.5
2953,H32366,H,300.7,309.5,1667,30.5,29,0,0,0,0,0,0,8.800000000000011,50843.5,884.5,8975.5
2954,L50133,L,300.7,309.5,1578,35.4,34,0,0,0,0,0,0,8.800000000000011,55861.2,1203.6,10523.0
2955,H32368,H,300.6,309.4,1691,28.0,36,0,0,0,0,0,0,8.799999999999955,47348.0,1008.0,11138.4
2956,M17815,M,300.7,309.5,1439,43.8,41,0,0,0,0,0,0,8.800000000000011,63028.2,1795.8,12689.5
2957,M17816,M,300.8,309.6,1404,38.7,44,0,0,0,0,0,0,8.800000000000011,54334.8,1702.8000000000002,13622.400000000001
2958,L50137,L,300.8,309.6,1498,45.8,47,0,0,0,0,0,0,8.800000000000011,68608.4,2152.6,14551.2
2959,M17818,M,300.8,309.5,1481,44.5,49,0,0,0,0,0,0,8.699999999999989,65904.5,2180.5,15165.5
2960,M17819,M,300.7,309.4,1589,35.0,52,0,0,0,0,0,0,8.699999999999989,55615.0,1820.0,16088.8
2961,L50140,L,300.7,309.5,1467,44.3,55,0,0,0,0,0,0,8.800000000000011,64988.1,2436.5,17022.5
2962,L50141,L,300.6,309.4,1654,32.8,57,0,0,0,0,0,0,8.799999999999955,54251.2,1869.6,17635.8
2963,L50142,L,300.7,309.5,1508,39.9,59,0,0,0,0,0,0,8.800000000000011,60169.2,2354.1,18260.5
2964,M17823,M,300.7,309.6,1439,43.0,61,0,0,0,0,0,0,8.900000000000034,61877.0,2623.0,18885.600000000002
2965,L50144,L,300.7,309.5,1692,30.3,64,0,0,0,0,0,0,8.800000000000011,51267.6,1939.2,19808.0
2966,M17825,M,300.7,309.5,1838,24.9,66,0,0,0,0,0,0,8.800000000000011,45766.2,1643.3999999999999,20427.0
2967,L50146,L,300.6,309.3,1601,40.2,69,0,0,0,0,0,0,8.699999999999989,64360.200000000004,2773.8,21341.7
2968,L50147,L,300.6,309.4,1369,51.6,71,0,0,0,0,0,0,8.799999999999955,70640.40000000001,3663.6,21967.399999999998
2969,M17828,M,300.6,309.4,1312,45.2,73,0,0,0,0,0,0,8.799999999999955,59302.4,3299.6000000000004,22586.199999999997
2970,L50149,L,300.6,309.4,1468,44.1,76,0,0,0,0,0,0,8.799999999999955,64738.8,3351.6,23514.399999999998
2971,M17830,M,300.6,309.4,1452,39.4,78,0,0,0,0,0,0,8.799999999999955,57208.799999999996,3073.2,24133.199999999997
2972,M17831,M,300.7,309.5,1393,43.9,81,0,0,0,0,0,0,8.800000000000011,61152.7,3555.9,25069.5
2973,M17832,M,300.6,309.4,1432,44.2,84,0,0,0,0,0,0,8.799999999999955,63294.4,3712.8,25989.6
2974,M17833,M,300.6,309.3,1510,46.0,87,0,0,0,0,0,0,8.699999999999989,69460.0,4002.0,26909.100000000002
2975,M17834,M,300.6,309.4,1521,37.2,90,0,0,0,0,0,0,8.799999999999955,56581.200000000004,3348.0000000000005,27845.999999999996
2976,H32389,H,300.5,309.4,1360,46.2,93,0,0,0,0,0,0,8.899999999999977,62832.00000000001,4296.6,28774.199999999997
2977,M17836,M,300.5,309.3,1881,25.5,98,0,0,0,0,0,0,8.800000000000011,47965.5,2499.0,30311.4
2978,L50157,L,300.4,309.3,1413,50.3,101,0,0,0,0,0,0,8.900000000000034,71073.9,5080.299999999999,31239.300000000003
2979,H32392,H,300.5,309.4,1642,36.2,103,0,0,0,0,0,0,8.899999999999977,59440.4,3728.6000000000004,31868.199999999997
2980,L50159,L,300.5,309.5,1542,38.5,108,0,0,0,0,0,0,9.0,59367.0,4158.0,33426.0
2981,L50160,L,300.4,309.5,1447,39.3,110,0,0,0,0,0,0,9.100000000000023,56867.1,4323.0,34045.0
2982,H32395,H,300.4,309.4,1530,40.4,112,0,0,0,0,0,0,9.0,61812.0,4524.8,34652.799999999996
2983,L50162,L,300.5,309.5,1795,27.7,117,0,0,0,0,0,0,9.0,49721.5,3240.9,36211.5
2984,L50163,L,300.6,309.6,1290,57.4,119,0,0,0,0,0,0,9.0,74046.0,6830.599999999999,36842.4
2985,L50164,L,300.6,309.7,1639,30.4,121,0,0,0,0,0,0,9.099999999999966,49825.6,3678.3999999999996,37473.7
2986,L50165,L,300.7,309.8,1596,31.5,123,0,0,0,0,0,0,9.100000000000023,50274.0,3874.5,38105.4
2987,L50166,L,300.6,309.8,1455,48.0,125,0,0,0,0,0,0,9.199999999999989,69840.0,6000.0,38725.0
2988,M17847,M,300.6,309.8,1659,28.9,127,0,0,0,0,0,0,9.199999999999989,47945.1,3670.2999999999997,39344.6
2989,M17848,M,300.6,309.8,1532,42.5,130,0,0,0,0,0,0,9.199999999999989,65110.0,5525.0,40274.0
2990,L50169,L,300.6,309.8,1502,42.4,133,0,0,0,0,0,0,9.199999999999989,63684.799999999996,5639.2,41203.4
2991,L50170,L,300.6,309.8,1688,28.6,135,0,0,0,0,0,0,9.199999999999989,48276.8,3861.0,41823.0
2992,M17851,M,300.5,309.7,1341,50.9,137,0,0,0,0,0,0,9.199999999999989,68256.9,6973.3,42428.9
2993,M17852,M,300.5,309.7,1685,29.4,140,0,0,0,0,0,0,9.199999999999989,49539.0,4116.0,43358.0
2994,M17853,M,300.5,309.8,1370,55.9,143,0,0,0,0,0,0,9.300000000000011,76583.0,7993.7,44301.4
2995,L50174,L,300.5,309.8,1461,52.5,146,0,0,0,0,0,0,9.300000000000011,76702.5,7665.0,45230.8
2996,L50175,L,300.5,309.8,1550,37.4,148,0,0,0,0,0,0,9.300000000000011,57970.0,5535.2,45850.4
2997,M17856,M,300.5,309.8,1508,37.8,150,0,0,0,0,0,0,9.300000000000011,57002.399999999994,5670.0,46470.0
2998,L50177,L,300.5,309.8,1345,62.7,153,0,0,0,0,0,0,9.300000000000011,84331.5,9593.1,47399.4
2999,L50178,L,300.5,309.7,1616,34.5,155,0,0,0,0,0,0,9.199999999999989,55752.0,5347.5,48003.5
3000,L50179,L,300.5,309.7,1395,61.0,157,0,0,0,0,0,0,9.199999999999989,85095.0,9577.0,48622.9
3001,H32414,H,300.5,309.8,1324,72.8,159,1,0,0,1,0,0,9.300000000000011,96387.2,11575.199999999999,49258.200000000004
3002,L50181,L,300.5,309.8,1445,43.9,164,0,0,0,0,0,0,9.300000000000011,63435.5,7199.599999999999,50807.200000000004
3003,M17862,M,300.5,309.8,1555,38.9,166,0,0,0,0,0,0,9.300000000000011,60489.5,6457.4,51426.8
3004,M17863,M,300.6,309.9,1449,42.4,169,0,0,0,0,0,0,9.299999999999955,61437.6,7165.599999999999,52373.1
3005,M17864,M,300.5,309.9,1466,53.2,172,0,0,0,0,0,0,9.399999999999977,77991.2,9150.4,53302.799999999996
3006,L50185,L,300.5,309.9,1503,37.4,175,0,0,0,0,0,0,9.399999999999977,56212.2,6545.0,54232.49999999999
3007,L50186,L,300.4,309.7,1488,35.7,177,0,0,0,0,0,0,9.300000000000011,53121.600000000006,6318.900000000001,54816.9
3008,L50187,L,300.4,309.7,1314,50.2,179,0,0,0,0,0,0,9.300000000000011,65962.8,8985.800000000001,55436.299999999996
3009,M17868,M,300.4,309.7,1547,38.0,181,0,0,0,0,0,0,9.300000000000011,58786.0,6878.0,56055.7
3010,M17869,M,300.4,309.7,1466,39.8,184,0,0,0,0,0,0,9.300000000000011,58346.799999999996,7323.2,56984.799999999996
3011,L50190,L,300.3,309.6,1537,37.1,187,0,0,0,0,0,0,9.300000000000011,57022.700000000004,6937.7,57895.200000000004
3012,M17871,M,300.2,309.5,1434,51.5,189,0,0,0,0,0,0,9.300000000000011,73851.0,9733.5,58495.5
3013,L50192,L,300.4,309.6,1432,44.7,192,0,0,0,0,0,0,9.200000000000045,64010.4,8582.400000000001,59443.200000000004
3014,L50193,L,300.5,309.6,1390,48.4,194,0,0,0,0,0,0,9.100000000000023,67276.0,9389.6,60062.4
3015,L50194,L,300.5,309.7,1580,42.8,196,0,0,0,0,0,0,9.199999999999989,67624.0,8388.8,60701.2
3016,L50195,L,300.5,309.7,1589,30.5,198,0,0,0,0,0,0,9.199999999999989,48464.5,6039.0,61320.6
3017,L50196,L,300.5,309.8,1441,48.8,200,0,0,0,0,0,0,9.300000000000011,70320.8,9760.0,61960.0
3018,L50197,L,300.5,309.8,1305,51.7,202,0,0,0,0,0,0,9.300000000000011,67468.5,10443.400000000001,62579.600000000006
3019,M17878,M,300.5,309.8,1566,35.9,204,0,0,0,0,0,0,9.300000000000011,56219.399999999994,7323.599999999999,63199.200000000004
3020,L50199,L,300.5,309.8,1379,54.2,207,1,0,0,0,1,0,9.300000000000011,74741.8,11219.400000000001,64128.600000000006
3021,L50200,L,300.4,309.6,1543,38.1,209,0,0,0,0,0,0,9.200000000000045,58788.3,7962.900000000001,64706.4
3022,L50201,L,300.5,309.8,1421,49.6,211,0,0,0,0,0,0,9.300000000000011,70481.6,10465.6,65367.8
3023,L50202,L,300.5,309.6,1760,30.6,213,0,0,0,0,0,0,9.100000000000023,53856.0,6517.8,65944.8
3024,L50203,L,300.4,309.5,1711,29.2,215,0,0,0,0,0,0,9.100000000000023,49961.2,6278.0,66542.5
3025,L50204,L,300.5,309.6,1465,41.6,217,0,0,0,0,0,0,9.100000000000023,60944.0,9027.2,67183.20000000001
3026,L50205,L,300.5,309.6,1366,50.2,219,0,0,0,0,0,0,9.100000000000023,68573.2,10993.800000000001,67802.40000000001
3027,M17886,M,300.4,309.5,1888,21.9,221,0,0,0,0,0,0,9.100000000000023,41347.2,4839.9,68399.5
3028,L50207,L,300.5,309.5,1777,23.6,0,0,0,0,0,0,0,9.0,41937.200000000004,0.0,0.0
3029,L50208,L,300.5,309.5,1379,55.6,2,0,0,0,0,0,0,9.0,76672.40000000001,111.2,619.0
3030,L50209,L,300.4,309.5,1525,51.3,4,0,0,0,0,0,0,9.100000000000023,78232.5,205.2,1238.0
3031,M17890,M,300.4,309.6,1563,34.0,6,0,0,0,0,0,0,9.200000000000045,53142.0,204.0,1857.6000000000001
3032,M17891,M,300.5,309.7,1389,43.3,9,0,0,0,0,0,0,9.199999999999989,60143.7,389.7,2787.2999999999997
3033,M17892,M,300.6,309.8,1447,42.9,12,0,0,0,0,0,0,9.199999999999989,62076.299999999996,514.8,3717.6000000000004
3034,M17893,M,300.6,309.7,1934,22.8,15,0,0,0,0,0,0,9.099999999999966,44095.200000000004,342.0,4645.5
3035,H32448,H,300.6,309.7,1470,43.8,18,0,0,0,0,0,0,9.099999999999966,64385.99999999999,788.4,5574.599999999999
3036,M17895,M,300.6,309.7,1428,42.6,23,0,0,0,0,0,0,9.099999999999966,60832.8,979.8000000000001,7123.099999999999
3037,L50216,L,300.4,309.6,1319,48.1,26,0,0,0,0,0,0,9.200000000000045,63443.9,1250.6000000000001,8049.6
3038,L50217,L,300.5,309.7,1887,24.3,28,0,0,0,0,0,0,9.199999999999989,45854.1,680.4,8671.6
3039,L50218,L,300.4,309.5,1349,50.4,30,0,0,0,0,0,0,9.100000000000023,67989.59999999999,1512.0,9285.0
3040,M17899,M,300.3,309.5,1665,31.4,32,0,0,0,0,0,0,9.199999999999989,52281.0,1004.8,9904.0
3041,L50220,L,300.3,309.5,1474,38.7,35,0,0,0,0,0,0,9.199999999999989,57043.8,1354.5,10832.5
3042,L50221,L,300.4,309.5,1543,38.9,37,0,0,0,0,0,0,9.100000000000023,60022.7,1439.3,11451.5
3043,M17902,M,300.2,309.4,1459,43.9,39,0,0,0,0,0,0,9.199999999999989,64050.1,1712.1,12066.599999999999
3044,L50223,L,300.3,309.5,1551,37.9,42,0,0,0,0,0,0,9.199999999999989,58782.899999999994,1591.8,12999.0
3045,L50224,L,300.2,309.4,1981,21.4,44,0,0,0,0,0,0,9.199999999999989,42393.399999999994,941.5999999999999,13613.599999999999
3046,L50225,L,300.2,309.4,1526,35.3,46,0,0,0,0,0,0,9.199999999999989,53867.799999999996,1623.8,14232.4
3047,M17906,M,300.2,309.4,1501,40.0,48,0,0,0,0,0,0,9.199999999999989,60040.0,1920.0,14851.199999999999
3048,L50227,L,300.2,309.4,1558,38.3,51,0,0,0,0,0,0,9.199999999999989,59671.399999999994,1953.3,15779.4
3049,L50228,L,300.2,309.3,1532,43.2,53,0,0,0,0,0,0,9.100000000000023,66182.40000000001,2289.6000000000004,16392.9
3050,L50229,L,300.1,309.2,1326,55.9,55,0,0,0,0,0,0,9.099999999999966,74123.4,3074.5,17006.0
3051,L50230,L,300.2,309.2,1431,51.3,57,0,0,0,0,0,0,9.0,73410.3,2924.1,17624.399999999998
3052,L50231,L,300.2,309.3,1366,49.3,59,0,0,0,0,0,0,9.100000000000023,67343.8,2908.7,18248.7
3053,L50232,L,300.1,309.2,1421,42.5,61,0,0,0,0,0,0,9.099999999999966,60392.5,2592.5,18861.2
3054,H32467,H,300.2,309.3,1506,35.6,63,0,0,0,0,0,0,9.100000000000023,53613.6,2242.8,19485.9
3055,H32468,H,300.2,309.3,1342,48.7,68,0,0,0,0,0,0,9.100000000000023,65355.4,3311.6000000000004,21032.4
3056,L50235,L,300.1,309.2,1427,37.6,73,0,0,0,0,0,0,9.099999999999966,53655.200000000004,2744.8,22571.6
3057,L50236,L,300.2,309.2,1667,29.9,75,0,0,0,0,0,0,9.0,49843.299999999996,2242.5,23190.0
3058,L50237,L,300.1,309.1,1400,46.7,77,0,0,0,0,0,0,9.0,65380.00000000001,3595.9,23800.7
3059,L50238,L,300.0,309.0,1709,32.1,79,0,0,0,0,0,0,9.0,54858.9,2535.9,24411.0
3060,M17919,M,300.0,309.0,1368,45.8,81,0,0,0,0,0,0,9.0,62654.399999999994,3709.7999999999997,25029.0
3061,L50240,L,300.0,309.1,1882,23.8,84,0,0,0,0,0,0,9.100000000000023,44791.6,1999.2,25964.4
3062,L50241,L,300.1,309.1,1353,58.7,86,0,0,0,0,0,0,9.0,79421.1,5048.2,26582.600000000002
3063,L50242,L,299.9,309.0,1553,40.0,88,0,0,0,0,0,0,9.100000000000023,62120.0,3520.0,27192.0
3064,L50243,L,300.0,309.1,1431,45.4,90,0,0,0,0,0,0,9.100000000000023,64967.4,4086.0,27819.000000000004
3065,M17924,M,300.1,309.1,1731,30.4,92,0,0,0,0,0,0,9.0,52622.399999999994,2796.7999999999997,28437.2
3066,M17925,M,300.1,309.2,1687,27.7,95,0,0,0,0,0,1,9.099999999999966,46729.9,2631.5,29374.0
3067,M17926,M,300.1,309.2,1457,44.3,98,0,0,0,0,0,0,9.099999999999966,64545.1,4341.4,30301.6
3068,L50247,L,300.1,309.2,1533,37.0,101,0,0,0,0,0,0,9.099999999999966,56721.0,3737.0,31229.199999999997
3069,H32482,H,300.0,309.0,1622,31.8,103,0,0,0,0,0,0,9.0,51579.6,3275.4,31827.0
3070,L50249,L,300.0,309.1,1791,28.2,108,0,0,0,0,0,0,9.100000000000023,50506.2,3045.6,33382.8
3071,L50250,L,300.0,309.1,1631,28.3,110,0,0,0,0,0,0,9.100000000000023,46157.3,3113.0,34001.0
3072,L50251,L,300.0,309.0,2174,16.9,112,0,0,0,0,0,0,9.0,36740.6,1892.7999999999997,34608.0
3073,L50252,L,300.1,309.0,1314,58.2,114,0,0,0,0,0,0,8.899999999999977,76474.8,6634.8,35226.0
3074,L50253,L,300.1,309.1,1478,46.9,116,0,0,0,0,0,0,9.0,69318.2,5440.4,35855.600000000006
3075,L50254,L,300.1,309.2,1783,27.3,118,0,0,0,0,0,0,9.099999999999966,48675.9,3221.4,36485.6
3076,M17935,M,300.1,309.2,1385,46.1,120,0,0,0,0,0,0,9.099999999999966,63848.5,5532.0,37104.0
3077,L50256,L,300.0,309.2,1444,43.6,123,0,0,0,0,0,0,9.199999999999989,62958.4,5362.8,38031.6
3078,L50257,L,300.1,309.3,1841,23.0,125,0,0,0,0,0,0,9.199999999999989,42343.0,2875.0,38662.5
3079,M17938,M,300.1,309.4,1349,56.2,127,0,0,0,0,0,0,9.299999999999955,75813.8,7137.400000000001,39293.799999999996
3080,L50259,L,300.1,309.3,1340,56.0,130,0,0,0,0,0,0,9.199999999999989,75040.0,7280.0,40209.0
3081,M17940,M,299.9,309.2,1539,43.2,132,0,0,0,0,0,0,9.300000000000011,66484.8,5702.400000000001,40814.4
3082,M17941,M,300.0,309.3,1932,21.8,135,0,0,0,0,0,0,9.300000000000011,42117.6,2943.0,41755.5
3083,M17942,M,300.0,309.3,1407,43.9,138,0,0,0,0,0,0,9.300000000000011,61767.299999999996,6058.2,42683.4
3084,L50263,L,300.1,309.3,1712,28.5,141,0,0,0,0,0,0,9.199999999999989,48792.0,4018.5,43611.3
3085,H32498,H,300.1,309.4,1329,55.2,143,0,0,0,0,0,0,9.299999999999955,73360.8,7893.6,44244.2
3086,L50265,L,300.1,309.2,1441,42.9,148,0,0,0,0,0,0,9.099999999999966,61818.9,6349.2,45761.6
3087,L50266,L,300.0,309.2,1610,32.1,150,0,0,0,0,0,0,9.199999999999989,51681.0,4815.0,46380.0
3088,M17947,M,300.0,309.1,1474,45.2,152,0,0,0,0,0,0,9.100000000000023,66624.8,6870.400000000001,46983.200000000004
3089,M17948,M,300.0,309.1,1624,30.8,155,0,0,0,0,0,0,9.100000000000023,50019.200000000004,4774.0,47910.5
3090,H32503,H,300.1,309.3,1520,38.2,158,0,0,0,0,0,0,9.199999999999989,58064.00000000001,6035.6,48869.4
3091,H32504,H,300.1,309.3,1448,45.8,163,0,0,0,0,0,0,9.199999999999989,66318.4,7465.4,50415.9
3092,L50271,L,300.0,309.3,1558,29.7,168,0,0,0,0,0,0,9.300000000000011,46272.6,4989.599999999999,51962.4
3093,M17952,M,300.0,309.3,2293,16.3,170,0,0,0,0,0,0,9.300000000000011,37375.9,2771.0,52581.0
3094,L50273,L,300.0,309.3,1397,51.2,173,0,0,0,0,0,0,9.300000000000011,71526.40000000001,8857.6,53508.9
3095,L50274,L,300.0,309.3,1972,22.0,175,0,0,0,0,0,0,9.300000000000011,43384.0,3850.0,54127.5
3096,M17955,M,299.9,309.2,1574,36.5,177,0,0,0,0,0,0,9.300000000000011,57451.0,6460.5,54728.4
3097,L50276,L,299.9,309.2,1560,38.9,180,0,0,0,0,0,0,9.300000000000011,60684.0,7002.0,55656.0
3098,M17957,M,299.9,309.2,1353,49.8,182,0,0,0,0,0,0,9.300000000000011,67379.4,9063.6,56274.4
3099,M17958,M,299.9,309.2,1389,51.2,185,0,0,0,0,0,0,9.300000000000011,71116.8,9472.0,57202.0
3100,M17959,M,299.9,309.1,1513,43.8,188,0,0,0,0,0,0,9.200000000000045,66269.4,8234.4,58110.8
3101,L50280,L,299.8,309.1,1578,42.1,191,0,0,0,0,0,0,9.300000000000011,66433.8,8041.1,59038.100000000006
3102,H32515,H,299.8,309.0,1467,37.3,193,0,0,0,0,0,0,9.199999999999989,54719.1,7198.9,59637.0
3103,L50282,L,299.9,309.1,1412,48.3,198,0,0,0,0,0,0,9.200000000000045,68199.59999999999,9563.4,61201.8
3104,L50283,L,299.8,309.1,1668,30.3,200,0,0,0,0,0,0,9.300000000000011,50540.4,6060.0,61820.00000000001
3105,M17964,M,299.8,309.2,1678,29.8,202,0,0,0,0,0,0,9.399999999999977,50004.4,6019.6,62458.399999999994
3106,L50285,L,299.8,309.1,1612,35.4,205,0,0,0,0,0,0,9.300000000000011,57064.799999999996,7257.0,63365.50000000001
3107,L50286,L,299.8,309.1,1485,39.9,207,0,0,0,0,0,0,9.300000000000011,59251.5,8259.3,63983.700000000004
3108,M17967,M,299.8,309.1,1456,39.4,209,0,0,0,0,0,0,9.300000000000011,57366.4,8234.6,64601.9
3109,L50288,L,299.8,309.2,1504,38.7,212,0,0,0,0,0,0,9.399999999999977,58204.8,8204.400000000001,65550.4
3110,L50289,L,299.9,309.2,1491,44.3,214,0,0,0,0,0,0,9.300000000000011,66051.3,9480.199999999999,66168.8
3111,H32524,H,299.9,309.2,1525,33.2,0,0,0,0,0,0,0,9.300000000000011,50630.00000000001,0.0,0.0
3112,L50291,L,300.0,309.2,1759,27.9,5,0,0,0,0,0,0,9.199999999999989,49076.1,139.5,1546.0
3113,M17972,M,299.8,309.1,1355,56.7,7,0,0,0,0,0,0,9.300000000000011,76828.5,396.90000000000003,2163.7000000000003
3114,M17973,M,299.9,309.1,1345,56.8,10,0,0,0,0,0,0,9.200000000000045,76396.0,568.0,3091.0
3115,M17974,M,299.9,309.2,1683,30.5,13,0,0,0,0,0,0,9.300000000000011,51331.5,396.5,4019.6
3116,L50295,L,299.9,309.2,1658,34.8,16,0,0,0,0,0,0,9.300000000000011,57698.399999999994,556.8,4947.2
3117,L50296,L,300.0,309.2,1566,34.4,18,0,0,0,0,0,0,9.199999999999989,53870.399999999994,619.1999999999999,5565.599999999999
3118,M17977,M,300.1,309.3,1469,43.9,20,0,0,0,0,0,0,9.199999999999989,64489.1,878.0,6186.0
3119,M17978,M,300.2,309.5,1458,46.9,23,0,0,0,0,0,0,9.300000000000011,68380.2,1078.7,7118.5
3120,L50299,L,300.1,309.4,1858,23.6,26,0,0,0,0,0,0,9.299999999999955,43848.8,613.6,8044.4
3121,H32534,H,300.1,309.4,1563,40.8,28,0,0,0,0,0,0,9.299999999999955,63770.399999999994,1142.3999999999999,8663.199999999999
3122,L50301,L,300.1,309.4,2141,17.9,33,0,0,0,0,0,0,9.299999999999955,38323.899999999994,590.6999999999999,10210.199999999999
3123,L50302,L,300.0,309.3,1473,46.0,35,0,0,0,0,0,0,9.300000000000011,67758.0,1610.0,10825.5
3124,H32537,H,300.0,309.4,1498,38.5,37,0,0,0,0,0,0,9.399999999999977,57673.0,1424.5,11447.8
3125,L50304,L,300.1,309.4,1568,39.7,42,0,0,0,0,0,0,9.299999999999955,62249.600000000006,1667.4,12994.8
3126,L50305,L,300.1,309.4,1694,27.4,44,0,0,0,0,0,0,9.299999999999955,46415.6,1205.6,13613.599999999999
3127,L50306,L,300.0,309.4,1499,35.7,46,0,0,0,0,0,0,9.399999999999977,53514.3,1642.2,14232.4
3128,L50307,L,300.0,309.5,1717,28.3,48,0,0,0,0,0,0,9.5,48591.1,1358.4,14856.0
3129,M17988,M,300.1,309.5,1462,42.8,50,0,0,0,0,0,0,9.399999999999977,62573.6,2140.0,15475.0
3130,L50309,L,300.1,309.6,1642,34.5,53,0,0,0,0,0,0,9.5,56649.0,1828.5,16408.800000000003
3131,L50310,L,300.1,309.6,1760,25.4,55,0,0,0,0,0,0,9.5,44704.0,1397.0,17028.0
3132,L50311,L,300.1,309.5,1660,32.7,57,0,0,0,0,0,0,9.399999999999977,54282.00000000001,1863.9,17641.5
3133,L50312,L,300.1,309.5,1557,40.6,59,0,0,0,0,0,0,9.399999999999977,63214.200000000004,2395.4,18260.5
3134,H32547,H,300.2,309.6,1442,49.2,61,0,0,0,0,0,0,9.400000000000034,70946.40000000001,3001.2000000000003,18885.600000000002
3135,L50314,L,300.2,309.6,1359,51.5,66,0,0,0,0,0,0,9.400000000000034,69988.5,3399.0,20433.600000000002
3136,L50315,L,300.4,309.8,1342,52.5,68,0,0,0,0,0,0,9.400000000000034,70455.0,3570.0,21066.4
3137,L50316,L,300.4,309.9,1435,54.8,70,0,0,0,0,0,0,9.5,78638.0,3836.0,21693.0
3138,L50317,L,300.4,309.9,1567,36.5,72,0,0,0,0,0,0,9.5,57195.5,2628.0,22312.8
3139,L50318,L,300.4,309.9,1376,43.5,74,0,0,0,0,0,0,9.5,59856.0,3219.0,22932.6
3140,H32553,H,300.4,309.9,1513,38.7,76,0,0,0,0,0,0,9.5,58553.100000000006,2941.2000000000003,23552.399999999998
3141,H32554,H,300.4,309.9,2563,12.8,81,1,0,0,1,0,0,9.5,32806.4,1036.8,25101.899999999998
3142,L50321,L,300.5,310.0,1521,45.1,86,0,0,0,0,0,0,9.5,68597.1,3878.6,26660.0
3143,L50322,L,300.6,310.0,1658,34.7,88,0,0,0,0,0,0,9.399999999999977,57532.600000000006,3053.6000000000004,27280.0
3144,H32557,H,300.6,310.0,1419,42.4,90,0,0,0,0,0,0,9.399999999999977,60165.6,3816.0,27900.0
3145,M18004,M,300.6,310.0,1478,36.3,95,0,0,0,0,0,0,9.399999999999977,53651.399999999994,3448.4999999999995,29450.0
3146,M18005,M,300.5,310.0,1415,43.5,98,0,0,0,0,0,0,9.5,61552.5,4263.0,30380.0
3147,M18006,M,300.5,309.9,1780,26.5,101,0,0,0,0,0,0,9.399999999999977,47170.0,2676.5,31299.899999999998
3148,M18007,M,300.4,309.7,1440,42.8,104,0,0,0,0,0,0,9.300000000000011,61631.99999999999,4451.2,32208.8
3149,H32562,H,300.4,309.8,1448,39.7,107,0,0,0,0,0,0,9.400000000000034,57485.600000000006,4247.900000000001,33148.6
3150,H32563,H,300.4,309.7,1500,35.2,112,0,0,0,0,0,0,9.300000000000011,52800.00000000001,3942.4000000000005,34686.4
3151,L50330,L,300.4,309.8,1513,32.9,117,0,0,0,0,0,0,9.400000000000034,49777.7,3849.2999999999997,36246.6
3152,L50331,L,300.5,309.8,1428,43.8,119,0,0,0,0,0,0,9.300000000000011,62546.399999999994,5212.2,36866.200000000004
3153,M18012,M,300.5,309.8,1473,42.3,121,0,0,0,0,0,0,9.300000000000011,62307.899999999994,5118.299999999999,37485.8
3154,M18013,M,300.5,309.9,1483,49.3,124,0,0,0,0,0,0,9.399999999999977,73111.9,6113.2,38427.6
3155,L50334,L,300.4,309.7,1534,42.5,127,0,0,0,0,0,0,9.300000000000011,65195.0,5397.5,39331.9
3156,L50335,L,300.5,309.8,1367,54.0,129,0,0,0,0,0,0,9.300000000000011,73818.0,6966.0,39964.200000000004
3157,L50336,L,300.4,309.7,1467,36.9,131,0,0,0,0,0,0,9.300000000000011,54132.299999999996,4833.9,40570.7
3158,M18017,M,300.4,309.7,1488,42.2,133,0,0,0,0,0,0,9.300000000000011,62793.600000000006,5612.6,41190.1
3159,L50338,L,300.4,309.7,1679,30.1,136,0,0,0,0,0,0,9.300000000000011,50537.9,4093.6000000000004,42119.2
3160,H32573,H,300.4,309.8,1409,47.5,138,0,0,0,0,0,0,9.400000000000034,66927.5,6555.0,42752.4
3161,M18020,M,300.4,309.7,1367,51.2,143,0,0,0,0,0,0,9.300000000000011,69990.40000000001,7321.6,44287.1
3162,L50341,L,300.4,309.8,1314,63.1,146,0,0,0,0,0,0,9.400000000000034,82913.40000000001,9212.6,45230.8
3163,L50342,L,300.5,309.9,1480,40.0,148,0,0,0,0,0,0,9.399999999999977,59200.0,5920.0,45865.2
3164,L50343,L,300.4,309.8,1549,38.9,150,0,0,0,0,0,0,9.400000000000034,60256.1,5835.0,46470.0
3165,L50344,L,300.4,309.7,1685,31.3,152,0,0,0,0,0,0,9.300000000000011,52740.5,4757.6,47074.4
3166,L50345,L,300.4,309.6,1536,34.5,154,0,0,0,0,0,0,9.200000000000045,52992.0,5313.0,47678.4
3167,M18026,M,300.4,309.7,1539,37.7,156,0,0,0,0,0,0,9.300000000000011,58020.3,5881.200000000001,48313.2
3168,L50347,L,300.4,309.7,1384,45.1,159,0,0,0,0,0,0,9.300000000000011,62418.4,7170.900000000001,49242.299999999996
3169,M18028,M,300.4,309.6,1614,30.3,161,0,0,0,0,0,0,9.200000000000045,48904.200000000004,4878.3,49845.600000000006
3170,M18029,M,300.4,309.6,1675,35.5,164,0,0,0,0,0,0,9.200000000000045,59462.5,5822.0,50774.4
3171,M18030,M,300.4,309.7,1685,32.3,167,0,0,0,0,0,0,9.300000000000011,54425.49999999999,5394.099999999999,51719.9
3172,L50351,L,300.4,309.6,1386,56.9,170,0,0,0,0,0,0,9.200000000000045,78863.4,9673.0,52632.00000000001
3173,M18032,M,300.3,309.6,1488,41.3,172,0,0,0,0,0,0,9.300000000000011,61454.399999999994,7103.599999999999,53251.200000000004
3174,L50353,L,300.3,309.6,1624,32.6,175,0,0,0,0,0,0,9.300000000000011,52942.4,5705.0,54180.00000000001
3175,L50354,L,300.3,309.6,1600,34.6,177,0,0,0,0,0,0,9.300000000000011,55360.0,6124.2,54799.200000000004
3176,L50355,L,300.3,309.6,1468,44.7,179,0,0,0,0,0,0,9.300000000000011,65619.6,8001.3,55418.4
3177,L50356,L,300.3,309.6,1435,45.4,181,0,0,0,0,0,0,9.300000000000011,65149.0,8217.4,56037.600000000006
3178,M18037,M,300.2,309.5,1564,33.4,183,0,0,0,0,0,0,9.300000000000011,52237.6,6112.2,56638.5
3179,M18038,M,300.2,309.4,1329,53.6,186,0,0,0,0,0,0,9.199999999999989,71234.40000000001,9969.6,57548.399999999994
3180,L50359,L,300.1,309.3,1570,36.8,189,0,0,0,0,0,0,9.199999999999989,57775.99999999999,6955.2,58457.700000000004
3181,M18040,M,300.2,309.4,1433,48.8,191,0,0,0,0,0,0,9.199999999999989,69930.4,9320.8,59095.399999999994
3182,L50361,L,300.2,309.4,1527,37.0,194,0,0,0,0,0,0,9.199999999999989,56499.0,7178.0,60023.6
3183,M18042,M,300.1,309.3,1443,50.3,196,0,0,0,0,0,0,9.199999999999989,72582.9,9858.8,60622.8
3184,L50363,L,300.1,309.3,1616,32.0,199,0,0,0,0,0,0,9.199999999999989,51712.0,6368.0,61550.700000000004
3185,L50364,L,300.1,309.3,1654,31.0,201,0,0,0,0,0,0,9.199999999999989,51274.0,6231.0,62169.3
3186,L50365,L,300.1,309.3,1685,27.1,203,0,0,0,0,0,0,9.199999999999989,45663.5,5501.3,62787.9
3187,M18046,M,300.2,309.4,1456,48.8,205,0,0,0,0,0,0,9.199999999999989,71052.8,10004.0,63426.99999999999
3188,M18047,M,300.2,309.4,1752,27.8,208,0,0,0,0,0,0,9.199999999999989,48705.6,5782.400000000001,64355.2
3189,M18048,M,300.1,309.2,1438,51.0,211,0,0,0,0,0,0,9.099999999999966,73338.0,10761.0,65241.2
3190,L50369,L,300.1,309.1,1551,33.7,214,0,0,0,0,0,0,9.0,52268.700000000004,7211.8,66147.40000000001
3191,L50370,L,300.1,309.2,1599,30.1,216,0,0,0,0,0,0,9.099999999999966,48129.9,6501.6,66787.2
3192,M18051,M,300.1,309.2,1732,33.7,218,0,0,0,0,0,0,9.099999999999966,58368.4,7346.6,67405.59999999999
3193,M18052,M,300.1,309.2,1418,39.8,221,0,0,0,0,0,0,9.099999999999966,56436.399999999994,8795.8,68333.2
3194,L50373,L,300.0,309.1,1401,44.5,0,0,0,0,0,0,0,9.100000000000023,62344.5,0.0,0.0
3195,L50374,L,300.0,309.0,1454,51.7,2,0,0,0,0,0,0,9.0,75171.8,103.4,618.0
3196,M18055,M,300.0,309.2,1635,32.4,4,0,0,0,0,0,0,9.199999999999989,52974.0,129.6,1236.8
3197,L50376,L,300.0,309.1,1489,40.3,7,0,0,0,0,0,0,9.100000000000023,60006.7,282.09999999999997,2163.7000000000003
3198,L50377,L,300.0,309.1,1465,40.6,9,0,0,0,0,0,0,9.100000000000023,59479.0,365.40000000000003,2781.9
3199,M18058,M,300.0,309.1,1463,45.7,11,0,0,0,0,0,0,9.100000000000023,66859.1,502.70000000000005,3400.1000000000004
3200,H32613,H,300.1,309.1,1560,35.4,14,0,0,0,0,0,0,9.0,55224.0,495.59999999999997,4327.400000000001
3201,M18060,M,300.1,309.2,1454,44.4,19,0,0,0,0,0,0,9.099999999999966,64557.6,843.6,5874.8
3202,L50381,L,300.2,309.1,1479,47.0,22,0,0,0,0,0,0,8.900000000000034,69513.0,1034.0,6800.200000000001
3203,L50382,L,300.2,309.2,1430,43.4,24,0,0,0,0,0,0,9.0,62062.0,1041.6,7420.799999999999
3204,M18063,M,300.1,309.1,1533,38.0,26,0,0,0,0,0,0,9.0,58254.0,988.0,8036.6
3205,L50384,L,300.1,309.0,1404,54.8,29,0,0,0,0,0,0,8.899999999999977,76939.2,1589.1999999999998,8961.0
3206,M18065,M,300.1,308.9,1548,38.4,31,0,0,0,0,0,0,8.799999999999955,59443.2,1190.3999999999999,9575.9
3207,M18066,M,300.1,309.0,1612,33.0,34,0,0,0,0,0,0,8.899999999999977,53196.0,1122.0,10506.0
3208,M18067,M,300.2,309.0,1642,31.2,37,0,0,0,0,0,0,8.800000000000011,51230.4,1154.3999999999999,11433.0
3209,M18068,M,300.2,309.1,1406,42.2,40,0,0,0,0,0,0,8.900000000000034,59333.200000000004,1688.0,12364.0
3210,L50389,L,300.3,309.2,1587,31.4,43,0,0,0,0,0,0,8.899999999999977,49831.799999999996,1350.2,13295.6
3211,M18070,M,300.3,309.2,1364,47.6,45,0,0,0,0,0,0,8.899999999999977,64926.4,2142.0,13914.0
3212,L50391,L,300.3,309.2,1462,51.4,48,0,0,0,0,0,0,8.899999999999977,75146.8,2467.2,14841.599999999999
3213,L50392,L,300.3,309.2,1649,32.4,50,0,0,0,0,0,0,8.899999999999977,53427.6,1620.0,15460.0
3214,L50393,L,300.4,309.2,1752,29.0,52,0,0,0,0,0,0,8.800000000000011,50808.0,1508.0,16078.4
3215,H32628,H,300.4,309.3,1396,51.2,54,0,0,0,0,0,0,8.900000000000034,71475.2,2764.8,16702.2
3216,M18075,M,300.5,309.4,2179,16.3,59,0,0,0,0,0,0,8.899999999999977,35517.700000000004,961.7,18254.6
3217,L50396,L,300.5,309.5,1653,27.6,62,0,0,0,0,0,0,9.0,45622.8,1711.2,19189.0
3218,L50397,L,300.6,309.5,2025,21.4,64,0,0,0,0,0,0,8.899999999999977,43335.0,1369.6,19808.0
3219,L50398,L,300.6,309.6,1426,53.6,66,0,0,0,0,0,0,9.0,76433.6,3537.6,20433.600000000002
3220,M18079,M,300.6,309.6,1503,38.4,68,0,0,0,0,0,0,9.0,57715.2,2611.2,21052.800000000003
3221,M18080,M,300.7,309.6,1525,36.5,71,0,0,0,0,0,0,8.900000000000034,55662.5,2591.5,21981.600000000002
3222,L50401,L,300.6,309.6,1423,49.1,74,0,0,0,0,0,0,9.0,69869.3,3633.4,22910.4
3223,M18082,M,300.7,309.7,1435,44.7,76,0,0,0,0,0,0,9.0,64144.50000000001,3397.2000000000003,23537.2
3224,H32637,H,300.6,309.5,1495,36.5,79,0,0,0,0,0,0,8.899999999999977,54567.5,2883.5,24450.5
3225,M18084,M,300.6,309.5,1557,33.8,84,0,0,0,0,0,0,8.899999999999977,52626.6,2839.2,25998.0
3226,L50405,L,300.6,309.4,1474,40.7,87,0,0,0,0,0,0,8.799999999999955,59991.8,3540.9,26917.8
3227,L50406,L,300.5,309.3,1465,46.0,89,0,0,0,0,0,0,8.800000000000011,67390.0,4094.0,27527.7
3228,M18087,M,300.5,309.3,1589,34.9,91,0,0,0,0,0,0,8.800000000000011,55456.1,3175.9,28146.3
3229,L50408,L,300.5,309.3,1475,46.8,94,0,0,0,0,0,0,8.800000000000011,69030.0,4399.2,29074.2
3230,L50409,L,300.6,309.4,1442,43.2,96,0,0,0,0,0,0,8.799999999999955,62294.4,4147.200000000001,29702.399999999998
3231,L50410,L,300.6,309.4,1556,36.0,98,0,0,0,0,0,0,8.799999999999955,56016.0,3528.0,30321.199999999997
3232,L50411,L,300.7,309.3,1425,45.3,100,0,0,0,0,0,0,8.600000000000023,64552.49999999999,4530.0,30930.0
3233,L50412,L,300.7,309.3,1580,38.3,102,0,0,0,0,0,0,8.600000000000023,60513.99999999999,3906.6,31548.600000000002
3234,H32647,H,300.8,309.4,1474,40.7,104,0,0,0,0,0,0,8.599999999999966,59991.8,4232.8,32177.6
3235,L50414,L,300.8,309.4,1489,38.4,109,0,0,0,0,0,0,8.599999999999966,57177.6,4185.599999999999,33724.6
3236,L50415,L,300.8,309.4,1946,20.5,111,0,0,0,0,0,0,8.599999999999966,39893.0,2275.5,34343.399999999994
3237,M18096,M,300.8,309.4,1342,62.4,113,1,0,1,0,0,0,8.599999999999966,83740.8,7051.2,34962.2
3238,M18097,M,300.9,309.5,1758,26.8,116,0,0,0,0,0,0,8.600000000000023,47114.4,3108.8,35902.0
3239,M18098,M,300.9,309.4,1724,25.6,119,0,0,0,0,0,0,8.5,44134.4,3046.4,36818.6
3240,L50419,L,301.0,309.5,1430,48.5,122,0,0,0,0,0,0,8.5,69355.0,5917.0,37759.0
3241,L50420,L,300.9,309.5,1612,35.2,124,0,0,0,0,0,0,8.600000000000023,56742.4,4364.8,38378.0
3242,H32655,H,300.9,309.5,1469,43.4,126,0,0,0,0,0,0,8.600000000000023,63754.6,5468.4,38997.0
3243,L50422,L,300.9,309.6,1384,42.4,131,0,0,0,0,0,0,8.700000000000045,58681.6,5554.4,40557.600000000006
3244,L50423,L,301.0,309.6,1724,28.1,133,0,0,0,0,0,0,8.600000000000023,48444.4,3737.3,41176.8
3245,M18104,M,301.0,309.6,1397,48.0,135,0,0,0,0,0,0,8.600000000000023,67056.0,6480.0,41796.0
3246,M18105,M,301.0,309.6,1588,32.7,138,0,0,0,0,0,0,8.600000000000023,51927.600000000006,4512.6,42724.8
3247,L50426,L,301.0,309.7,1468,42.0,141,0,0,0,0,0,0,8.699999999999989,61656.0,5922.0,43667.7
3248,M18107,M,301.0,309.8,1594,31.1,143,0,0,0,0,0,0,8.800000000000011,49573.4,4447.3,44301.4
3249,M18108,M,301.0,309.7,1511,39.3,146,0,0,0,0,0,0,8.699999999999989,59382.299999999996,5737.799999999999,45216.2
3250,L50429,L,301.1,309.8,1493,38.9,149,0,0,0,0,0,0,8.699999999999989,58077.7,5796.099999999999,46160.200000000004
3251,H32664,H,301.2,309.8,1709,27.0,151,0,0,0,0,0,0,8.600000000000023,46143.0,4077.0,46779.8
3252,L50431,L,301.1,309.6,1501,36.1,156,0,0,0,0,0,0,8.5,54186.1,5631.6,48297.600000000006
3253,L50432,L,301.1,309.7,1668,30.8,158,0,0,0,0,0,0,8.599999999999966,51374.4,4866.400000000001,48932.6
3254,L50433,L,301.1,309.6,1502,48.9,160,0,0,0,0,0,0,8.5,73447.8,7824.0,49536.0
3255,M18114,M,301.0,309.7,1288,58.4,162,0,0,0,0,0,0,8.699999999999989,75219.2,9460.8,50171.4
3256,L50435,L,301.0,309.7,1491,42.9,165,0,0,0,0,0,0,8.699999999999989,63963.9,7078.5,51100.5
3257,L50436,L,301.1,309.8,1519,39.6,167,0,0,0,0,0,0,8.699999999999989,60152.4,6613.2,51736.6
3258,L50437,L,301.2,309.9,1984,19.7,169,0,0,0,0,0,0,8.699999999999989,39084.799999999996,3329.2999999999997,52373.1
3259,L50438,L,301.2,309.9,1643,32.9,171,0,0,0,0,0,0,8.699999999999989,54054.7,5625.9,52992.899999999994
3260,M18119,M,301.2,310.0,1625,31.6,173,0,0,0,0,0,0,8.800000000000011,51350.0,5466.8,53630.0
3261,M18120,M,301.3,310.0,2068,17.8,176,0,0,0,0,0,0,8.699999999999989,36810.4,3132.8,54560.0
3262,H32675,H,301.3,310.1,1469,39.7,179,0,0,0,0,0,0,8.800000000000011,58319.3,7106.3,55507.9
3263,L50442,L,301.3,310.1,1558,36.3,184,0,0,0,0,0,0,8.800000000000011,56555.399999999994,6679.2,57058.4
3264,L50443,L,301.3,310.0,1344,54.8,186,0,0,0,0,0,0,8.699999999999989,73651.2,10192.8,57660.0
3265,H32678,H,301.3,310.1,1455,44.1,188,0,0,0,0,0,0,8.800000000000011,64165.5,8290.800000000001,58298.8
3266,L50445,L,301.3,310.1,1355,53.6,193,0,0,0,0,0,0,8.800000000000011,72628.0,10344.800000000001,59849.3
3267,L50446,L,301.3,310.1,1269,56.8,195,1,0,0,0,1,0,8.800000000000011,72079.2,11076.0,60469.50000000001
3268,L50447,L,301.3,310.0,1550,41.5,197,0,0,0,0,0,0,8.699999999999989,64325.0,8175.5,61070.0
3269,M18128,M,301.3,310.1,1525,37.8,199,0,0,0,0,0,0,8.800000000000011,57644.99999999999,7522.2,61709.9
3270,M18129,M,301.3,310.0,1696,32.4,202,0,0,0,0,0,0,8.699999999999989,54950.399999999994,6544.799999999999,62620.0
3271,L50450,L,301.4,310.1,1937,21.8,205,0,0,0,0,0,0,8.700000000000045,42226.6,4469.0,63570.50000000001
3272,M18131,M,301.4,310.0,1689,32.1,207,0,0,0,0,0,0,8.600000000000023,54216.9,6644.700000000001,64170.0
3273,M18132,M,301.3,310.0,1593,30.8,210,0,0,0,0,0,0,8.699999999999989,49064.4,6468.0,65100.0
3274,M18133,M,301.3,309.9,1565,36.0,213,0,0,0,0,0,0,8.599999999999966,56340.0,7668.0,66008.7
3275,L50454,L,301.3,310.0,1665,31.4,0,0,0,0,0,0,0,8.699999999999989,52281.0,0.0,0.0
3276,H32689,H,301.3,310.0,1532,36.3,2,0,0,0,0,0,0,8.699999999999989,55611.6,72.6,620.0
3277,L50456,L,301.3,310.0,1438,40.9,7,0,0,0,0,0,0,8.699999999999989,58814.2,286.3,2170.0
3278,L50457,L,301.3,310.1,1531,41.6,9,0,0,0,0,0,0,8.800000000000011,63689.6,374.40000000000003,2790.9
3279,L50458,L,301.3,310.0,1506,40.8,11,0,0,0,0,0,0,8.699999999999989,61444.799999999996,448.79999999999995,3410.0
3280,L50459,L,301.2,309.9,1382,52.4,13,0,0,0,0,0,0,8.699999999999989,72416.8,681.1999999999999,4028.7
3281,M18140,M,301.2,309.9,1456,50.8,15,0,0,0,0,0,0,8.699999999999989,73964.8,762.0,4648.5
3282,M18141,M,301.2,310.0,1445,45.6,18,0,0,0,0,0,0,8.800000000000011,65892.0,820.8000000000001,5580.0
3283,L50462,L,301.2,309.9,1515,40.9,21,0,0,0,0,0,0,8.699999999999989,61963.5,858.9,6507.9
3284,L50463,L,301.2,309.9,1449,45.5,23,0,0,0,0,0,0,8.699999999999989,65929.5,1046.5,7127.7
3285,H32698,H,301.2,309.9,1362,50.7,25,0,0,0,0,0,0,8.699999999999989,69053.40000000001,1267.5,7747.499999999999
3286,L50465,L,301.2,309.9,1687,29.7,30,0,0,0,0,0,0,8.699999999999989,50103.9,891.0,9297.0
3287,L50466,L,301.2,310.0,1618,37.6,32,0,0,0,0,0,0,8.800000000000011,60836.8,1203.2,9920.0
3288,M18147,M,301.2,310.1,1558,32.6,34,0,0,0,0,0,0,8.900000000000034,50790.8,1108.4,10543.400000000001
3289,L50468,L,301.3,310.1,1662,31.0,37,0,0,0,0,0,0,8.800000000000011,51522.0,1147.0,11473.7
3290,M18149,M,301.2,310.1,1295,56.6,39,0,0,0,0,0,0,8.900000000000034,73297.0,2207.4,12093.900000000001
3291,L50470,L,301.2,310.2,1385,42.3,42,0,0,0,0,0,0,9.0,58585.49999999999,1776.6,13028.4
3292,M18151,M,301.2,310.1,1479,45.5,44,0,0,0,0,0,0,8.900000000000034,67294.5,2002.0,13644.400000000001
3293,L50472,L,301.3,310.3,1400,44.3,47,0,0,0,0,0,0,9.0,62019.99999999999,2082.1,14584.1
3294,M18153,M,301.2,310.3,1357,54.5,49,0,0,0,0,0,0,9.100000000000023,73956.5,2670.5,15204.7
3295,L50474,L,301.1,310.2,1657,34.1,52,0,0,0,0,0,0,9.099999999999966,56503.700000000004,1773.2,16130.4
3296,L50475,L,301.1,310.2,1496,43.4,54,0,0,0,0,0,0,9.099999999999966,64926.4,2343.6,16750.8
3297,M18156,M,301.2,310.3,1379,43.2,56,0,0,0,0,0,0,9.100000000000023,59572.8,2419.2000000000003,17376.8
3298,L50477,L,301.2,310.3,1548,38.6,59,0,0,0,0,0,0,9.100000000000023,59752.8,2277.4,18307.7
3299,L50478,L,301.2,310.3,1499,38.1,61,0,0,0,0,0,0,9.100000000000023,57111.9,2324.1,18928.3
3300,L50479,L,301.3,310.5,1390,45.8,63,0,0,0,0,0,0,9.199999999999989,63661.99999999999,2885.3999999999996,19561.5
3301,H32714,H,301.3,310.4,1538,38.4,65,0,0,0,0,0,0,9.099999999999966,59059.2,2496.0,20176.0
3302,L50481,L,301.3,310.5,1365,47.7,70,0,0,0,0,0,0,9.199999999999989,65110.50000000001,3339.0,21735.0
3303,L50482,L,301.3,310.5,1503,48.6,72,0,0,0,0,0,0,9.199999999999989,73045.8,3499.2000000000003,22356.0
3304,L50483,L,301.2,310.4,1390,49.9,74,0,0,0,0,0,0,9.199999999999989,69361.0,3692.6,22969.6
3305,L50484,L,301.2,310.3,1497,45.7,76,0,0,0,0,0,0,9.100000000000023,68412.90000000001,3473.2000000000003,23582.8
3306,M18165,M,301.3,310.4,1577,48.3,78,0,0,0,0,0,0,9.099999999999966,76169.09999999999,3767.3999999999996,24211.199999999997
3307,L50486,L,301.4,310.5,1432,54.3,81,0,0,0,0,0,0,9.100000000000023,77757.59999999999,4398.3,25150.5
3308,M18167,M,301.4,310.5,1563,39.9,83,0,0,0,0,0,0,9.100000000000023,62363.7,3311.7,25771.5
3309,L50488,L,301.4,310.4,1433,43.4,86,0,0,0,0,0,0,9.0,62192.2,3732.4,26694.399999999998
3310,L50489,L,301.3,310.4,1384,50.1,88,0,0,0,0,0,0,9.099999999999966,69338.40000000001,4408.8,27315.199999999997
3311,L50490,L,301.3,310.4,1346,46.7,90,0,0,0,0,0,0,9.099999999999966,62858.200000000004,4203.0,27935.999999999996
3312,L50491,L,301.3,310.4,1459,44.7,92,0,0,0,0,0,0,9.099999999999966,65217.3,4112.400000000001,28556.8
3313,L50492,L,301.4,310.4,1639,28.9,94,0,0,0,0,0,0,9.0,47367.1,2716.6,29177.6
3314,L50493,L,301.4,310.4,1737,31.9,96,0,0,0,0,0,0,9.0,55410.299999999996,3062.3999999999996,29798.399999999998
3315,L50494,L,301.4,310.5,1489,43.5,98,0,0,0,0,0,0,9.100000000000023,64771.5,4263.0,30429.0
3316,M18175,M,301.5,310.6,1492,43.0,100,0,0,0,0,0,0,9.100000000000023,64156.0,4300.0,31060.000000000004
3317,M18176,M,301.4,310.5,1217,60.6,103,0,0,0,0,0,0,9.100000000000023,73750.2,6241.8,31981.5
3318,L50497,L,301.5,310.5,1636,28.7,106,0,0,0,0,0,0,9.0,46953.2,3042.2,32913.0
3319,L50498,L,301.4,310.4,1436,49.7,108,0,0,0,0,0,0,9.0,71369.2,5367.6,33523.2
3320,L50499,L,301.4,310.4,1689,30.6,110,0,0,0,0,0,0,9.0,51683.4,3366.0,34144.0
3321,L50500,L,301.5,310.5,2289,16.4,112,0,0,0,0,0,0,9.0,37539.6,1836.7999999999997,34776.0
3322,L50501,L,301.5,310.6,1522,41.0,114,0,0,0,0,0,0,9.100000000000023,62402.0,4674.0,35408.4
3323,L50502,L,301.5,310.5,1351,52.9,116,0,0,0,0,0,0,9.0,71467.9,6136.4,36018.0
3324,L50503,L,301.5,310.5,1589,36.7,118,0,0,0,0,0,0,9.0,58316.3,4330.6,36639.0
3325,L50504,L,301.5,310.6,1578,34.1,120,0,0,0,0,0,0,9.100000000000023,53809.8,4092.0,37272.0
3326,L50505,L,301.5,310.6,1587,33.7,122,0,0,0,0,0,0,9.100000000000023,53481.9,4111.400000000001,37893.200000000004
3327,L50506,L,301.5,310.6,1962,20.2,124,0,0,0,0,0,0,9.100000000000023,39632.4,2504.7999999999997,38514.4
3328,M18187,M,301.5,310.6,2432,14.2,126,0,0,0,0,0,0,9.100000000000023,34534.4,1789.1999999999998,39135.600000000006
3329,L50508,L,301.6,310.6,1418,43.9,129,0,0,0,0,0,0,9.0,62250.2,5663.099999999999,40067.4
3330,L50509,L,301.6,310.7,1683,29.7,131,0,0,0,0,0,0,9.099999999999966,49985.1,3890.7,40701.7
3331,L50510,L,301.7,310.8,1385,50.7,133,0,0,0,0,0,0,9.100000000000023,70219.5,6743.1,41336.4
3332,L50511,L,301.7,310.8,1559,44.5,135,0,0,0,0,0,0,9.100000000000023,69375.5,6007.5,41958.0
3333,M18192,M,301.7,310.8,1671,31.6,137,0,0,0,0,0,0,9.100000000000023,52803.600000000006,4329.2,42579.6
3334,M18193,M,301.6,310.8,1343,49.5,140,0,0,0,0,0,0,9.199999999999989,66478.5,6930.0,43512.0
3335,M18194,M,301.6,310.8,1548,34.2,143,0,0,0,0,0,0,9.199999999999989,52941.600000000006,4890.6,44444.4
3336,L50515,L,301.7,310.9,1705,31.2,146,0,0,0,0,0,0,9.199999999999989,53196.0,4555.2,45391.399999999994
3337,L50516,L,301.6,310.8,1535,35.4,148,0,0,0,0,0,0,9.199999999999989,54339.0,5239.2,45998.4
3338,L50517,L,301.6,310.8,1564,34.1,150,0,0,0,0,0,0,9.199999999999989,53332.4,5115.0,46620.0
3339,M18198,M,301.6,310.9,1510,40.9,152,0,0,0,0,0,0,9.299999999999955,61759.0,6216.8,47256.799999999996
3340,L50519,L,301.6,310.9,1492,45.2,155,0,0,0,0,0,0,9.299999999999955,67438.40000000001,7006.0,48189.5
3341,M18200,M,301.5,310.8,1452,44.1,157,0,0,0,0,0,0,9.300000000000011,64033.200000000004,6923.7,48795.6
3342,H32755,H,301.4,310.7,1329,52.0,160,0,0,0,0,0,0,9.300000000000011,69108.0,8320.0,49712.0
3343,L50522,L,301.5,310.8,1382,52.4,165,0,0,0,0,0,0,9.300000000000011,72416.8,8646.0,51282.0
3344,M18203,M,301.5,310.8,1628,36.4,167,0,0,0,0,0,0,9.300000000000011,59259.2,6078.8,51903.6
3345,L50524,L,301.4,310.7,1706,27.9,170,0,0,0,0,0,0,9.300000000000011,47597.399999999994,4743.0,52819.0
3346,L50525,L,301.3,310.7,1594,34.1,172,0,0,0,0,0,0,9.399999999999977,54355.4,5865.2,53440.4
3347,L50526,L,301.3,310.7,1761,24.3,174,0,0,0,0,0,0,9.399999999999977,42792.3,4228.2,54061.799999999996
3348,L50527,L,301.3,310.6,1529,41.8,176,0,0,0,0,0,0,9.300000000000011,63912.2,7356.799999999999,54665.600000000006
3349,M18208,M,301.3,310.7,1532,40.7,178,0,0,0,0,0,0,9.399999999999977,62352.4,7244.6,55304.6
3350,L50529,L,301.4,310.7,1673,27.8,181,0,0,0,0,0,0,9.300000000000011,46509.4,5031.8,56236.7
3351,L50530,L,301.4,310.8,1285,62.6,183,1,0,0,0,1,0,9.400000000000034,80441.0,11455.800000000001,56876.4
3352,L50531,L,301.4,310.8,1680,31.4,185,0,0,0,0,0,0,9.400000000000034,52752.0,5809.0,57498.0
3353,L50532,L,301.4,310.8,1610,34.6,187,0,0,0,0,0,0,9.400000000000034,55706.0,6470.2,58119.6
3354,L50533,L,301.6,310.9,1632,31.6,189,0,0,0,0,0,0,9.299999999999955,51571.200000000004,5972.400000000001,58760.1
3355,L50534,L,301.6,310.9,1559,40.2,191,0,0,0,0,0,0,9.299999999999955,62671.8,7678.200000000001,59381.899999999994
3356,L50535,L,301.5,310.8,1367,49.0,193,0,0,0,0,0,0,9.300000000000011,66983.0,9457.0,59984.4
3357,L50536,L,301.6,310.8,1355,57.8,195,1,0,0,0,1,0,9.199999999999989,78319.0,11271.0,60606.0
3358,H32771,H,301.6,310.7,1414,51.7,197,0,0,0,0,0,0,9.099999999999966,73103.8,10184.900000000001,61207.899999999994
3359,L50538,L,301.5,310.6,1522,36.6,202,0,0,0,0,0,0,9.100000000000023,55705.200000000004,7393.200000000001,62741.200000000004
3360,L50539,L,301.5,310.6,1525,41.9,204,0,0,0,0,0,0,9.100000000000023,63897.5,8547.6,63362.4
3361,L50540,L,301.5,310.6,1394,46.5,206,0,0,0,0,0,0,9.100000000000023,64821.0,9579.0,63983.600000000006
3362,L50541,L,301.5,310.6,1519,40.7,208,0,0,0,0,0,0,9.100000000000023,61823.3,8465.6,64604.8
3363,L50542,L,301.4,310.6,1445,43.9,210,0,0,0,0,0,0,9.200000000000045,63435.5,9219.0,65226.00000000001
3364,L50543,L,301.4,310.6,1555,43.3,212,0,0,0,0,0,0,9.200000000000045,67331.5,9179.599999999999,65847.20000000001
3365,L50544,L,301.4,310.5,1633,39.5,0,0,0,0,0,0,0,9.100000000000023,64503.5,0.0,0.0
3366,M18225,M,301.4,310.6,1630,30.3,2,0,0,0,0,0,0,9.200000000000045,49389.0,60.6,621.2
3367,M18226,M,301.4,310.7,1692,32.3,5,0,0,0,0,0,0,9.300000000000011,54651.6,161.5,1553.5
3368,H32781,H,301.5,310.7,1790,26.2,8,0,0,0,0,0,0,9.199999999999989,46898.0,209.6,2485.6
3369,L50548,L,301.5,310.8,1350,58.5,13,0,0,0,0,0,0,9.300000000000011,78975.0,760.5,4040.4
3370,L50549,L,301.5,310.9,2760,8.0,15,1,0,0,1,0,0,9.399999999999977,22080.0,120.0,4663.5
3371,L50550,L,301.4,310.7,1584,32.2,17,0,0,0,0,0,0,9.300000000000011,51004.8,547.4000000000001,5281.9
3372,L50551,L,301.4,310.7,1989,21.8,19,0,0,0,0,0,0,9.300000000000011,43360.200000000004,414.2,5903.3
3373,L50552,L,301.4,310.8,1431,44.3,21,0,0,0,0,0,0,9.400000000000034,63393.299999999996,930.3,6526.8
3374,L50553,L,301.4,310.7,1568,35.2,23,0,0,0,0,0,0,9.300000000000011,55193.600000000006,809.6,7146.099999999999
3375,L50554,L,301.4,310.7,1376,50.6,25,0,0,0,0,0,0,9.300000000000011,69625.6,1265.0,7767.5
3376,M18235,M,301.4,310.6,1459,46.9,27,0,0,0,0,0,0,9.200000000000045,68427.09999999999,1266.3,8386.2
3377,M18236,M,301.5,310.8,1385,47.5,30,0,0,0,0,0,0,9.300000000000011,65787.5,1425.0,9324.0
3378,H32791,H,301.5,310.8,1591,29.6,33,0,0,0,0,0,0,9.300000000000011,47093.600000000006,976.8000000000001,10256.4
3379,L50558,L,301.5,310.7,1568,33.1,38,0,0,0,0,0,0,9.199999999999989,51900.8,1257.8,11806.6
3380,M18239,M,301.4,310.7,1459,37.7,40,0,0,0,0,0,0,9.300000000000011,55004.3,1508.0,12428.0
3381,L50560,L,301.4,310.7,1590,36.3,43,0,0,0,0,0,0,9.300000000000011,57716.99999999999,1560.8999999999999,13360.1
3382,L50561,L,301.3,310.6,1376,47.6,45,0,0,0,0,0,0,9.300000000000011,65497.6,2142.0,13977.000000000002
3383,L50562,L,301.3,310.6,1510,38.5,47,0,0,0,0,0,0,9.300000000000011,58135.0,1809.5,14598.2
3384,H32797,H,301.4,310.6,1674,33.6,49,0,0,0,0,0,0,9.200000000000045,56246.4,1646.4,15219.400000000001
3385,L50564,L,301.3,310.6,1426,40.7,54,0,0,0,0,0,0,9.300000000000011,58038.200000000004,2197.8,16772.4
3386,L50565,L,301.5,310.7,1466,43.6,56,0,0,0,0,0,0,9.199999999999989,63917.6,2441.6,17399.2
3387,H32800,H,301.5,310.8,1474,38.7,58,0,0,0,0,0,0,9.300000000000011,57043.8,2244.6000000000004,18026.4
3388,M18247,M,301.6,310.8,1290,65.3,63,0,0,0,0,0,0,9.199999999999989,84237.0,4113.9,19580.4
3389,M18248,M,301.7,310.9,1435,48.0,66,0,0,0,0,0,0,9.199999999999989,68880.0,3168.0,20519.399999999998
3390,M18249,M,301.5,310.7,1416,53.2,69,0,0,0,0,0,0,9.199999999999989,75331.2,3670.8,21438.3
3391,H32804,H,301.5,310.7,1599,40.4,72,0,0,0,0,0,0,9.199999999999989,64599.6,2908.7999999999997,22370.399999999998
3392,L50571,L,301.5,310.7,1466,47.3,77,0,0,0,0,0,0,9.199999999999989,69341.8,3642.1,23923.899999999998
3393,L50572,L,301.5,310.7,1408,47.3,79,0,0,0,0,0,0,9.199999999999989,66598.4,3736.7,24545.3
3394,L50573,L,301.5,310.6,1490,48.1,81,0,0,0,0,0,0,9.100000000000023,71669.0,3896.1,25158.600000000002
3395,L50574,L,301.5,310.6,1405,42.3,83,0,0,0,0,0,0,9.100000000000023,59431.49999999999,3510.8999999999996,25779.800000000003
3396,L50575,L,301.4,310.5,1647,33.3,85,0,0,0,0,0,0,9.100000000000023,54845.1,2830.4999999999995,26392.5
3397,M18256,M,301.4,310.6,1459,35.0,87,0,0,0,0,0,0,9.200000000000045,51065.0,3045.0,27022.2
3398,L50577,L,301.4,310.6,1648,30.7,90,0,0,0,0,0,0,9.200000000000045,50593.6,2763.0,27954.000000000004
3399,L50578,L,301.4,310.7,1675,30.7,92,0,0,0,0,0,0,9.300000000000011,51422.5,2824.4,28584.399999999998
3400,L50579,L,301.4,310.7,1605,34.2,94,0,0,0,0,0,0,9.300000000000011,54891.00000000001,3214.8,29205.8
3401,H32814,H,301.4,310.7,1536,44.4,96,0,0,0,0,0,0,9.300000000000011,68198.4,4262.4,29827.199999999997
3402,M18261,M,301.4,310.7,1617,34.3,101,0,0,0,0,0,0,9.300000000000011,55463.1,3464.2999999999997,31380.699999999997
3403,L50582,L,301.4,310.6,1347,53.3,104,0,0,0,0,0,0,9.200000000000045,71795.09999999999,5543.2,32302.4
3404,L50583,L,301.3,310.5,1337,52.7,106,0,0,0,0,0,0,9.199999999999989,70459.90000000001,5586.200000000001,32913.0
3405,L50584,L,301.3,310.4,1695,30.9,108,0,0,0,0,0,0,9.099999999999966,52375.5,3337.2,33523.2
3406,M18265,M,301.3,310.4,1635,32.5,110,0,0,0,0,0,0,9.099999999999966,53137.5,3575.0,34144.0
3407,L50586,L,301.2,310.4,1470,44.0,113,0,0,0,0,0,0,9.199999999999989,64680.0,4972.0,35075.2
3408,L50587,L,301.2,310.4,1381,49.8,115,0,0,0,0,0,0,9.199999999999989,68773.8,5727.0,35696.0
3409,M18268,M,301.2,310.4,1382,41.6,117,0,0,0,0,0,0,9.199999999999989,57491.200000000004,4867.2,36316.799999999996
3410,M18269,M,301.2,310.4,1697,30.0,120,0,0,0,0,0,0,9.199999999999989,50910.0,3600.0,37248.0
3411,L50590,L,301.2,310.3,1451,39.7,123,0,0,0,0,0,0,9.100000000000023,57604.700000000004,4883.1,38166.9
3412,L50591,L,301.3,310.3,1419,55.7,125,0,0,0,0,0,0,9.0,79038.3,6962.5,38787.5
3413,L50592,L,301.3,310.3,1313,55.6,127,0,0,0,0,0,0,9.0,73002.8,7061.2,39408.1
3414,L50593,L,301.3,310.3,1560,36.3,129,0,0,0,0,0,0,9.0,56627.99999999999,4682.7,40028.700000000004
3415,L50594,L,301.3,310.3,1555,41.2,131,0,0,0,0,0,0,9.0,64066.00000000001,5397.200000000001,40649.3
3416,L50595,L,301.4,310.4,1579,36.9,133,0,0,0,0,0,0,9.0,58265.1,4907.7,41283.2
3417,L50596,L,301.5,310.5,1435,44.6,135,0,0,0,0,0,0,9.0,64001.0,6021.0,41917.5
3418,L50597,L,301.6,310.6,1621,33.7,137,0,0,0,0,0,0,9.0,54627.700000000004,4616.900000000001,42552.200000000004
3419,H32832,H,301.6,310.6,1555,40.4,139,0,0,0,0,0,0,9.0,62822.0,5615.599999999999,43173.4
3420,L50599,L,301.5,310.5,1611,33.8,144,0,0,0,0,0,0,9.0,54451.799999999996,4867.2,44712.0
3421,L50600,L,301.6,310.6,1834,23.5,146,0,0,0,0,0,0,9.0,43099.0,3431.0,45347.600000000006
3422,M18281,M,301.5,310.5,1612,29.8,148,0,0,0,0,0,0,9.0,48037.6,4410.400000000001,45954.0
3423,L50602,L,301.5,310.4,1629,34.1,151,0,0,0,0,0,0,8.899999999999977,55548.9,5149.1,46870.399999999994
3424,L50603,L,301.4,310.4,1496,35.2,153,0,0,0,0,0,0,9.0,52659.200000000004,5385.6,47491.2
3425,L50604,L,301.5,310.5,1593,32.9,155,0,0,0,0,0,0,9.0,52409.7,5099.5,48127.5
3426,M18285,M,301.5,310.5,1623,33.5,157,0,0,0,0,0,0,9.0,54370.5,5259.5,48748.5
3427,L50606,L,301.5,310.5,1380,48.7,160,0,0,0,0,0,0,9.0,67206.0,7792.0,49680.0
3428,L50607,L,301.6,310.6,1562,34.4,162,0,0,0,0,0,0,9.0,53732.799999999996,5572.8,50317.200000000004
3429,L50608,L,301.6,310.6,1391,49.4,164,0,0,0,0,0,0,9.0,68715.4,8101.599999999999,50938.4
3430,H32843,H,301.5,310.5,1551,34.3,166,0,0,0,0,0,0,9.0,53199.299999999996,5693.799999999999,51543.0
3431,H32844,H,301.6,310.6,1821,26.2,171,0,0,0,0,0,0,9.0,47710.2,4480.2,53112.600000000006
3432,L50611,L,301.6,310.7,1429,43.6,176,0,0,0,0,0,0,9.099999999999966,62304.4,7673.6,54683.2
3433,M18292,M,301.6,310.7,2012,20.7,178,0,0,0,0,0,0,9.099999999999966,41648.4,3684.6,55304.6
3434,M18293,M,301.6,310.6,1924,23.6,181,0,0,0,0,0,0,9.0,45406.4,4271.6,56218.600000000006
3435,M18294,M,301.5,310.5,1412,44.1,184,0,0,0,0,0,0,9.0,62269.200000000004,8114.400000000001,57132.0
3436,L50615,L,301.5,310.5,1389,54.9,187,0,0,0,0,0,0,9.0,76256.09999999999,10266.3,58063.5
3437,L50616,L,301.5,310.5,1466,48.1,189,0,0,0,0,0,0,9.0,70514.6,9090.9,58684.5
3438,L50617,L,301.5,310.5,2297,15.8,191,0,0,0,0,0,0,9.0,36292.6,3017.8,59305.5
3439,L50618,L,301.4,310.4,1471,37.5,193,0,0,0,0,0,0,9.0,55162.5,7237.5,59907.2
3440,L50619,L,301.4,310.3,1492,41.4,195,0,0,0,0,0,0,8.900000000000034,61768.799999999996,8073.0,60508.5
3441,L50620,L,301.3,310.3,1460,41.5,197,0,0,0,0,0,0,9.0,60590.0,8175.5,61129.100000000006
3442,L50621,L,301.4,310.4,1559,39.4,199,0,0,0,0,0,0,9.0,61424.6,7840.599999999999,61769.6
3443,M18302,M,301.4,310.5,1495,52.5,201,0,0,0,0,0,0,9.100000000000023,78487.5,10552.5,62410.5
3444,L50623,L,301.5,310.5,1535,39.0,204,0,0,0,0,0,0,9.0,59865.0,7956.0,63342.0
3445,L50624,L,301.5,310.6,1381,50.7,206,0,0,0,0,0,0,9.100000000000023,70016.7,10444.2,63983.600000000006
3446,M18305,M,301.6,310.6,1599,36.1,208,0,0,0,0,0,0,9.0,57723.9,7508.8,64604.8
3447,H32860,H,301.6,310.6,1400,49.5,211,0,0,0,0,0,0,9.0,69300.0,10444.5,65536.6
3448,L50627,L,301.7,310.6,1624,34.5,216,0,0,0,0,0,0,8.900000000000034,56028.0,7452.0,67089.6
3449,L50628,L,301.6,310.6,1478,36.6,218,0,0,0,0,0,0,9.0,54094.8,7978.8,67710.8
3450,L50629,L,301.7,310.7,1605,33.3,220,0,0,0,0,0,0,9.0,53446.49999999999,7325.999999999999,68354.0
3451,L50630,L,301.6,310.6,1506,43.4,222,0,0,0,0,0,0,9.0,65360.4,9634.8,68953.20000000001
3452,L50631,L,301.6,310.6,1455,43.9,0,0,0,0,0,0,0,9.0,63874.5,0.0,0.0
3453,H32866,H,301.6,310.5,1602,32.3,2,0,0,0,0,0,1,8.899999999999977,51744.6,64.6,621.0
3454,L50633,L,301.5,310.4,1425,54.4,7,0,0,0,0,0,0,8.899999999999977,77520.0,380.8,2172.7999999999997
3455,L50634,L,301.5,310.4,1918,21.8,9,0,0,0,0,0,0,8.899999999999977,41812.4,196.20000000000002,2793.6
3456,H32869,H,301.4,310.3,1611,41.5,11,0,0,0,0,0,0,8.900000000000034,66856.5,456.5,3413.3
3457,H32870,H,301.4,310.4,1610,38.6,16,0,0,0,0,0,0,9.0,62146.0,617.6,4966.4
3458,M18317,M,301.5,310.4,2639,12.0,21,1,0,0,1,0,0,8.899999999999977,31668.0,252.0,6518.4
3459,L50638,L,301.5,310.4,1329,46.6,24,0,0,0,0,0,0,8.899999999999977,61931.4,1118.4,7449.599999999999
3460,L50639,L,301.5,310.4,1270,54.2,26,0,0,0,0,0,0,8.899999999999977,68834.0,1409.2,8070.4
3461,L50640,L,301.5,310.3,1415,41.6,28,0,0,0,0,0,0,8.800000000000011,58864.0,1164.8,8688.4
3462,H32875,H,301.6,310.4,1330,49.5,30,0,0,0,0,0,0,8.799999999999955,65835.0,1485.0,9312.0
3463,H32876,H,301.6,310.5,1786,27.1,35,0,0,0,0,0,0,8.899999999999977,48400.600000000006,948.5,10867.5
3464,L50643,L,301.6,310.5,1809,25.5,40,0,0,0,0,0,0,8.899999999999977,46129.5,1020.0,12420.0
3465,L50644,L,301.7,310.6,1303,59.7,42,0,0,0,0,0,0,8.900000000000034,77789.1,2507.4,13045.2
3466,M18325,M,301.8,310.7,1383,45.7,44,0,0,0,0,0,0,8.899999999999977,63203.100000000006,2010.8000000000002,13670.8
3467,L50646,L,301.7,310.6,1447,56.9,47,0,0,0,0,0,0,8.900000000000034,82334.3,2674.2999999999997,14598.2
3468,L50647,L,301.8,310.7,1461,44.2,49,0,0,0,0,0,0,8.899999999999977,64576.200000000004,2165.8,15224.3
3469,L50648,L,301.8,310.7,2092,18.6,51,0,0,0,0,0,0,8.899999999999977,38911.200000000004,948.6,15845.699999999999
3470,M18329,M,301.8,310.7,1429,47.9,53,0,0,0,0,0,0,8.899999999999977,68449.09999999999,2538.7,16467.1
3471,L50650,L,301.8,310.8,1736,26.5,56,0,0,0,0,0,0,9.0,46004.0,1484.0,17404.8
3472,L50651,L,301.8,310.7,1441,49.3,58,0,0,0,0,0,0,8.899999999999977,71041.3,2859.3999999999996,18020.6
3473,L50652,L,301.8,310.7,1523,43.3,60,0,0,0,0,0,0,8.899999999999977,65945.9,2598.0,18642.0
3474,M18333,M,301.8,310.8,1691,33.4,62,0,0,0,0,0,0,9.0,56479.399999999994,2070.7999999999997,19269.600000000002
3475,M18334,M,301.9,310.8,1557,35.3,65,0,0,0,0,0,0,8.900000000000034,54962.1,2294.5,20202.0
3476,L50655,L,301.8,310.7,1644,33.4,68,0,0,0,0,0,0,8.899999999999977,54909.6,2271.2,21127.6
3477,L50656,L,301.8,310.6,1522,43.8,70,0,0,0,0,0,0,8.800000000000011,66663.59999999999,3066.0,21742.0
3478,L50657,L,301.8,310.7,1547,41.7,72,0,0,0,0,0,0,8.899999999999977,64509.9,3002.4,22370.399999999998
3479,L50658,L,301.8,310.7,1597,30.8,74,0,0,0,0,0,0,8.899999999999977,49187.6,2279.2000000000003,22991.8
3480,M18339,M,301.8,310.8,1619,31.0,76,0,0,0,0,0,0,9.0,50189.0,2356.0,23620.8
3481,L50660,L,301.9,310.8,1400,58.2,79,0,0,0,0,0,0,8.900000000000034,81480.0,4597.8,24553.2
3482,L50661,L,302.0,310.9,1663,31.5,81,0,0,0,0,0,0,8.899999999999977,52384.5,2551.5,25182.899999999998
3483,L50662,L,301.9,310.8,1540,37.6,83,0,0,0,0,0,0,8.900000000000034,57904.0,3120.8,25796.4
3484,H32897,H,301.9,310.8,1455,42.7,85,0,0,0,0,0,0,8.900000000000034,62128.50000000001,3629.5000000000005,26418.0
3485,L50664,L,301.9,310.8,1519,39.0,90,0,0,0,0,0,0,8.900000000000034,59241.0,3510.0,27972.0
3486,L50665,L,301.9,310.8,1427,47.7,92,0,0,0,0,0,0,8.900000000000034,68067.90000000001,4388.400000000001,28593.600000000002
3487,L50666,L,301.9,310.8,1650,29.8,94,0,0,0,0,0,0,8.900000000000034,49170.0,2801.2000000000003,29215.2
3488,M18347,M,301.8,310.8,1508,38.8,96,0,0,0,0,0,0,9.0,58510.399999999994,3724.7999999999997,29836.800000000003
3489,L50668,L,301.9,310.9,1379,54.8,99,0,0,0,0,0,0,9.0,75569.2,5425.2,30779.1
3490,L50669,L,301.9,310.9,1542,36.7,101,0,0,0,0,0,0,9.0,56591.4,3706.7000000000003,31400.899999999998
3491,M18350,M,301.9,310.9,1763,28.4,103,0,0,0,0,0,0,9.0,50069.2,2925.2,32022.699999999997
3492,H32905,H,301.9,310.9,1590,34.3,106,0,0,0,0,0,0,9.0,54536.99999999999,3635.7999999999997,32955.399999999994
3493,H32906,H,301.9,311.0,1336,63.6,111,0,0,0,0,0,0,9.100000000000023,84969.6,7059.6,34521.0
3494,M18353,M,301.9,311.0,1638,35.4,116,0,0,0,0,0,0,9.100000000000023,57985.2,4106.4,36076.0
3495,L50674,L,301.9,311.0,1356,45.7,119,0,0,0,0,0,0,9.100000000000023,61969.200000000004,5438.3,37009.0
3496,M18355,M,301.9,311.0,1384,47.4,121,0,0,0,0,0,0,9.100000000000023,65601.59999999999,5735.4,37631.0
3497,L50676,L,301.9,310.9,1309,48.0,124,0,0,0,0,0,0,9.0,62832.0,5952.0,38551.6
3498,L50677,L,301.9,311.0,1642,33.1,126,0,0,0,0,0,0,9.100000000000023,54350.200000000004,4170.6,39186.0
3499,L50678,L,301.9,311.0,1289,54.9,128,0,0,0,0,0,0,9.100000000000023,70766.09999999999,7027.2,39808.0
3500,L50679,L,301.9,311.0,1353,43.8,130,0,0,0,0,0,0,9.100000000000023,59261.399999999994,5694.0,40430.0
3501,H32914,H,301.9,311.0,1871,26.0,132,0,0,0,0,0,0,9.100000000000023,48646.0,3432.0,41052.0
3502,H32915,H,301.9,311.0,1291,63.6,137,0,0,0,0,0,0,9.100000000000023,82107.6,8713.2,42607.0
3503,M18362,M,301.8,310.9,1346,44.6,142,0,0,0,0,0,0,9.099999999999966,60031.6,6333.2,44147.799999999996
3504,L50683,L,301.7,310.8,1493,47.6,145,0,0,0,0,0,0,9.100000000000023,71066.8,6902.0,45066.0
3505,M18364,M,301.7,310.8,1524,41.3,147,0,0,0,0,0,0,9.100000000000023,62941.2,6071.099999999999,45687.6
3506,L50685,L,301.6,310.8,1726,26.7,150,0,0,0,0,0,0,9.199999999999989,46084.2,4005.0,46620.0
3507,H32920,H,301.6,310.8,1435,47.2,152,0,0,0,0,0,0,9.199999999999989,67732.0,7174.400000000001,47241.6
3508,M18367,M,301.7,310.8,1502,34.4,157,0,0,0,0,0,0,9.100000000000023,51668.799999999996,5400.8,48795.6
3509,L50688,L,301.7,310.9,1608,33.0,160,0,0,0,0,0,0,9.199999999999989,53064.0,5280.0,49744.0
3510,L50689,L,301.8,311.0,1771,27.2,162,0,0,0,0,0,0,9.199999999999989,48171.2,4406.4,50382.0
3511,L50690,L,301.7,311.0,1474,42.6,164,0,0,0,0,0,0,9.300000000000011,62792.4,6986.400000000001,51004.0
3512,L50691,L,301.8,311.0,1322,53.0,166,0,0,0,0,0,0,9.199999999999989,70066.0,8798.0,51626.0
3513,M18372,M,301.8,311.0,1393,49.5,168,0,0,0,0,0,0,9.199999999999989,68953.5,8316.0,52248.0
3514,M18373,M,301.9,311.1,1417,52.5,171,0,0,0,0,0,0,9.200000000000045,74392.5,8977.5,53198.100000000006
3515,H32928,H,301.9,311.0,1430,49.8,174,0,0,0,0,0,0,9.100000000000023,71214.0,8665.199999999999,54114.0
3516,M18375,M,301.9,311.1,1605,40.0,179,0,0,0,0,0,0,9.200000000000045,64200.0,7160.0,55686.9
3517,L50696,L,302.0,311.1,1402,47.8,182,0,0,0,0,0,0,9.100000000000023,67015.59999999999,8699.6,56620.200000000004
3518,L50697,L,302.0,311.0,1550,35.2,184,0,0,0,0,0,0,9.0,54560.00000000001,6476.8,57224.0
3519,L50698,L,301.9,311.0,1376,44.9,186,0,0,0,0,0,0,9.100000000000023,61782.4,8351.4,57846.0
3520,M18379,M,301.9,310.9,1569,32.5,188,0,0,0,0,0,0,9.0,50992.5,6110.0,58449.2
3521,L50700,L,301.9,311.0,1669,32.2,191,0,0,0,0,0,0,9.100000000000023,53741.8,6150.200000000001,59401.0
3522,L50701,L,301.9,311.0,1541,38.9,193,0,0,0,0,0,0,9.100000000000023,59944.899999999994,7507.7,60023.0
3523,L50702,L,301.8,311.0,1651,32.5,195,0,0,0,0,0,0,9.199999999999989,53657.5,6337.5,60645.0
3524,L50703,L,301.8,310.9,1521,39.3,197,0,0,0,0,0,0,9.099999999999966,59775.299999999996,7742.099999999999,61247.299999999996
3525,M18384,M,301.8,310.8,1365,48.2,199,0,0,0,0,0,0,9.0,65793.0,9591.800000000001,61849.200000000004
3526,L50705,L,301.8,310.9,1609,31.7,202,0,0,0,0,0,0,9.099999999999966,51005.299999999996,6403.4,62801.799999999996
3527,H32940,H,301.8,310.8,1470,37.6,204,0,0,0,0,0,0,9.0,55272.0,7670.400000000001,63403.200000000004
3528,M18387,M,301.9,310.9,1573,38.9,209,0,0,0,0,0,0,9.0,61189.7,8130.099999999999,64978.1
3529,L50708,L,302.0,310.9,1378,53.1,212,1,0,0,0,1,0,8.899999999999977,73171.8,11257.2,65910.79999999999
3530,L50709,L,301.9,310.9,1567,39.0,214,1,1,0,0,0,0,9.0,61113.0,8346.0,66532.59999999999
3531,M18390,M,301.9,310.9,1441,43.7,0,0,0,0,0,0,0,9.0,62971.700000000004,0.0,0.0
3532,M18391,M,301.9,310.9,1641,33.2,3,0,0,0,0,0,0,9.0,54481.200000000004,99.60000000000001,932.6999999999999
3533,L50712,L,301.9,310.9,1486,40.3,6,0,0,0,0,0,0,9.0,59885.799999999996,241.79999999999998,1865.3999999999999
3534,L50713,L,302.0,311.0,1563,36.2,8,0,0,0,0,0,0,9.0,56580.600000000006,289.6,2488.0
3535,M18394,M,302.0,311.1,1769,26.0,10,0,0,0,0,0,0,9.100000000000023,45994.0,260.0,3111.0
3536,H32949,H,301.9,311.0,1672,29.9,13,0,0,0,0,0,0,9.100000000000023,49992.799999999996,388.7,4043.0
3537,L50716,L,302.0,311.0,1632,34.2,18,0,0,0,0,0,0,9.0,55814.4,615.6,5598.0
3538,M18397,M,302.0,311.0,1980,21.5,20,0,0,0,0,0,0,9.0,42570.0,430.0,6220.0
3539,L50718,L,302.0,311.1,1635,36.0,23,0,0,0,0,0,0,9.100000000000023,58860.0,828.0,7155.3
3540,L50719,L,302.0,311.0,1686,32.5,25,0,0,0,0,0,0,9.0,54795.0,812.5,7775.0
3541,L50720,L,301.9,310.9,1574,31.4,27,0,0,0,0,0,0,9.0,49423.6,847.8,8394.3
3542,L50721,L,301.8,310.8,1546,43.4,29,0,0,0,0,0,0,9.0,67096.4,1258.6,9013.2
3543,L50722,L,301.8,310.9,1899,24.7,31,0,0,0,0,0,0,9.099999999999966,46905.299999999996,765.6999999999999,9637.9
3544,L50723,L,301.8,310.9,1449,36.5,33,0,0,0,0,0,0,9.099999999999966,52888.5,1204.5,10259.699999999999
3545,M18404,M,301.9,310.9,1483,37.0,35,0,0,0,0,0,0,9.0,54871.0,1295.0,10881.5
3546,L50725,L,301.8,310.8,1576,38.6,38,0,0,0,0,0,0,9.0,60833.600000000006,1466.8,11810.4
3547,M18406,M,301.9,310.9,1317,51.9,40,0,0,0,0,0,0,9.0,68352.3,2076.0,12436.0
3548,M18407,M,301.9,311.0,1467,48.1,43,0,0,0,0,0,0,9.100000000000023,70562.7,2068.3,13373.0
3549,L50728,L,301.9,310.9,1616,34.5,46,0,0,0,0,0,0,9.0,55752.0,1587.0,14301.4
3550,M18409,M,301.8,310.9,1299,60.4,48,0,0,0,0,0,0,9.099999999999966,78459.59999999999,2899.2,14923.199999999999
3551,M18410,M,301.9,311.0,1432,41.5,51,0,0,0,0,0,0,9.100000000000023,59428.0,2116.5,15861.0
3552,L50731,L,301.9,310.9,1799,24.2,54,0,0,0,0,0,0,9.0,43535.799999999996,1306.8,16788.6
3553,M18412,M,301.8,310.9,1358,52.3,56,0,0,0,0,0,0,9.099999999999966,71023.4,2928.7999999999997,17410.399999999998
3554,M18413,M,301.8,310.8,1618,37.8,59,0,0,0,0,0,0,9.0,61160.399999999994,2230.2,18337.2
3555,L50734,L,301.9,310.8,1525,43.2,62,0,0,0,0,0,0,8.900000000000034,65880.0,2678.4,19269.600000000002
3556,L50735,L,301.8,310.7,1551,37.7,64,0,0,0,0,0,0,8.899999999999977,58472.700000000004,2412.8,19884.8
3557,L50736,L,301.9,310.8,1735,31.5,66,0,0,0,0,0,0,8.900000000000034,54652.5,2079.0,20512.8
3558,M18417,M,301.8,310.7,1309,43.3,68,0,0,0,0,0,0,8.899999999999977,56679.7,2944.3999999999996,21127.6
3559,L50738,L,301.7,310.6,1743,26.2,71,0,0,0,0,0,0,8.900000000000034,45666.6,1860.2,22052.600000000002
3560,M18419,M,301.7,310.7,1659,29.9,73,0,0,0,0,0,0,9.0,49604.1,2182.7,22681.1
3561,L50740,L,301.8,310.7,1680,32.4,76,0,0,0,0,0,0,8.899999999999977,54432.0,2462.4,23613.2
3562,L50741,L,301.7,310.6,1486,38.5,78,0,0,0,0,0,0,8.900000000000034,57211.0,3003.0,24226.800000000003
3563,L50742,L,301.7,310.6,1471,43.8,80,0,0,0,0,0,0,8.900000000000034,64429.799999999996,3504.0,24848.0
3564,M18423,M,301.8,310.7,1465,35.8,82,0,0,0,0,0,0,8.899999999999977,52446.99999999999,2935.6,25477.399999999998
3565,M18424,M,301.7,310.6,1492,42.2,85,0,0,0,0,0,0,8.900000000000034,62962.4,3587.0000000000005,26401.000000000004
3566,M18425,M,301.8,310.7,1420,52.0,88,0,0,0,0,0,0,8.899999999999977,73840.0,4576.0,27341.6
3567,L50746,L,301.8,310.6,1295,62.3,91,0,0,0,0,0,0,8.800000000000011,80678.5,5669.3,28264.600000000002
3568,L50747,L,301.8,310.5,1548,34.1,93,0,0,0,0,0,0,8.699999999999989,52786.8,3171.3,28876.5
3569,L50748,L,301.8,310.6,1372,54.7,95,0,0,0,0,0,0,8.800000000000011,75048.40000000001,5196.5,29507.000000000004
3570,M18429,M,301.8,310.6,1552,35.9,97,0,0,0,0,0,0,8.800000000000011,55716.799999999996,3482.2999999999997,30128.2
3571,H32984,H,301.8,310.6,1441,46.3,100,0,0,0,0,0,0,8.800000000000011,66718.3,4630.0,31060.000000000004
3572,M18431,M,301.7,310.6,1691,27.7,105,0,0,0,0,0,0,8.900000000000034,46840.7,2908.5,32613.000000000004
3573,L50752,L,301.8,310.6,1451,50.7,108,0,0,0,0,0,0,8.800000000000011,73565.7,5475.6,33544.8
3574,L50753,L,301.8,310.6,1452,48.4,110,0,0,0,0,0,0,8.800000000000011,70276.8,5324.0,34166.0
3575,L50754,L,301.7,310.6,1406,46.0,112,0,0,0,0,0,0,8.900000000000034,64676.0,5152.0,34787.200000000004
3576,L50755,L,301.7,310.5,1567,39.1,114,0,0,0,0,0,0,8.800000000000011,61269.700000000004,4457.400000000001,35397.0
3577,L50756,L,301.6,310.4,1599,41.7,116,0,0,0,0,0,0,8.799999999999955,66678.3,4837.200000000001,36006.399999999994
3578,M18437,M,301.6,310.4,1455,39.0,118,0,0,0,0,0,0,8.799999999999955,56745.0,4602.0,36627.2
3579,M18438,M,301.7,310.5,1625,35.9,121,0,0,0,0,0,0,8.800000000000011,58337.5,4343.9,37570.5
3580,L50759,L,301.8,310.6,2672,11.8,124,1,0,0,1,0,0,8.800000000000011,31529.600000000002,1463.2,38514.4
3581,L50760,L,301.8,310.6,1650,31.9,126,0,0,0,0,0,0,8.800000000000011,52635.0,4019.3999999999996,39135.600000000006
3582,M18441,M,301.8,310.6,1459,40.2,128,0,0,0,0,0,0,8.800000000000011,58651.8,5145.6,39756.8
3583,L50762,L,301.8,310.6,1395,50.5,131,0,0,0,0,0,0,8.800000000000011,70447.5,6615.5,40688.600000000006
3584,L50763,L,301.8,310.7,1751,29.3,133,0,0,0,0,0,0,8.899999999999977,51304.3,3896.9,41323.1
3585,L50764,L,301.8,310.6,1192,68.9,135,0,0,0,0,0,0,8.800000000000011,82128.8,9301.5,41931.0
3586,L50765,L,301.9,310.7,1947,25.0,137,0,0,0,0,0,0,8.800000000000011,48675.0,3425.0,42565.9
3587,L50766,L,301.8,310.5,1593,34.9,139,0,0,0,0,0,0,8.699999999999989,55595.7,4851.099999999999,43159.5
3588,H33001,H,301.8,310.5,1478,38.6,141,0,0,0,0,0,0,8.699999999999989,57050.8,5442.6,43780.5
3589,M18448,M,301.7,310.6,1505,44.5,146,0,0,0,0,0,0,8.900000000000034,66972.5,6497.0,45347.600000000006
3590,L50769,L,301.7,310.5,2465,13.7,149,0,0,0,0,0,0,8.800000000000011,33770.5,2041.3,46264.5
3591,L50770,L,301.8,310.6,1403,46.8,151,0,0,0,0,0,0,8.800000000000011,65660.4,7066.799999999999,46900.600000000006
3592,M18451,M,301.7,310.5,1458,41.4,153,0,0,0,0,0,0,8.800000000000011,60361.2,6334.2,47506.5
3593,H33006,H,301.6,310.4,1369,45.4,156,0,0,0,0,0,0,8.799999999999955,62152.6,7082.4,48422.399999999994
3594,M18453,M,301.6,310.4,1377,44.9,161,0,0,0,0,0,0,8.799999999999955,61827.299999999996,7228.9,49974.399999999994
3595,M18454,M,301.6,310.4,1452,45.7,164,0,0,0,0,0,0,8.799999999999955,66356.40000000001,7494.8,50905.6
3596,L50775,L,301.6,310.4,1517,41.1,167,0,0,0,0,0,0,8.799999999999955,62348.700000000004,6863.7,51836.799999999996
3597,L50776,L,301.7,310.5,1354,50.0,169,0,0,0,0,0,0,8.800000000000011,67700.0,8450.0,52474.5
3598,M18457,M,301.7,310.5,1724,33.0,171,0,0,0,0,0,0,8.800000000000011,56892.0,5643.0,53095.5
3599,L50778,L,301.7,310.5,1399,53.2,174,0,0,0,0,0,0,8.800000000000011,74426.8,9256.800000000001,54027.0
3600,H33013,H,301.7,310.5,1388,50.5,176,0,0,0,0,0,0,8.800000000000011,70094.0,8888.0,54648.0
3601,L50780,L,301.7,310.5,1523,34.7,181,0,0,0,0,0,0,8.800000000000011,52848.100000000006,6280.700000000001,56200.5
3602,L50781,L,301.7,310.5,1377,43.1,183,0,0,0,0,0,0,8.800000000000011,59348.700000000004,7887.3,56821.5
3603,M18462,M,301.7,310.6,1417,45.2,185,0,0,0,0,0,0,8.900000000000034,64048.4,8362.0,57461.00000000001
3604,L50783,L,301.7,310.7,1542,40.0,188,0,0,0,0,0,0,9.0,61680.0,7520.0,58411.6
3605,L50784,L,301.8,310.8,1557,33.3,190,0,0,0,0,0,0,9.0,51848.1,6326.999999999999,59052.0
3606,L50785,L,301.7,310.7,1641,31.9,192,0,0,0,0,0,0,9.0,52347.899999999994,6124.799999999999,59654.399999999994
3607,L50786,L,301.7,310.7,1318,55.0,194,0,0,0,0,0,0,9.0,72490.0,10670.0,60275.799999999996
3608,L50787,L,301.6,310.7,1638,33.8,196,0,0,0,0,0,0,9.099999999999966,55364.399999999994,6624.799999999999,60897.2
3609,M18468,M,301.7,310.8,1954,21.6,198,0,0,0,0,0,0,9.100000000000023,42206.4,4276.8,61538.4
3610,M18469,M,301.7,310.9,1644,32.5,201,0,0,0,0,0,0,9.199999999999989,53430.0,6532.5,62490.899999999994
3611,M18470,M,301.7,310.8,1594,32.4,204,0,0,0,0,0,0,9.100000000000023,51645.6,6609.599999999999,63403.200000000004
3612,L50791,L,301.7,310.9,1405,46.4,207,1,1,0,0,0,1,9.199999999999989,65192.0,9604.8,64356.299999999996
3613,L50792,L,301.7,310.8,1622,37.8,0,0,0,0,0,0,0,9.100000000000023,61311.6,0.0,0.0
3614,L50793,L,301.7,310.9,1557,39.4,2,0,0,0,0,0,0,9.199999999999989,61345.799999999996,78.8,621.8
3615,L50794,L,301.8,311.0,1606,33.3,4,0,0,0,0,0,0,9.199999999999989,53479.799999999996,133.2,1244.0
3616,M18475,M,301.8,311.1,1647,31.6,6,0,0,0,0,0,0,9.300000000000011,52045.200000000004,189.60000000000002,1866.6000000000001
3617,M18476,M,301.8,311.1,1413,42.2,9,0,0,0,0,0,0,9.300000000000011,59628.600000000006,379.8,2799.9
3618,L50797,L,301.8,311.0,1529,41.6,12,0,0,0,0,0,0,9.199999999999989,63606.4,499.20000000000005,3732.0
3619,L50798,L,301.9,311.1,1448,46.3,14,0,0,0,0,0,0,9.200000000000045,67042.4,648.1999999999999,4355.400000000001
3620,L50799,L,301.9,311.2,1435,44.2,16,0,0,0,0,0,0,9.300000000000011,63427.00000000001,707.2,4979.2
3621,H33034,H,301.9,311.2,1474,41.8,18,0,0,0,0,0,0,9.300000000000011,61613.2,752.4,5601.599999999999
3622,L50801,L,301.9,311.2,1657,29.1,23,0,0,0,0,0,0,9.300000000000011,48218.700000000004,669.3000000000001,7157.599999999999
3623,L50802,L,302.0,311.3,1509,39.9,25,0,0,0,0,0,0,9.300000000000011,60209.1,997.5,7782.5
3624,M18483,M,302.0,311.3,1530,36.4,27,0,0,0,0,0,0,9.300000000000011,55692.0,982.8,8405.1
3625,M18484,M,302.0,311.4,1587,35.9,30,0,0,0,0,0,0,9.399999999999977,56973.299999999996,1077.0,9342.0
3626,M18485,M,302.1,311.4,1467,43.4,33,0,0,0,0,0,0,9.299999999999955,63667.799999999996,1432.2,10276.199999999999
3627,M18486,M,302.2,311.5,1360,53.0,36,0,0,0,0,0,0,9.300000000000011,72080.0,1908.0,11214.0
3628,L50807,L,302.2,311.5,1588,30.6,39,0,0,0,0,0,0,9.300000000000011,48592.8,1193.4,12148.5
3629,L50808,L,302.2,311.4,1609,32.1,41,0,0,0,0,0,0,9.199999999999989,51648.9,1316.1000000000001,12767.4
3630,L50809,L,302.1,311.3,1415,44.1,43,0,0,0,0,0,0,9.199999999999989,62401.5,1896.3,13385.9
3631,L50810,L,302.0,311.2,1845,27.3,45,0,0,0,0,0,0,9.199999999999989,50368.5,1228.5,14004.0
3632,M18491,M,302.1,311.4,1419,36.2,47,0,0,0,0,0,0,9.299999999999955,51367.8,1701.4,14635.8
3633,L50812,L,302.1,311.3,1634,30.6,50,0,0,0,0,0,0,9.199999999999989,50000.4,1530.0,15565.0
3634,M18493,M,302.2,311.3,1521,40.6,52,0,0,0,0,0,0,9.100000000000023,61752.6,2111.2000000000003,16187.6
3635,L50814,L,302.2,311.4,1499,37.7,55,0,0,0,0,0,0,9.199999999999989,56512.3,2073.5,17127.0
3636,M18495,M,302.1,311.2,1616,35.1,57,0,0,0,0,0,0,9.099999999999966,56721.600000000006,2000.7,17738.399999999998
3637,L50816,L,302.2,311.4,1449,46.5,60,0,0,0,0,0,0,9.199999999999989,67378.5,2790.0,18684.0
3638,M18497,M,302.2,311.4,1626,31.6,62,0,0,0,0,0,0,9.199999999999989,51381.600000000006,1959.2,19306.8
3639,M18498,M,302.3,311.5,1445,44.8,65,0,0,0,0,0,0,9.199999999999989,64735.99999999999,2912.0,20247.5
3640,L50819,L,302.4,311.6,1622,35.0,68,0,0,0,0,0,0,9.200000000000045,56770.0,2380.0,21188.800000000003
3641,H33054,H,302.4,311.6,1544,39.1,70,0,0,0,0,0,0,9.200000000000045,60370.4,2737.0,21812.0
3642,L50821,L,302.3,311.6,1488,41.8,75,0,0,0,0,0,0,9.300000000000011,62198.399999999994,3135.0,23370.0
3643,L50822,L,302.3,311.6,1309,57.6,77,0,0,0,0,0,0,9.300000000000011,75398.40000000001,4435.2,23993.2
3644,L50823,L,302.3,311.6,1784,26.4,79,0,0,0,0,0,0,9.300000000000011,47097.6,2085.6,24616.4
3645,L50824,L,302.2,311.5,1548,32.4,81,0,0,0,0,0,0,9.300000000000011,50155.2,2624.4,25231.5
3646,L50825,L,302.2,311.5,1413,43.5,83,0,0,0,0,0,0,9.300000000000011,61465.5,3610.5,25854.5
3647,M18506,M,302.2,311.5,1863,25.7,85,0,0,0,0,0,0,9.300000000000011,47879.1,2184.5,26477.5
3648,L50827,L,302.2,311.5,1427,43.8,88,0,0,0,0,0,0,9.300000000000011,62502.6,3854.3999999999996,27412.0
3649,M18508,M,302.2,311.5,1443,47.0,90,0,0,0,0,0,0,9.300000000000011,67821.0,4230.0,28035.0
3650,L50829,L,302.2,311.5,1481,40.4,93,0,0,0,0,0,0,9.300000000000011,59832.4,3757.2,28969.5
3651,L50830,L,302.1,311.4,1446,39.7,95,0,0,0,0,0,0,9.299999999999955,57406.200000000004,3771.5000000000005,29582.999999999996
3652,L50831,L,302.1,311.5,1444,44.9,97,0,0,0,0,0,0,9.399999999999977,64835.6,4355.3,30215.5
3653,M18512,M,302.1,311.5,1341,50.8,99,0,0,0,0,0,0,9.399999999999977,68122.8,5029.2,30838.5
3654,L50833,L,302.1,311.4,1518,37.4,102,0,0,0,0,0,0,9.299999999999955,56773.2,3814.7999999999997,31762.8
3655,L50834,L,302.1,311.4,1603,35.9,104,0,0,0,0,0,0,9.299999999999955,57547.7,3733.6,32385.6
3656,L50835,L,302.1,311.4,1686,30.9,106,0,0,0,0,0,0,9.299999999999955,52097.399999999994,3275.3999999999996,33008.399999999994
3657,M18516,M,302.1,311.5,1383,53.6,108,0,0,0,0,0,0,9.399999999999977,74128.8,5788.8,33642.0
3658,L50837,L,302.1,311.5,1477,45.4,111,0,0,0,0,0,0,9.399999999999977,67055.8,5039.4,34576.5
3659,M18518,M,302.2,311.5,1449,44.5,113,0,0,0,0,0,0,9.300000000000011,64480.5,5028.5,35199.5
3660,M18519,M,302.2,311.5,1734,25.0,116,0,0,0,0,0,0,9.300000000000011,43350.0,2900.0,36134.0
3661,L50840,L,302.3,311.6,1398,49.1,119,0,0,0,0,0,0,9.300000000000011,68641.8,5842.900000000001,37080.4
3662,M18521,M,302.3,311.7,1639,36.6,121,0,0,0,0,0,0,9.399999999999977,59987.4,4428.6,37715.7
3663,M18522,M,302.3,311.7,1517,37.6,124,0,0,0,0,0,0,9.399999999999977,57039.200000000004,4662.400000000001,38650.799999999996
3664,M18523,M,302.3,311.7,1442,41.7,127,0,0,0,0,0,0,9.399999999999977,60131.4,5295.900000000001,39585.9
3665,M18524,M,302.3,311.7,1685,30.8,130,0,0,0,0,0,0,9.399999999999977,51898.0,4004.0,40521.0
3666,M18525,M,302.4,311.8,1358,50.6,133,0,0,0,0,0,0,9.400000000000034,68714.8,6729.8,41469.4
3667,M18526,M,302.3,311.6,1608,39.9,136,0,0,0,0,0,0,9.300000000000011,64159.2,5426.4,42377.600000000006
3668,L50847,L,302.3,311.6,1665,34.3,139,0,0,0,0,0,0,9.300000000000011,57109.49999999999,4767.7,43312.4
3669,L50848,L,302.3,311.7,1510,38.7,141,0,0,0,0,0,0,9.399999999999977,58437.00000000001,5456.700000000001,43949.7
3670,L50849,L,302.4,311.8,1465,40.2,143,0,0,0,0,0,0,9.400000000000034,58893.00000000001,5748.6,44587.4
3671,L50850,L,302.3,311.7,1701,27.5,145,0,0,0,0,0,0,9.399999999999977,46777.5,3987.5,45196.5
3672,M18531,M,302.3,311.7,1486,39.6,147,0,0,0,0,0,0,9.399999999999977,58845.6,5821.2,45819.9
3673,L50852,L,302.3,311.6,1658,32.3,150,0,0,0,0,0,0,9.300000000000011,53553.399999999994,4845.0,46740.0
3674,H33087,H,302.3,311.7,1449,44.5,152,0,0,0,0,0,0,9.399999999999977,64480.5,6764.0,47378.4
3675,L50854,L,302.2,311.5,1346,52.4,157,0,0,0,0,0,0,9.300000000000011,70530.4,8226.8,48905.5
3676,M18535,M,302.1,311.5,1866,23.1,159,0,0,0,0,0,0,9.399999999999977,43104.600000000006,3672.9,49528.5
3677,M18536,M,302.2,311.5,1562,38.0,162,0,0,0,0,0,0,9.300000000000011,59356.0,6156.0,50463.0
3678,M18537,M,302.3,311.7,1368,53.6,165,0,0,0,0,0,0,9.399999999999977,73324.8,8844.0,51430.5
3679,L50858,L,302.2,311.5,1567,33.1,168,0,0,0,0,0,0,9.300000000000011,51867.700000000004,5560.8,52332.0
3680,L50859,L,302.2,311.5,1725,34.0,170,0,0,0,0,0,0,9.300000000000011,58650.0,5780.0,52955.0
3681,L50860,L,302.2,311.5,1744,31.2,172,0,0,0,0,0,0,9.300000000000011,54412.799999999996,5366.4,53578.0
3682,M18541,M,302.1,311.3,1453,45.1,174,0,0,0,0,0,0,9.199999999999989,65530.3,7847.400000000001,54166.200000000004
3683,L50862,L,302.1,311.2,1550,34.8,177,0,0,0,0,0,0,9.099999999999966,53939.99999999999,6159.599999999999,55082.4
3684,M18543,M,302.0,311.2,1558,39.1,179,0,0,0,0,0,0,9.199999999999989,60917.8,6998.900000000001,55704.799999999996
3685,L50864,L,302.0,311.2,1270,65.3,182,1,0,0,0,1,0,9.199999999999989,82931.0,11884.6,56638.4
3686,M18545,M,301.9,311.1,1380,51.6,184,0,0,0,0,0,0,9.200000000000045,71208.0,9494.4,57242.4
3687,L50866,L,302.0,311.1,1406,50.5,187,0,0,0,0,0,0,9.100000000000023,71003.0,9443.5,58175.700000000004
3688,M18547,M,302.0,311.2,1625,30.7,189,0,0,0,0,0,0,9.199999999999989,49887.5,5802.3,58816.799999999996
3689,L50868,L,302.0,311.2,1420,45.8,192,0,0,0,0,0,0,9.199999999999989,65035.99999999999,8793.599999999999,59750.399999999994
3690,L50869,L,302.1,311.4,1889,22.7,194,0,0,0,0,0,0,9.299999999999955,42880.299999999996,4403.8,60411.6
3691,L50870,L,302.1,311.3,1477,43.6,196,0,0,0,0,0,0,9.199999999999989,64397.200000000004,8545.6,61014.8
3692,L50871,L,302.1,311.2,1460,46.9,198,0,0,0,0,0,0,9.099999999999966,68474.0,9286.199999999999,61617.6
3693,L50872,L,302.1,311.3,1758,24.4,200,0,0,0,0,0,0,9.199999999999989,42895.2,4880.0,62260.0
3694,L50873,L,302.1,311.3,1521,31.5,202,0,0,0,0,0,0,9.199999999999989,47911.5,6363.0,62882.600000000006
3695,M18554,M,302.1,311.3,1511,45.0,204,0,0,0,0,0,0,9.199999999999989,67995.0,9180.0,63505.200000000004
3696,L50875,L,302.2,311.3,1530,37.3,207,1,1,0,0,0,0,9.100000000000023,57068.99999999999,7721.099999999999,64439.100000000006
3697,L50876,L,302.1,311.2,1454,46.8,0,0,0,0,0,0,0,9.099999999999966,68047.2,0.0,0.0
3698,L50877,L,302.2,311.2,1928,23.1,2,0,0,0,0,0,0,9.0,44536.8,46.2,622.4
3699,H33112,H,302.2,311.3,1758,26.4,4,0,0,0,0,0,0,9.100000000000023,46411.2,105.6,1245.2
3700,L50879,L,302.2,311.2,1649,33.2,9,0,0,0,0,0,0,9.0,54746.8,298.8,2800.7999999999997
3701,L50880,L,302.1,311.2,1447,50.3,11,0,0,0,0,0,0,9.099999999999966,72784.09999999999,553.3,3423.2
3702,L50881,L,302.1,311.2,1417,48.0,13,0,0,0,0,0,0,9.099999999999966,68016.0,624.0,4045.6
3703,L50882,L,302.0,311.2,1434,44.9,15,0,0,0,0,0,0,9.199999999999989,64386.6,673.5,4668.0
3704,M18563,M,302.0,311.2,1418,49.5,17,0,0,0,0,0,0,9.199999999999989,70191.0,841.5,5290.4
3705,M18564,M,302.0,311.2,1400,49.5,20,0,0,0,0,0,0,9.199999999999989,69300.0,990.0,6224.0
3706,M18565,M,302.0,311.3,1725,27.7,23,0,0,0,0,0,0,9.300000000000011,47782.5,637.1,7159.900000000001
3707,L50886,L,302.0,311.3,1567,41.1,26,0,0,0,0,0,0,9.300000000000011,64403.700000000004,1068.6000000000001,8093.8
3708,M18567,M,302.1,311.3,1497,38.4,28,0,0,0,0,0,0,9.199999999999989,57484.799999999996,1075.2,8716.4
3709,L50888,L,302.1,311.4,1549,44.6,31,0,0,0,0,0,0,9.299999999999955,69085.40000000001,1382.6000000000001,9653.4
3710,L50889,L,302.2,311.4,1754,26.9,33,0,0,0,0,0,0,9.199999999999989,47182.6,887.6999999999999,10276.199999999999
3711,L50890,L,302.2,311.5,1489,38.3,35,0,0,0,0,0,0,9.300000000000011,57028.7,1340.5,10902.5
3712,L50891,L,302.2,311.5,1543,38.5,37,0,0,0,0,0,0,9.300000000000011,59405.5,1424.5,11525.5
3713,L50892,L,302.3,311.5,1543,33.1,39,0,0,0,0,0,0,9.199999999999989,51073.3,1290.9,12148.5
3714,L50893,L,302.3,311.5,1565,35.6,41,0,0,0,0,0,0,9.199999999999989,55714.0,1459.6000000000001,12771.5
3715,M18574,M,302.3,311.4,1855,23.9,43,0,0,0,0,0,0,9.099999999999966,44334.5,1027.7,13390.199999999999
3716,M18575,M,302.4,311.4,1475,45.2,46,0,0,0,0,0,0,9.0,66670.0,2079.2000000000003,14324.4
3717,L50896,L,302.3,311.4,1609,32.3,49,0,0,0,0,0,0,9.099999999999966,51970.7,1582.6999999999998,15258.599999999999
3718,H33131,H,302.3,311.4,1443,44.1,51,0,0,0,0,0,0,9.099999999999966,63636.3,2249.1,15881.4
3719,L50898,L,302.4,311.4,1450,44.1,56,0,0,0,0,0,0,9.0,63945.0,2469.6,17438.399999999998
3720,L50899,L,302.4,311.5,1590,39.9,58,0,0,0,0,0,0,9.100000000000023,63441.0,2314.2,18067.0
3721,M18580,M,302.4,311.4,1508,41.2,60,0,0,0,0,0,0,9.0,62129.600000000006,2472.0,18684.0
3722,M18581,M,302.2,311.2,1544,43.6,63,0,0,0,0,0,0,9.0,67318.40000000001,2746.8,19605.6
3723,L50902,L,302.2,311.2,1451,41.8,66,0,0,0,0,0,0,9.0,60651.799999999996,2758.7999999999997,20539.2
3724,L50903,L,302.3,311.2,1758,24.4,68,0,0,0,0,0,0,8.899999999999977,42895.2,1659.1999999999998,21161.6
3725,M18584,M,302.3,311.2,1507,47.7,70,0,0,0,0,0,0,8.899999999999977,71883.90000000001,3339.0,21784.0
3726,H33139,H,302.3,311.1,1543,37.5,73,0,0,0,0,0,0,8.800000000000011,57862.5,2737.5,22710.300000000003
3727,M18586,M,302.3,311.2,1505,36.7,78,0,0,0,0,0,0,8.899999999999977,55233.50000000001,2862.6000000000004,24273.6
3728,L50907,L,302.3,311.2,1786,24.3,81,0,0,0,0,0,0,8.899999999999977,43399.8,1968.3,25207.2
3729,L50908,L,302.3,311.3,1457,44.5,83,0,0,0,0,0,0,9.0,64836.5,3693.5,25837.9
3730,M18589,M,302.4,311.3,1312,61.5,85,0,0,0,0,0,0,8.900000000000034,80688.0,5227.5,26460.5
3731,M18590,M,302.3,311.2,1405,47.7,88,0,0,0,0,0,0,8.899999999999977,67018.5,4197.6,27385.6
3732,M18591,M,302.2,311.2,1377,43.0,91,0,0,0,0,0,0,9.0,59211.0,3913.0,28319.2
3733,M18592,M,302.2,311.2,1347,49.8,94,0,0,0,0,0,0,9.0,67080.59999999999,4681.2,29252.8
3734,L50913,L,302.2,311.1,1470,39.6,97,0,0,0,0,0,0,8.900000000000034,58212.0,3841.2000000000003,30176.7
3735,M18594,M,302.2,311.2,1873,24.0,99,0,0,0,0,0,0,9.0,44952.0,2376.0,30808.8
3736,M18595,M,302.2,311.1,1434,58.6,102,0,0,0,0,0,0,8.900000000000034,84032.40000000001,5977.2,31732.2
3737,H33150,H,302.2,311.1,1628,30.6,105,0,0,0,0,0,0,8.900000000000034,49816.8,3213.0,32665.500000000004
3738,L50917,L,302.2,311.1,1351,48.6,110,0,0,0,0,0,0,8.900000000000034,65658.6,5346.0,34221.0
3739,M18598,M,302.3,311.2,1454,43.8,112,0,0,0,0,0,0,8.899999999999977,63685.2,4905.599999999999,34854.4
3740,M18599,M,302.2,311.2,1663,29.6,115,0,0,0,0,0,0,9.0,49224.8,3404.0,35788.0
3741,L50920,L,302.3,311.2,1401,49.7,118,0,0,0,0,0,0,8.899999999999977,69629.7,5864.6,36721.6
3742,L50921,L,302.4,311.3,1503,38.2,120,0,0,0,0,0,0,8.900000000000034,57414.600000000006,4584.0,37356.0
3743,L50922,L,302.4,311.4,1564,35.0,122,0,0,0,0,0,0,9.0,54740.0,4270.0,37990.799999999996
3744,L50923,L,302.5,311.4,1759,24.6,124,0,0,0,0,0,0,8.899999999999977,43271.4,3050.4,38613.6
3745,L50924,L,302.5,311.4,1409,53.1,126,0,0,0,0,0,0,8.899999999999977,74817.90000000001,6690.6,39236.399999999994
3746,L50925,L,302.6,311.4,1738,25.8,128,0,0,0,0,0,0,8.799999999999955,44840.4,3302.4,39859.2
3747,H33160,H,302.5,311.3,1393,47.5,130,0,0,0,0,0,0,8.800000000000011,66167.5,6175.0,40469.0
3748,L50927,L,302.5,311.1,1499,38.8,135,0,0,0,0,0,0,8.600000000000023,58161.2,5238.0,41998.5
3749,L50928,L,302.5,311.1,1493,39.0,137,0,0,0,0,0,0,8.600000000000023,58227.0,5343.0,42620.700000000004
3750,L50929,L,302.4,311.1,1652,33.9,139,0,0,0,0,0,0,8.700000000000045,56002.799999999996,4712.099999999999,43242.9
3751,L50930,L,302.3,311.1,1589,29.9,141,0,0,0,0,0,0,8.800000000000011,47511.1,4215.9,43865.100000000006
3752,L50931,L,302.4,311.1,1520,42.2,143,0,0,0,0,0,0,8.700000000000045,64144.00000000001,6034.6,44487.3
3753,H33166,H,302.3,311.1,1455,40.3,145,0,0,0,0,0,0,8.800000000000011,58636.49999999999,5843.5,45109.5
3754,L50933,L,302.2,311.0,1463,46.8,150,0,0,0,0,0,0,8.800000000000011,68468.4,7020.0,46650.0
3755,L50934,L,302.3,311.0,1442,43.7,152,0,0,0,0,0,0,8.699999999999989,63015.4,6642.400000000001,47272.0
3756,L50935,L,302.3,311.0,1329,51.5,154,0,0,0,0,0,0,8.699999999999989,68443.5,7931.0,47894.0
3757,L50936,L,302.3,311.1,1546,33.1,156,0,0,0,0,0,0,8.800000000000011,51172.600000000006,5163.6,48531.600000000006
3758,M18617,M,302.2,311.1,1516,33.7,158,0,0,0,0,0,0,8.900000000000034,51089.200000000004,5324.6,49153.8
3759,M18618,M,302.2,311.0,1476,47.4,161,0,0,0,0,0,0,8.800000000000011,69962.4,7631.4,50071.0
3760,L50939,L,302.3,311.0,1412,47.0,164,0,0,0,0,0,0,8.699999999999989,66364.0,7708.0,51004.0
3761,L50940,L,302.3,310.9,1377,46.8,166,1,0,1,0,0,0,8.599999999999966,64443.6,7768.799999999999,51609.399999999994
3762,M18621,M,302.4,311.0,1490,37.1,168,0,0,0,0,0,0,8.600000000000023,55279.0,6232.8,52248.0
3763,M18622,M,302.3,311.0,1526,37.7,171,0,0,0,0,0,0,8.699999999999989,57530.200000000004,6446.700000000001,53181.0
3764,L50943,L,302.3,311.0,1428,47.9,174,0,0,0,0,0,0,8.699999999999989,68401.2,8334.6,54114.0
3765,L50944,L,302.4,311.0,1329,54.6,176,0,0,0,0,0,0,8.600000000000023,72563.40000000001,9609.6,54736.0
3766,M18625,M,302.4,311.1,1443,51.8,178,0,0,0,0,0,0,8.700000000000045,74747.4,9220.4,55375.8
3767,L50946,L,302.3,311.1,1373,53.0,181,0,0,0,0,0,0,8.800000000000011,72769.0,9593.0,56309.100000000006
3768,L50947,L,302.3,311.1,1630,35.6,183,0,0,0,0,0,0,8.800000000000011,58028.0,6514.8,56931.3
3769,L50948,L,302.2,311.0,1555,34.2,185,0,0,0,0,0,0,8.800000000000011,53181.00000000001,6327.000000000001,57535.0
3770,M18629,M,302.2,311.0,1436,47.0,187,0,0,0,0,0,0,8.800000000000011,67492.0,8789.0,58157.0
3771,L50950,L,302.3,311.0,1609,31.0,190,0,0,0,0,0,0,8.699999999999989,49879.0,5890.0,59090.0
3772,M18631,M,302.3,311.0,1384,49.7,192,0,0,0,0,0,0,8.699999999999989,68784.8,9542.400000000001,59712.0
3773,L50952,L,302.4,311.1,1448,44.8,195,0,0,0,0,0,0,8.700000000000045,64870.399999999994,8736.0,60664.50000000001
3774,M18633,M,302.4,311.1,1887,22.4,197,0,0,0,0,0,0,8.700000000000045,42268.799999999996,4412.799999999999,61286.700000000004
3775,M18634,M,302.4,311.1,1480,45.7,200,0,0,0,0,0,0,8.700000000000045,67636.0,9140.0,62220.00000000001
3776,H33189,H,302.5,311.1,1850,23.3,203,0,0,0,0,0,0,8.600000000000023,43105.0,4729.900000000001,63153.3
3777,L50956,L,302.5,311.1,1538,36.8,208,0,0,0,0,0,0,8.600000000000023,56598.399999999994,7654.4,64708.8
3778,M18637,M,302.4,311.1,1721,30.1,210,0,0,0,0,0,0,8.700000000000045,51802.100000000006,6321.0,65331.00000000001
3779,M18638,M,302.4,311.1,1366,54.4,0,0,0,0,0,0,0,8.700000000000045,74310.4,0.0,0.0
3780,L50959,L,302.3,311.0,1657,31.1,3,0,0,0,0,0,0,8.699999999999989,51532.700000000004,93.30000000000001,933.0
3781,L50960,L,302.4,311.1,1446,42.9,5,0,0,0,0,0,0,8.700000000000045,62033.4,214.5,1555.5
3782,L50961,L,302.3,310.8,1465,43.8,7,0,0,0,0,0,0,8.5,64166.99999999999,306.59999999999997,2175.6
3783,L50962,L,302.2,310.8,1827,23.8,9,0,0,0,0,0,0,8.600000000000023,43482.6,214.20000000000002,2797.2000000000003
3784,H33197,H,302.2,310.8,1397,47.6,11,0,0,0,0,0,0,8.600000000000023,66497.2,523.6,3418.8
3785,L50964,L,302.2,310.8,1744,29.7,16,0,0,0,0,0,0,8.600000000000023,51796.799999999996,475.2,4972.8
3786,L50965,L,302.3,310.9,1545,36.7,18,0,0,0,0,0,0,8.599999999999966,56701.50000000001,660.6,5596.2
3787,L50966,L,302.3,310.9,1587,36.6,20,0,0,0,0,0,0,8.599999999999966,58084.200000000004,732.0,6218.0
3788,L50967,L,302.3,310.8,1377,47.3,22,1,0,1,0,0,0,8.5,65132.1,1040.6,6837.6
3789,L50968,L,302.3,310.8,1511,48.1,24,0,0,0,0,0,0,8.5,72679.1,1154.4,7459.200000000001
3790,L50969,L,302.3,310.8,1650,32.4,26,0,0,0,0,0,0,8.5,53460.0,842.4,8080.8
3791,L50970,L,302.3,310.9,1412,48.9,28,0,0,0,0,0,0,8.599999999999966,69046.8,1369.2,8705.199999999999
3792,L50971,L,302.3,311.0,1528,43.1,30,0,0,0,0,0,0,8.699999999999989,65856.8,1293.0,9330.0
3793,L50972,L,302.3,310.9,1459,35.0,32,0,0,0,0,0,0,8.599999999999966,51065.0,1120.0,9948.8
3794,L50973,L,302.3,310.9,1379,49.3,34,1,0,1,0,0,0,8.599999999999966,67984.7,1676.1999999999998,10570.599999999999
3795,M18654,M,302.2,310.8,1356,48.3,36,0,0,0,0,0,0,8.600000000000023,65494.799999999996,1738.8,11188.800000000001
3796,M18655,M,302.1,310.8,1409,41.3,39,0,0,0,0,0,0,8.699999999999989,58191.7,1610.6999999999998,12121.2
3797,M18656,M,302.1,310.8,1504,37.5,42,0,0,0,0,0,0,8.699999999999989,56400.0,1575.0,13053.6
3798,L50977,L,302.1,310.8,1622,36.8,45,0,0,0,0,0,0,8.699999999999989,59689.6,1655.9999999999998,13986.0
3799,L50978,L,302.1,310.8,1786,25.7,47,0,0,0,0,0,0,8.699999999999989,45900.2,1207.8999999999999,14607.6
3800,L50979,L,302.2,310.9,1506,34.0,49,0,0,0,0,0,0,8.699999999999989,51204.0,1666.0,15234.099999999999
3801,M18660,M,302.1,310.9,1916,23.1,51,0,0,0,0,0,0,8.799999999999955,44259.600000000006,1178.1000000000001,15855.9
3802,M18661,M,302.2,310.9,1771,27.6,54,0,0,0,0,0,0,8.699999999999989,48879.600000000006,1490.4,16788.6
3803,M18662,M,302.2,310.9,1488,44.2,57,0,0,0,0,0,0,8.699999999999989,65769.6,2519.4,17721.3
3804,L50983,L,302.2,310.9,1531,37.5,60,0,0,0,0,0,0,8.699999999999989,57412.5,2250.0,18654.0
3805,L50984,L,302.3,310.9,1529,33.4,62,0,0,0,0,0,0,8.599999999999966,51068.6,2070.7999999999997,19275.8
3806,M18665,M,302.4,311.0,1580,36.5,64,0,0,0,0,0,0,8.600000000000023,57670.0,2336.0,19904.0
3807,M18666,M,302.3,310.9,1360,44.0,67,1,0,1,0,0,0,8.599999999999966,59840.0,2948.0,20830.3
3808,M18667,M,302.3,311.0,1546,35.5,70,0,0,0,0,0,0,8.699999999999989,54883.0,2485.0,21770.0
3809,M18668,M,302.3,310.9,1762,24.5,73,0,0,0,0,0,0,8.599999999999966,43169.0,1788.5,22695.699999999997
3810,L50989,L,302.2,310.8,1350,56.6,76,0,0,0,0,0,0,8.600000000000023,76410.0,4301.6,23620.8
3811,M18670,M,302.2,310.8,1562,38.1,78,0,0,0,0,0,0,8.600000000000023,59512.200000000004,2971.8,24242.4
3812,M18671,M,302.1,310.7,1608,30.3,81,0,0,0,0,0,0,8.599999999999966,48722.4,2454.3,25166.7
3813,L50992,L,302.0,310.6,1392,50.0,84,0,0,0,0,0,0,8.600000000000023,69600.0,4200.0,26090.4
3814,L50993,L,302.0,310.6,1467,44.9,86,0,0,0,0,0,0,8.600000000000023,65868.3,3861.4,26711.600000000002
3815,M18674,M,302.1,310.6,1326,59.1,88,1,0,1,0,0,0,8.5,78366.6,5200.8,27332.800000000003
3816,L50995,L,302.2,310.7,1769,24.9,91,0,0,0,0,0,0,8.5,44048.1,2265.9,28273.7
3817,L50996,L,302.1,310.6,1459,47.6,93,0,0,0,0,0,0,8.5,69448.40000000001,4426.8,28885.800000000003
3818,M18677,M,302.1,310.6,1421,52.0,95,0,0,0,0,0,0,8.5,73892.0,4940.0,29507.000000000004
3819,L50998,L,302.1,310.7,1491,42.8,98,0,0,0,0,0,0,8.599999999999966,63814.799999999996,4194.4,30448.6
3820,L50999,L,302.2,310.7,1567,36.4,100,0,0,0,0,0,0,8.5,57038.799999999996,3640.0,31070.0
3821,L51000,L,302.3,310.8,1421,41.4,102,0,0,0,0,0,0,8.5,58829.4,4222.8,31701.600000000002
3822,L51001,L,302.3,310.9,1596,33.5,104,0,0,0,0,0,0,8.599999999999966,53466.0,3484.0,32333.6
3823,M18682,M,302.4,311.0,1464,44.2,106,0,0,0,0,0,0,8.600000000000023,64708.8,4685.200000000001,32966.0
3824,M18683,M,302.3,310.9,1581,36.1,109,0,0,0,0,0,0,8.599999999999966,57074.100000000006,3934.9,33888.1
3825,L51004,L,302.3,310.9,1620,30.3,112,0,0,0,0,0,0,8.599999999999966,49086.0,3393.6,34820.799999999996
3826,H33239,H,302.2,310.7,1413,48.9,114,0,0,0,0,0,0,8.5,69095.7,5574.599999999999,35419.799999999996
3827,H33240,H,302.3,310.8,1438,43.8,119,0,0,0,0,0,0,8.5,62984.399999999994,5212.2,36985.200000000004
3828,M18687,M,302.4,310.9,1469,41.6,124,0,0,0,0,0,0,8.5,61110.4,5158.400000000001,38551.6
3829,M18688,M,302.3,310.8,1762,27.8,127,0,0,0,0,0,0,8.5,48983.6,3530.6,39471.6
3830,H33243,H,302.3,310.9,1366,48.4,130,1,0,1,0,0,0,8.599999999999966,66114.4,6292.0,40417.0
3831,L51010,L,302.3,310.9,1891,22.7,135,0,0,0,0,0,0,8.599999999999966,42925.7,3064.5,41971.5
3832,M18691,M,302.3,310.9,1742,29.7,137,0,0,0,0,0,0,8.599999999999966,51737.4,4068.9,42593.299999999996
3833,M18692,M,302.2,310.9,1465,43.5,140,0,0,0,0,0,0,8.699999999999989,63727.5,6090.0,43526.0
3834,M18693,M,302.3,311.0,1541,36.6,143,0,0,0,0,0,0,8.699999999999989,56400.600000000006,5233.8,44473.0
3835,M18694,M,302.3,311.1,1295,57.1,146,0,0,0,0,0,0,8.800000000000011,73944.5,8336.6,45420.600000000006
3836,M18695,M,302.3,311.1,1435,43.1,149,0,0,0,0,0,0,8.800000000000011,61848.5,6421.900000000001,46353.9
3837,L51016,L,302.4,311.2,1466,43.9,152,0,0,0,0,0,0,8.800000000000011,64357.4,6672.8,47302.4
3838,L51017,L,302.4,311.2,1450,47.9,154,0,0,0,0,0,0,8.800000000000011,69455.0,7376.599999999999,47924.799999999996
3839,L51018,L,302.4,311.1,1880,24.5,156,0,0,0,0,0,0,8.700000000000045,46060.0,3822.0,48531.600000000006
3840,M18699,M,302.3,311.0,1578,33.5,158,0,0,0,0,0,0,8.699999999999989,52863.0,5293.0,49138.0
3841,L51020,L,302.4,311.0,1610,33.1,161,0,0,0,0,0,0,8.600000000000023,53291.0,5329.1,50071.0
3842,L51021,L,302.4,311.1,1565,42.8,163,0,0,0,0,0,0,8.700000000000045,66982.0,6976.4,50709.3
3843,L51022,L,302.5,311.2,1545,40.1,165,0,0,0,0,0,0,8.699999999999989,61954.5,6616.5,51348.0
3844,L51023,L,302.5,311.2,1227,60.1,167,0,0,0,0,0,0,8.699999999999989,73742.7,10036.7,51970.4
3845,L51024,L,302.4,311.1,1484,45.9,169,0,0,0,0,0,0,8.700000000000045,68115.59999999999,7757.099999999999,52575.9
3846,L51025,L,302.3,311.0,1591,32.7,171,0,0,0,0,0,0,8.699999999999989,52025.700000000004,5591.700000000001,53181.0
3847,L51026,L,302.3,310.9,1403,47.2,173,0,0,0,0,0,0,8.599999999999966,66221.6,8165.6,53785.7
3848,M18707,M,302.3,311.0,1450,45.7,175,0,0,0,0,0,0,8.699999999999989,66265.0,7997.500000000001,54425.0
3849,L51028,L,302.3,310.9,1720,28.1,178,0,0,0,0,0,0,8.599999999999966,48332.0,5001.8,55340.2
3850,L51029,L,302.3,311.0,1561,37.2,180,0,0,0,0,0,0,8.699999999999989,58069.200000000004,6696.000000000001,55980.0
3851,M18710,M,302.3,311.0,1421,41.3,182,0,0,0,0,0,0,8.699999999999989,58687.299999999996,7516.599999999999,56602.0
3852,H33265,H,302.2,310.9,1415,48.4,185,0,0,0,0,0,0,8.699999999999989,68486.0,8954.0,57516.49999999999
3853,L51032,L,302.3,310.9,2034,19.7,190,0,0,0,0,0,0,8.599999999999966,40069.799999999996,3743.0,59070.99999999999
3854,L51033,L,302.4,311.0,1486,40.4,192,0,0,0,0,0,0,8.600000000000023,60034.4,7756.799999999999,59712.0
3855,L51034,L,302.4,311.0,1338,67.6,194,1,0,0,1,1,0,8.600000000000023,90448.79999999999,13114.4,60334.0
3856,H33269,H,302.4,311.1,1578,32.3,196,0,0,0,0,0,0,8.700000000000045,50969.399999999994,6330.799999999999,60975.600000000006
3857,M18716,M,302.4,311.2,1330,58.6,201,0,0,0,0,0,0,8.800000000000011,77938.0,11778.6,62551.2
3858,H33271,H,302.4,311.2,1506,40.8,204,0,0,0,0,0,0,8.800000000000011,61444.799999999996,8323.199999999999,63484.799999999996
3859,L51038,L,302.5,311.4,1559,37.6,209,0,0,0,0,0,0,8.899999999999977,58618.4,7858.400000000001,65082.6
3860,L51039,L,302.6,311.5,1599,37.0,211,0,0,0,0,0,0,8.899999999999977,59163.0,7807.0,65726.5
3861,L51040,L,302.6,311.5,1427,38.9,213,0,0,0,0,0,0,8.899999999999977,55510.299999999996,8285.699999999999,66349.5
3862,M18721,M,302.5,311.5,1481,41.1,215,0,0,0,0,0,0,9.0,60869.1,8836.5,66972.5
3863,H33276,H,302.5,311.5,1496,43.8,218,0,0,0,0,0,0,9.0,65524.799999999996,9548.4,67907.0
3864,L51043,L,302.5,311.4,1674,27.0,223,0,0,0,0,0,0,8.899999999999977,45198.0,6021.0,69442.2
3865,M18724,M,302.5,311.4,1629,31.7,225,0,0,0,0,0,0,8.899999999999977,51639.299999999996,7132.5,70065.0
3866,H33279,H,302.6,311.5,1629,34.4,228,1,1,0,0,0,0,8.899999999999977,56037.6,7843.2,71022.0
3867,L51046,L,302.6,311.6,1311,53.2,0,0,0,0,0,0,0,9.0,69745.2,0.0,0.0
3868,M18727,M,302.7,311.6,2709,9.7,2,1,0,0,1,0,0,8.900000000000034,26277.3,19.4,623.2
3869,M18728,M,302.7,311.7,1759,29.9,5,0,0,0,0,0,0,9.0,52594.1,149.5,1558.5
3870,L51049,L,302.7,311.7,1480,45.2,8,0,0,0,0,0,0,9.0,66896.0,361.6,2493.6
3871,L51050,L,302.7,311.8,1461,46.1,10,0,0,0,0,0,0,9.100000000000023,67352.1,461.0,3118.0
3872,M18731,M,302.7,311.8,1728,30.0,12,0,0,0,0,0,0,9.100000000000023,51840.0,360.0,3741.6000000000004
3873,L51052,L,302.7,311.9,1389,46.5,15,0,0,0,0,0,0,9.199999999999989,64588.5,697.5,4678.5
3874,L51053,L,302.6,311.8,1638,35.1,17,0,0,0,0,0,0,9.199999999999989,57493.8,596.7,5300.6
3875,L51054,L,302.6,311.7,1254,54.1,19,0,0,0,0,0,0,9.099999999999966,67841.40000000001,1027.9,5922.3
3876,L51055,L,302.6,311.8,1427,50.1,21,0,0,0,0,0,0,9.199999999999989,71492.7,1052.1000000000001,6547.8
3877,L51056,L,302.6,311.8,1627,31.8,23,0,0,0,0,0,0,9.199999999999989,51738.6,731.4,7171.400000000001
3878,H33291,H,302.6,311.7,1471,48.3,25,0,0,0,0,0,0,9.099999999999966,71049.3,1207.5,7792.5
3879,L51058,L,302.6,311.7,1773,27.1,30,0,0,0,0,0,0,9.099999999999966,48048.3,813.0,9351.0
3880,M18739,M,302.6,311.7,1430,51.7,32,0,0,0,0,0,0,9.099999999999966,73931.0,1654.4,9974.4
3881,L51060,L,302.5,311.6,1595,29.5,35,0,0,0,0,0,0,9.100000000000023,47052.5,1032.5,10906.0
3882,L51061,L,302.5,311.5,1521,44.1,37,0,0,0,0,0,0,9.0,67076.1,1631.7,11525.5
3883,L51062,L,302.5,311.6,1419,43.7,39,0,0,0,0,0,0,9.100000000000023,62010.3,1704.3000000000002,12152.400000000001
3884,M18743,M,302.4,311.4,1534,40.1,41,0,0,0,0,0,0,9.0,61513.4,1644.1000000000001,12767.4
3885,H33298,H,302.5,311.5,1626,36.0,44,0,0,0,0,0,0,9.0,58536.0,1584.0,13706.0
3886,L51065,L,302.5,311.5,1677,29.2,49,0,0,0,0,0,0,9.0,48968.4,1430.8,15263.5
3887,L51066,L,302.4,311.3,1392,50.5,51,0,0,0,0,0,0,8.900000000000034,70296.0,2575.5,15876.300000000001
3888,L51067,L,302.4,311.2,1448,50.5,53,0,0,0,0,0,0,8.800000000000011,73124.0,2676.5,16493.6
3889,L51068,L,302.3,311.2,1903,22.9,55,0,0,0,0,0,0,8.899999999999977,43578.7,1259.5,17116.0
3890,L51069,L,302.4,311.2,1404,52.0,57,0,0,0,0,0,0,8.800000000000011,73008.0,2964.0,17738.399999999998
3891,L51070,L,302.3,311.2,1386,53.5,59,0,0,0,0,0,0,8.899999999999977,74151.0,3156.5,18360.8
3892,L51071,L,302.2,311.1,1418,47.0,61,0,0,0,0,0,0,8.900000000000034,66646.0,2867.0,18977.100000000002
3893,M18752,M,302.3,311.1,1338,53.3,63,0,0,0,0,0,0,8.800000000000011,71315.4,3357.8999999999996,19599.300000000003
3894,L51073,L,302.3,311.2,1549,40.6,66,0,0,0,0,0,0,8.899999999999977,62889.4,2679.6,20539.2
3895,M18754,M,302.3,311.2,1432,42.7,68,0,0,0,0,0,0,8.899999999999977,61146.4,2903.6000000000004,21161.6
3896,M18755,M,302.3,311.2,1546,40.0,71,0,0,0,0,0,0,8.899999999999977,61840.0,2840.0,22095.2
3897,M18756,M,302.2,311.2,1627,33.2,74,0,0,0,0,0,0,9.0,54016.4,2456.8,23028.8
3898,M18757,M,302.2,311.1,1640,32.8,77,0,0,0,0,0,0,8.900000000000034,53791.99999999999,2525.6,23954.7
3899,M18758,M,302.1,311.1,1423,36.8,80,0,0,0,0,0,0,9.0,52366.399999999994,2944.0,24888.0
3900,M18759,M,302.1,311.0,1711,28.7,83,0,0,0,0,0,0,8.899999999999977,49105.7,2382.1,25813.0
3901,M18760,M,302.1,311.1,1450,51.6,86,0,0,0,0,0,0,9.0,74820.0,4437.6,26754.600000000002
3902,H33315,H,302.2,311.1,1553,34.1,89,0,0,0,0,0,0,8.900000000000034,52957.3,3034.9,27687.9
3903,L51082,L,302.2,311.1,1630,34.6,94,0,0,0,0,0,0,8.900000000000034,56398.0,3252.4,29243.4
3904,H33317,H,302.2,311.1,1476,39.6,96,0,0,0,0,0,0,8.900000000000034,58449.6,3801.6000000000004,29865.600000000002
3905,H33318,H,302.2,311.1,1426,50.6,101,0,0,0,0,0,0,8.900000000000034,72155.6,5110.6,31421.100000000002
3906,M18765,M,302.2,311.2,1561,34.9,106,0,0,0,0,0,0,9.0,54478.899999999994,3699.3999999999996,32987.2
3907,L51086,L,302.3,311.2,1297,62.5,109,0,0,0,0,0,0,8.899999999999977,81062.5,6812.5,33920.799999999996
3908,M18767,M,302.3,311.2,1842,23.9,111,0,0,0,0,0,0,8.899999999999977,44023.799999999996,2652.8999999999996,34543.2
3909,L51088,L,302.3,311.2,1633,36.4,114,0,0,0,0,0,0,8.899999999999977,59441.2,4149.599999999999,35476.799999999996
3910,H33323,H,302.3,311.3,1744,30.3,116,0,0,0,0,0,0,9.0,52843.200000000004,3514.8,36110.8
3911,L51090,L,302.4,311.4,1831,26.9,121,0,0,0,0,0,0,9.0,49253.899999999994,3254.8999999999996,37679.399999999994
3912,M18771,M,302.3,311.3,1339,50.8,123,0,0,0,0,0,0,9.0,68021.2,6248.4,38289.9
3913,L51092,L,302.4,311.4,1475,40.4,126,0,0,0,0,0,0,9.0,59590.0,5090.4,39236.399999999994
3914,M18773,M,302.4,311.4,1675,29.6,128,0,0,0,0,0,0,9.0,49580.0,3788.8,39859.2
3915,L51094,L,302.5,311.5,1493,35.1,131,0,0,0,0,0,0,9.0,52404.3,4598.1,40806.5
3916,L51095,L,302.5,311.5,1700,29.5,133,0,0,0,0,0,0,9.0,50150.0,3923.5,41429.5
3917,L51096,L,302.6,311.6,1453,37.0,135,0,0,0,0,0,0,9.0,53761.0,4995.0,42066.0
3918,L51097,L,302.6,311.7,1542,34.1,137,0,0,0,0,0,0,9.099999999999966,52582.200000000004,4671.7,42702.9
3919,M18778,M,302.5,311.5,1358,52.7,139,0,0,0,0,0,0,9.0,71566.6,7325.3,43298.5
3920,H33333,H,302.5,311.5,1655,32.3,142,0,0,0,0,0,0,9.0,53456.49999999999,4586.599999999999,44233.0
3921,L51100,L,302.6,311.5,1885,27.5,147,0,0,0,0,0,0,8.899999999999977,51837.5,4042.5,45790.5
3922,L51101,L,302.7,311.5,1494,41.4,149,0,0,0,0,0,0,8.800000000000011,61851.6,6168.599999999999,46413.5
3923,M18782,M,302.6,311.4,1757,29.5,151,0,0,0,0,0,0,8.799999999999955,51831.5,4454.5,47021.399999999994
3924,M18783,M,302.6,311.4,1718,31.2,154,0,0,0,0,0,0,8.799999999999955,53601.6,4804.8,47955.6
3925,M18784,M,302.5,311.4,1636,35.0,157,0,0,0,0,0,0,8.899999999999977,57260.0,5495.0,48889.799999999996
3926,L51105,L,302.6,311.6,1638,29.6,160,0,0,0,0,0,0,9.0,48484.8,4736.0,49856.0
3927,L51106,L,302.6,311.5,1609,36.0,162,0,0,0,0,0,0,8.899999999999977,57924.0,5832.0,50463.0
3928,H33341,H,302.7,311.5,1556,35.0,164,0,0,0,0,0,0,8.800000000000011,54460.0,5740.0,51086.0
3929,L51108,L,302.6,311.5,1442,59.8,169,1,0,0,1,0,0,8.899999999999977,86231.59999999999,10106.199999999999,52643.5
3930,M18789,M,302.7,311.6,1501,38.8,171,0,0,0,0,0,0,8.900000000000034,58238.799999999996,6634.799999999999,53283.600000000006
3931,M18790,M,302.6,311.6,2041,19.2,174,0,0,0,0,0,0,9.0,39187.2,3340.7999999999997,54218.4
3932,M18791,M,302.7,311.7,1784,25.1,177,0,0,0,0,0,0,9.0,44778.4,4442.7,55170.9
3933,L51112,L,302.6,311.6,1953,22.4,180,0,0,0,0,0,0,9.0,43747.2,4031.9999999999995,56088.00000000001
3934,L51113,L,302.6,311.6,1576,34.7,182,0,0,0,0,0,0,9.0,54687.200000000004,6315.400000000001,56711.200000000004
3935,M18794,M,302.6,311.6,1518,39.0,184,0,0,0,0,0,0,9.0,59202.0,7176.0,57334.4
3936,M18795,M,302.6,311.6,1227,68.2,187,1,0,0,0,1,0,9.0,83681.40000000001,12753.4,58269.200000000004
3937,L51116,L,302.5,311.5,1985,18.8,190,0,0,0,0,0,0,9.0,37318.0,3572.0,59185.0
3938,L51117,L,302.5,311.5,1802,26.4,192,0,0,0,0,0,0,9.0,47572.799999999996,5068.799999999999,59808.0
3939,L51118,L,302.5,311.5,1603,32.4,194,0,0,0,0,0,0,9.0,51937.2,6285.599999999999,60431.0
3940,L51119,L,302.5,311.6,1400,54.0,196,0,0,0,0,0,0,9.100000000000023,75600.0,10584.0,61073.600000000006
3941,L51120,L,302.3,311.5,1395,54.2,198,0,0,0,0,0,0,9.199999999999989,75609.0,10731.6,61677.0
3942,L51121,L,302.2,311.4,1987,19.9,200,0,0,0,0,0,0,9.199999999999989,39541.299999999996,3979.9999999999995,62279.99999999999
3943,M18802,M,302.2,311.4,1398,47.2,202,0,0,0,0,0,0,9.199999999999989,65985.6,9534.400000000001,62902.799999999996
3944,L51123,L,302.3,311.4,1333,66.7,205,1,0,0,1,1,0,9.099999999999966,88911.1,13673.5,63836.99999999999
3945,L51124,L,302.2,311.2,1381,49.4,207,0,0,0,0,0,0,9.0,68221.4,10225.8,64418.399999999994
3946,L51125,L,302.2,311.3,1570,36.1,0,0,0,0,0,0,0,9.100000000000023,56677.0,0.0,0.0
3947,M18806,M,302.2,311.3,1658,31.0,2,0,0,0,0,0,0,9.100000000000023,51398.0,62.0,622.6
3948,H33361,H,302.2,311.3,1749,29.2,5,0,0,0,0,0,0,9.100000000000023,51070.799999999996,146.0,1556.5
3949,M18808,M,302.2,311.3,1510,37.1,10,0,0,0,0,0,0,9.100000000000023,56021.0,371.0,3113.0
3950,L51129,L,302.3,311.5,1384,50.8,13,0,0,0,0,0,0,9.199999999999989,70307.2,660.4,4049.5
3951,L51130,L,302.3,311.4,1570,37.2,15,0,0,0,0,0,0,9.099999999999966,58404.00000000001,558.0,4671.0
3952,M18811,M,302.3,311.4,1571,32.7,17,0,0,0,0,0,0,9.099999999999966,51371.700000000004,555.9000000000001,5293.799999999999
3953,L51132,L,302.3,311.4,1476,37.3,20,0,0,0,0,0,0,9.099999999999966,55054.799999999996,746.0,6228.0
3954,M18813,M,302.3,311.4,1484,39.5,22,0,0,0,0,0,0,9.099999999999966,58618.0,869.0,6850.799999999999
3955,M18814,M,302.3,311.4,1909,23.2,25,0,0,0,0,0,0,9.099999999999966,44288.799999999996,580.0,7784.999999999999
3956,L51135,L,302.3,311.5,1448,49.6,28,0,0,0,0,0,0,9.199999999999989,71820.8,1388.8,8722.0
3957,M18816,M,302.3,311.4,1500,40.2,30,0,0,0,0,0,0,9.099999999999966,60300.00000000001,1206.0,9342.0
3958,L51137,L,302.2,311.4,1510,44.9,33,0,0,0,0,0,0,9.199999999999989,67799.0,1481.7,10276.199999999999
3959,L51138,L,302.2,311.3,1378,55.5,35,0,0,0,0,0,0,9.100000000000023,76479.0,1942.5,10895.5
3960,M18819,M,302.2,311.4,1538,37.4,37,0,0,0,0,0,0,9.199999999999989,57521.2,1383.8,11521.8
3961,L51140,L,302.2,311.4,1390,48.1,40,0,0,0,0,0,0,9.199999999999989,66859.0,1924.0,12456.0
3962,M18821,M,302.2,311.4,1642,32.1,42,0,0,0,0,0,0,9.199999999999989,52708.200000000004,1348.2,13078.8
3963,L51142,L,302.4,311.5,1785,24.8,45,0,0,0,0,0,0,9.100000000000023,44268.0,1116.0,14017.5
3964,H33377,H,302.3,311.5,1526,38.2,47,0,0,0,0,0,0,9.199999999999989,58293.200000000004,1795.4,14640.5
3965,M18824,M,302.3,311.6,1668,33.2,52,0,0,0,0,0,0,9.300000000000011,55377.600000000006,1726.4,16203.2
3966,L51145,L,302.3,311.5,1507,37.5,55,0,0,0,0,0,0,9.199999999999989,56512.5,2062.5,17132.5
3967,L51146,L,302.3,311.5,1530,37.8,57,0,0,0,0,0,0,9.199999999999989,57833.99999999999,2154.6,17755.5
3968,M18827,M,302.3,311.4,1479,45.6,59,0,0,0,0,0,0,9.099999999999966,67442.40000000001,2690.4,18372.6
3969,M18828,M,302.3,311.4,1418,41.3,62,0,0,0,0,0,0,9.099999999999966,58563.399999999994,2560.6,19306.8
3970,L51149,L,302.3,311.4,1504,38.7,65,0,0,0,0,0,0,9.099999999999966,58204.8,2515.5,20241.0
3971,M18830,M,302.3,311.4,1345,47.6,67,0,0,0,0,0,0,9.099999999999966,64022.0,3189.2000000000003,20863.8
3972,H33385,H,302.2,311.4,1625,35.4,70,0,0,0,0,0,0,9.199999999999989,57525.0,2478.0,21798.0
3973,L51152,L,302.3,311.4,1511,34.7,75,0,0,0,0,0,0,9.099999999999966,52431.700000000004,2602.5,23355.0
3974,L51153,L,302.3,311.4,1535,41.8,77,0,0,0,0,0,0,9.099999999999966,64162.99999999999,3218.6,23977.8
3975,L51154,L,302.4,311.5,1505,37.9,79,0,0,0,0,0,0,9.100000000000023,57039.5,2994.1,24608.5
3976,H33389,H,302.4,311.5,1540,43.7,81,0,0,0,0,0,0,9.100000000000023,67298.0,3539.7000000000003,25231.5
3977,H33390,H,302.3,311.4,1372,46.0,86,0,0,0,0,0,0,9.099999999999966,63112.0,3956.0,26780.399999999998
3978,M18837,M,302.2,311.3,1510,36.6,91,0,0,0,0,0,0,9.100000000000023,55266.0,3330.6,28328.3
3979,L51158,L,302.2,311.3,1382,46.4,94,0,0,0,0,0,0,9.100000000000023,64124.799999999996,4361.599999999999,29262.2
3980,L51159,L,302.3,311.3,1439,41.8,96,0,0,0,0,0,0,9.0,60150.2,4012.7999999999997,29884.800000000003
3981,M18840,M,302.2,311.3,1375,47.0,98,0,0,0,0,0,0,9.100000000000023,64625.0,4606.0,30507.4
3982,M18841,M,302.2,311.3,1931,21.9,101,0,0,0,0,0,0,9.100000000000023,42288.899999999994,2211.8999999999996,31441.300000000003
3983,L51162,L,302.2,311.3,1475,48.6,104,0,0,0,0,0,0,9.100000000000023,71685.0,5054.400000000001,32375.2
3984,L51163,L,302.2,311.3,1389,46.9,106,0,0,0,0,0,0,9.100000000000023,65144.1,4971.4,32997.8
3985,L51164,L,302.3,311.3,1652,32.8,108,0,0,0,0,0,0,9.0,54185.6,3542.3999999999996,33620.4
3986,L51165,L,302.3,311.2,1386,50.3,110,0,0,0,0,0,0,8.899999999999977,69715.8,5533.0,34232.0
3987,M18846,M,302.2,311.3,1577,29.8,112,0,0,0,0,0,0,9.100000000000023,46994.6,3337.6,34865.6
3988,M18847,M,302.3,311.3,1444,43.1,115,0,0,0,0,0,0,9.0,62236.4,4956.5,35799.5
3989,L51168,L,302.2,311.3,1554,40.2,118,0,0,0,0,0,0,9.100000000000023,62470.8,4743.6,36733.4
3990,L51169,L,302.2,311.3,1602,32.8,120,0,0,0,0,0,0,9.100000000000023,52545.6,3935.9999999999995,37356.0
3991,H33404,H,302.2,311.2,1692,28.2,122,0,0,0,0,0,0,9.0,47714.4,3440.4,37966.4
3992,L51171,L,302.3,311.3,1682,34.4,127,0,0,0,0,0,0,9.0,57860.799999999996,4368.8,39535.1
3993,L51172,L,302.3,311.3,1614,34.1,129,0,0,0,0,0,0,9.0,55037.4,4398.900000000001,40157.700000000004
3994,L51173,L,302.3,311.3,1324,47.8,131,0,0,0,0,0,0,9.0,63287.2,6261.799999999999,40780.3
3995,L51174,L,302.3,311.4,1434,40.3,133,0,0,0,0,0,0,9.099999999999966,57790.2,5359.9,41416.2
3996,L51175,L,302.3,311.3,1621,31.6,135,0,0,0,0,0,0,9.0,51223.600000000006,4266.0,42025.5
3997,M18856,M,302.3,311.3,1625,33.1,137,0,0,0,0,0,0,9.0,53787.5,4534.7,42648.1
3998,L51177,L,302.2,311.1,1394,53.7,140,0,0,0,0,0,0,8.900000000000034,74857.8,7518.0,43554.0
3999,L51178,L,302.1,311.0,1586,35.1,142,0,0,0,0,0,0,8.899999999999977,55668.600000000006,4984.2,44162.0
4000,L51179,L,302.0,311.0,1420,45.9,144,0,0,0,0,0,0,9.0,65178.0,6609.599999999999,44784.0
4001,L51180,L,302.1,311.2,1422,50.3,146,0,0,0,0,0,0,9.099999999999966,71526.59999999999,7343.799999999999,45435.2
4002,H33415,H,302.1,311.2,1598,37.9,148,0,0,0,0,0,0,9.099999999999966,60564.2,5609.2,46057.6
4003,L51182,L,302.1,311.2,1454,59.2,153,1,0,0,1,0,0,9.099999999999966,86076.8,9057.6,47613.6
4004,L51183,L,302.1,311.2,1519,39.3,155,0,0,0,0,0,0,9.099999999999966,59696.7,6091.5,48236.0
4005,L51184,L,302.0,311.1,1373,55.7,157,0,0,0,0,0,0,9.100000000000023,76476.1,8744.9,48842.700000000004
4006,M18865,M,302.0,311.1,1406,48.8,159,0,0,0,0,0,0,9.100000000000023,68612.8,7759.2,49464.9
4007,L51186,L,302.1,311.2,1492,45.0,162,0,0,0,0,0,0,9.099999999999966,67140.0,7290.0,50414.4
4008,L51187,L,302.1,311.2,1369,50.8,164,0,0,0,0,0,0,9.099999999999966,69545.2,8331.199999999999,51036.799999999996
4009,M18868,M,302.2,311.2,1471,41.9,166,0,0,0,0,0,0,9.0,61634.9,6955.4,51659.2
4010,L51189,L,302.2,311.2,1630,36.0,169,0,0,0,0,0,0,9.0,58680.0,6084.0,52592.799999999996
4011,M18870,M,302.1,311.1,1605,37.6,171,0,0,0,0,0,0,9.0,60348.0,6429.6,53198.100000000006
4012,L51191,L,302.2,311.1,1447,52.1,174,0,0,0,0,0,0,8.900000000000034,75388.7,9065.4,54131.4
4013,M18872,M,302.2,311.2,1360,52.8,176,0,0,0,0,0,0,9.0,71808.0,9292.8,54771.2
4014,M18873,M,302.2,311.1,1728,34.0,179,0,0,0,0,0,0,8.900000000000034,58752.0,6086.0,55686.9
4015,L51194,L,302.1,311.0,1740,30.8,182,0,0,0,0,0,0,8.899999999999977,53592.0,5605.6,56602.0
4016,L51195,L,302.1,310.9,1477,41.4,184,0,0,0,0,0,0,8.799999999999955,61147.799999999996,7617.599999999999,57205.6
4017,L51196,L,302.1,310.9,1658,30.3,186,0,0,0,0,0,0,8.799999999999955,50237.4,5635.8,57827.399999999994
4018,L51197,L,302.0,310.8,1902,23.4,188,0,0,0,0,0,0,8.800000000000011,44506.799999999996,4399.2,58430.4
4019,M18878,M,302.0,310.8,1783,23.1,190,0,0,0,0,0,0,8.800000000000011,41187.3,4389.0,59052.0
4020,M18879,M,302.0,310.9,1558,45.3,193,0,0,0,0,0,0,8.899999999999977,70577.4,8742.9,60003.7
4021,L51200,L,302.1,311.0,1351,49.5,196,0,0,0,0,0,0,8.899999999999977,66874.5,9702.0,60956.0
4022,H33435,H,302.1,310.9,1452,42.5,198,0,0,0,0,0,0,8.799999999999955,61710.0,8415.0,61558.2
4023,L51202,L,302.1,310.9,1666,30.7,203,0,0,0,0,0,0,8.799999999999955,51146.2,6232.099999999999,63112.7
4024,L51203,L,302.1,311.0,1364,50.0,205,0,0,0,0,0,0,8.899999999999977,68200.0,10250.0,63755.0
4025,M18884,M,302.1,311.0,1351,60.3,207,1,0,0,0,1,0,8.899999999999977,81465.3,12482.099999999999,64377.0
4026,H33439,H,302.1,311.0,1729,26.1,210,0,0,0,0,0,0,8.899999999999977,45126.9,5481.0,65310.0
4027,M18886,M,302.1,311.0,1574,34.1,215,0,0,0,0,0,0,8.899999999999977,53673.4,7331.5,66865.0
4028,L51207,L,302.0,311.0,1566,37.8,218,0,0,0,0,0,0,9.0,59194.799999999996,8240.4,67798.0
4029,L51208,L,302.0,310.9,1455,43.2,220,0,0,0,0,0,0,8.899999999999977,62856.00000000001,9504.0,68398.0
4030,H33443,H,302.0,310.9,1679,29.0,222,0,0,0,0,0,0,8.899999999999977,48691.0,6438.0,69019.79999999999
4031,L51210,L,302.0,310.8,2143,17.3,227,0,0,0,0,0,0,8.800000000000011,37073.9,3927.1000000000004,70551.6
4032,L51211,L,302.0,310.8,1447,42.7,229,0,0,0,0,0,0,8.800000000000011,61786.9,9778.300000000001,71173.2
4033,L51212,L,302.0,310.8,1383,50.3,231,1,0,0,0,1,0,8.800000000000011,69564.9,11619.3,71794.8
4034,L51213,L,302.1,310.8,1772,27.1,233,0,0,0,0,0,0,8.699999999999989,48021.200000000004,6314.3,72416.40000000001
4035,L51214,L,302.0,310.8,1615,29.0,235,1,1,0,0,0,0,8.800000000000011,46835.0,6815.0,73038.0
4036,L51215,L,302.0,310.8,1454,36.6,0,0,0,0,0,0,0,8.800000000000011,53216.4,0.0,0.0
4037,L51216,L,302.0,310.8,1445,49.1,2,0,0,0,0,0,0,8.800000000000011,70949.5,98.2,621.6
4038,M18897,M,302.0,310.8,1609,35.2,4,0,0,0,0,0,0,8.800000000000011,56636.8,140.8,1243.2
4039,L51218,L,302.0,310.9,1546,34.4,7,0,0,0,0,0,0,8.899999999999977,53182.399999999994,240.79999999999998,2176.2999999999997
4040,L51219,L,301.9,310.8,1567,39.3,9,0,0,0,0,0,0,8.900000000000034,61583.1,353.7,2797.2000000000003
4041,L51220,L,302.0,310.8,1767,27.4,11,0,0,0,0,0,0,8.800000000000011,48415.799999999996,301.4,3418.8
4042,L51221,L,302.0,310.9,1539,34.2,13,0,0,0,0,0,0,8.899999999999977,52633.8,444.6,4041.7
4043,L51222,L,302.0,310.9,1564,39.0,15,0,0,0,0,0,0,8.899999999999977,60996.0,585.0,4663.5
4044,M18903,M,302.0,310.8,1445,46.3,17,0,0,0,0,0,0,8.800000000000011,66903.5,787.0999999999999,5283.6
4045,M18904,M,301.9,310.9,1419,47.7,20,1,0,0,0,0,0,9.0,67686.3,954.0,6218.0
4046,M18905,M,301.8,310.9,1881,20.9,23,0,0,0,0,0,0,9.099999999999966,39312.899999999994,480.7,7150.7
4047,M18906,M,301.9,310.9,1421,46.2,26,0,0,0,0,0,0,9.0,65650.2,1201.2,8083.4
4048,L51227,L,301.9,311.0,1455,46.0,29,0,0,0,0,0,0,9.100000000000023,66930.0,1334.0,9019.0
4049,L51228,L,301.9,311.0,2691,12.1,31,1,0,0,1,0,0,9.100000000000023,32561.1,375.09999999999997,9641.0
4050,L51229,L,301.8,310.8,1505,41.2,33,0,0,0,0,0,0,9.0,62006.00000000001,1359.6000000000001,10256.4
4051,L51230,L,301.8,310.8,1456,46.6,35,0,0,0,0,0,0,9.0,67849.6,1631.0,10878.0
4052,L51231,L,301.8,310.8,1383,46.4,37,0,0,0,0,0,0,9.0,64171.2,1716.8,11499.6
4053,M18912,M,301.9,310.8,1563,39.2,39,0,0,0,0,0,0,8.900000000000034,61269.600000000006,1528.8000000000002,12121.2
4054,M18913,M,301.9,310.9,2305,16.1,42,0,0,0,0,0,0,9.0,37110.5,676.2,13057.8
4055,M18914,M,301.9,310.9,1456,43.6,45,0,0,0,0,0,0,9.0,63481.6,1962.0,13990.499999999998
4056,L51235,L,302.0,311.0,1865,22.7,48,0,0,0,0,0,0,9.0,42335.5,1089.6,14928.0
4057,L51236,L,301.9,310.9,1597,36.9,50,0,0,0,0,0,0,9.0,58929.299999999996,1845.0,15544.999999999998
4058,L51237,L,302.0,310.9,1495,38.6,52,0,0,0,0,0,0,8.899999999999977,57707.0,2007.2,16166.8
4059,M18918,M,302.0,310.9,1456,47.2,54,0,0,0,0,0,0,8.899999999999977,68723.2,2548.8,16788.6
4060,L51239,L,301.9,310.8,1465,44.3,57,0,0,0,0,0,0,8.900000000000034,64899.49999999999,2525.1,17715.600000000002
4061,M18920,M,302.0,310.9,1352,55.5,59,0,0,0,0,0,0,8.899999999999977,75036.0,3274.5,18343.1
4062,L51241,L,301.9,310.8,1906,21.7,62,0,0,0,0,0,0,8.900000000000034,41360.2,1345.3999999999999,19269.600000000002
4063,L51242,L,302.0,310.9,1446,44.0,64,0,0,0,0,0,0,8.899999999999977,63624.0,2816.0,19897.6
4064,L51243,L,302.0,310.8,1948,19.7,66,0,0,0,0,0,0,8.800000000000011,38375.6,1300.2,20512.8
4065,L51244,L,301.9,310.7,1480,47.1,68,0,0,0,0,0,0,8.800000000000011,69708.0,3202.8,21127.6
4066,M18925,M,301.9,310.7,1511,37.6,70,0,0,0,0,0,0,8.800000000000011,56813.6,2632.0,21749.0
4067,M18926,M,301.9,310.7,1472,47.0,73,0,0,0,0,0,0,8.800000000000011,69184.0,3431.0,22681.1
4068,L51247,L,301.9,310.7,1429,51.0,76,0,0,0,0,0,0,8.800000000000011,72879.0,3876.0,23613.2
4069,L51248,L,301.9,310.7,1405,48.8,78,0,0,0,0,0,0,8.800000000000011,68564.0,3806.3999999999996,24234.6
4070,M18929,M,301.9,310.7,1405,47.9,80,0,0,0,0,0,0,8.800000000000011,67299.5,3832.0,24856.0
4071,L51250,L,302.0,310.7,1348,58.1,83,0,0,0,0,0,0,8.699999999999989,78318.8,4822.3,25788.1
4072,L51251,L,301.9,310.6,1331,68.6,85,1,0,0,1,0,0,8.700000000000045,91306.59999999999,5830.999999999999,26401.000000000004
4073,L51252,L,301.9,310.6,1610,33.4,87,0,0,0,0,0,0,8.700000000000045,53774.0,2905.7999999999997,27022.2
4074,M18933,M,301.9,310.6,1412,46.5,89,0,0,0,0,0,0,8.700000000000045,65658.0,4138.5,27643.4
4075,L51254,L,302.0,310.7,1453,42.7,92,0,0,0,0,0,0,8.699999999999989,62043.100000000006,3928.4,28584.399999999998
4076,L51255,L,302.0,310.6,1583,38.9,94,0,0,0,0,0,0,8.600000000000023,61578.7,3656.6,29196.4
4077,M18936,M,302.0,310.6,1539,37.4,96,0,0,0,0,0,0,8.600000000000023,57558.6,3590.3999999999996,29817.600000000002
4078,L51257,L,302.0,310.5,1635,39.8,99,0,0,0,0,0,0,8.5,65072.99999999999,3940.2,30739.5
4079,H33492,H,302.1,310.7,1294,62.4,101,1,0,1,0,0,0,8.599999999999966,80745.59999999999,6302.4,31380.699999999997
4080,L51259,L,302.0,310.5,1978,22.0,106,0,0,0,0,0,0,8.5,43516.0,2332.0,32913.0
4081,L51260,L,302.0,310.4,1357,58.0,108,1,0,1,0,0,0,8.399999999999977,78706.0,6264.0,33523.2
4082,L51261,L,302.0,310.4,1336,58.2,110,1,0,1,0,0,0,8.399999999999977,77755.2,6402.0,34144.0
4083,L51262,L,302.0,310.4,1568,39.2,112,0,0,0,0,0,0,8.399999999999977,61465.600000000006,4390.400000000001,34764.799999999996
4084,M18943,M,302.0,310.4,1567,36.4,114,0,0,0,0,0,0,8.399999999999977,57038.799999999996,4149.599999999999,35385.6
4085,L51264,L,302.0,310.4,1611,35.6,117,0,0,0,0,0,0,8.399999999999977,57351.600000000006,4165.2,36316.799999999996
4086,H33499,H,302.0,310.5,1841,23.6,119,0,0,0,0,0,0,8.5,43447.600000000006,2808.4,36949.5
4087,L51266,L,302.0,310.5,1567,36.1,124,0,0,0,0,0,0,8.5,56568.700000000004,4476.400000000001,38502.0
4088,L51267,L,301.9,310.4,1376,54.9,126,1,0,1,0,0,0,8.5,75542.4,6917.4,39110.399999999994
4089,L51268,L,301.9,310.5,1477,42.4,128,0,0,0,0,0,0,8.600000000000023,62624.799999999996,5427.2,39744.0
4090,M18949,M,301.9,310.5,1590,40.3,130,0,0,0,0,0,0,8.600000000000023,64076.99999999999,5239.0,40365.0
4091,L51270,L,302.0,310.5,2197,15.8,133,0,0,0,0,0,0,8.5,34712.6,2101.4,41296.5
4092,M18951,M,302.0,310.4,1595,32.9,135,0,0,0,0,0,0,8.399999999999977,52475.5,4441.5,41904.0
4093,H33506,H,302.0,310.5,1812,24.4,138,0,0,0,0,0,0,8.5,44212.799999999996,3367.2,42849.0
4094,M18953,M,302.0,310.5,1573,32.1,143,0,0,0,0,0,0,8.5,50493.3,4590.3,44401.5
4095,L51274,L,302.0,310.5,1651,30.9,146,0,0,0,0,0,0,8.5,51015.899999999994,4511.4,45333.0
4096,H33509,H,302.0,310.5,1459,43.2,148,0,0,0,0,0,0,8.5,63028.8,6393.6,45954.0
4097,L51276,L,301.9,310.4,1370,51.7,153,1,0,1,0,0,0,8.5,70829.0,7910.1,47491.2
4098,L51277,L,301.9,310.4,1518,34.1,155,0,0,0,0,0,0,8.5,51763.8,5285.5,48112.0
4099,L51278,L,302.0,310.3,1648,29.6,157,0,0,0,0,0,0,8.300000000000011,48780.8,4647.2,48717.1
4100,L51279,L,302.0,310.4,1464,47.2,159,0,0,0,0,0,0,8.399999999999977,69100.8,7504.8,49353.6
4101,L51280,L,302.0,310.4,1895,23.2,161,0,0,0,0,0,0,8.399999999999977,43964.0,3735.2,49974.399999999994
4102,L51281,L,301.9,310.4,1884,23.4,163,0,0,0,0,0,0,8.5,44085.6,3814.2,50595.2
4103,L51282,L,302.0,310.4,1450,46.6,165,0,0,0,0,0,0,8.399999999999977,67570.0,7689.0,51215.99999999999
4104,L51283,L,302.0,310.4,1448,43.4,167,0,0,0,0,0,0,8.399999999999977,62843.2,7247.8,51836.799999999996
4105,L51284,L,302.1,310.5,1389,49.6,169,0,0,0,0,0,0,8.399999999999977,68894.40000000001,8382.4,52474.5
4106,L51285,L,302.0,310.6,1583,35.2,171,0,0,0,0,0,0,8.600000000000023,55721.600000000006,6019.200000000001,53112.600000000006
4107,L51286,L,301.9,310.5,1425,51.1,173,0,0,0,0,0,0,8.600000000000023,72817.5,8840.300000000001,53716.5
4108,L51287,L,302.0,310.5,1809,27.1,175,0,0,0,0,0,0,8.5,49023.9,4742.5,54337.5
4109,L51288,L,301.9,310.5,1892,21.8,177,0,0,0,0,0,0,8.600000000000023,41245.6,3858.6,54958.5
4110,M18969,M,301.9,310.6,1475,47.8,179,0,0,0,0,0,0,8.700000000000045,70505.0,8556.199999999999,55597.4
4111,L51290,L,302.0,310.6,1361,46.7,182,0,0,0,0,0,0,8.600000000000023,63558.700000000004,8499.4,56529.200000000004
4112,M18971,M,302.0,310.6,1563,41.0,184,0,0,0,0,0,0,8.600000000000023,64083.0,7544.0,57150.4
4113,H33526,H,301.9,310.5,1472,39.7,187,0,0,0,0,0,0,8.600000000000023,58438.4,7423.900000000001,58063.5
4114,L51293,L,302.0,310.6,1325,55.3,192,0,0,0,0,0,0,8.600000000000023,73272.5,10617.599999999999,59635.200000000004
4115,L51294,L,302.0,310.6,1358,53.1,194,0,0,0,0,0,0,8.600000000000023,72109.8,10301.4,60256.4
4116,H33529,H,302.0,310.6,1346,54.7,196,0,0,0,0,0,0,8.600000000000023,73626.2,10721.2,60877.600000000006
4117,M18976,M,302.0,310.5,1381,58.4,201,0,0,0,0,0,0,8.5,80650.4,11738.4,62410.5
4118,L51297,L,301.9,310.5,1340,55.7,204,1,0,0,0,1,0,8.600000000000023,74638.0,11362.800000000001,63342.0
4119,L51298,L,302.0,310.6,1366,47.7,206,0,0,0,0,0,0,8.600000000000023,65158.200000000004,9826.2,63983.600000000006
4120,L51299,L,302.1,310.7,1325,45.1,208,1,0,1,0,0,0,8.599999999999966,59757.5,9380.800000000001,64625.6
4121,M18980,M,302.1,310.7,1376,46.3,210,1,0,1,0,0,0,8.599999999999966,63708.799999999996,9723.0,65247.0
4122,M18981,M,302.1,310.7,1364,47.8,213,1,0,1,0,0,0,8.599999999999966,65199.2,10181.4,66179.09999999999
4123,L51302,L,302.2,310.6,1462,43.6,0,0,0,0,0,0,0,8.400000000000034,63743.200000000004,0.0,0.0
4124,M18983,M,302.1,310.6,1517,38.9,2,0,0,0,0,0,0,8.5,59011.299999999996,77.8,621.2
4125,L51304,L,302.1,310.6,1385,53.6,5,0,0,0,0,0,0,8.5,74236.0,268.0,1553.0
4126,L51305,L,302.1,310.6,1439,40.0,7,0,0,0,0,0,0,8.5,57560.0,280.0,2174.2000000000003
4127,M18986,M,302.0,310.6,1623,34.3,9,0,0,0,0,0,0,8.600000000000023,55668.899999999994,308.7,2795.4
4128,H33541,H,302.0,310.6,1438,43.2,12,0,0,0,0,0,0,8.600000000000023,62121.600000000006,518.4000000000001,3727.2000000000003
4129,L51308,L,301.9,310.4,1708,24.8,17,0,0,0,0,0,0,8.5,42358.4,421.6,5276.799999999999
4130,M18989,M,301.8,310.3,1666,32.7,19,0,0,0,0,0,0,8.5,54478.200000000004,621.3000000000001,5895.7
4131,L51310,L,301.9,310.4,1286,62.8,22,1,0,1,0,0,0,8.5,80760.8,1381.6,6828.799999999999
4132,L51311,L,301.9,310.3,1485,46.3,24,0,0,0,0,0,0,8.400000000000034,68755.5,1111.1999999999998,7447.200000000001
4133,M18992,M,301.8,310.3,1409,52.5,26,0,0,0,0,0,0,8.5,73972.5,1365.0,8067.8
4134,L51313,L,301.8,310.3,1765,27.3,29,0,0,0,0,0,0,8.5,48184.5,791.7,8998.7
4135,L51314,L,301.8,310.3,1688,28.8,31,0,0,0,0,0,0,8.5,48614.4,892.8000000000001,9619.300000000001
4136,M18995,M,301.7,310.3,1787,26.7,33,0,0,0,0,0,0,8.600000000000023,47712.9,881.1,10239.9
4137,L51316,L,301.7,310.1,1487,48.0,36,0,0,0,0,0,0,8.400000000000034,71376.0,1728.0,11163.6
4138,L51317,L,301.7,310.1,1384,50.5,38,0,0,0,0,0,0,8.400000000000034,69892.0,1919.0,11783.800000000001
4139,L51318,L,301.7,310.2,1311,57.4,40,1,0,1,0,0,0,8.5,75251.4,2296.0,12408.0
4140,H33553,H,301.7,310.2,1620,30.8,42,0,0,0,0,0,0,8.5,49896.0,1293.6000000000001,13028.4
4141,L51320,L,301.7,310.2,1331,61.2,47,1,0,1,0,0,0,8.5,81457.2,2876.4,14579.4
4142,H33555,H,301.7,310.1,1462,38.3,49,0,0,0,0,0,0,8.400000000000034,55994.6,1876.6999999999998,15194.900000000001
4143,L51322,L,301.7,310.1,1424,50.2,54,0,0,0,0,0,0,8.400000000000034,71484.8,2710.8,16745.4
4144,L51323,L,301.7,310.1,1500,39.6,56,0,0,0,0,0,0,8.400000000000034,59400.0,2217.6,17365.600000000002
4145,L51324,L,301.8,310.1,1738,28.0,58,0,0,0,0,0,0,8.300000000000011,48664.0,1624.0,17985.800000000003
4146,M19005,M,301.8,310.3,1465,46.5,60,0,0,0,0,0,0,8.5,68122.5,2790.0,18618.0
4147,L51326,L,301.8,310.3,1482,41.4,63,0,0,0,0,0,0,8.5,61354.799999999996,2608.2,19548.9
4148,L51327,L,301.9,310.3,1398,44.0,65,0,0,0,0,0,0,8.400000000000034,61512.0,2860.0,20169.5
4149,L51328,L,301.9,310.3,1972,21.3,67,0,0,0,0,0,0,8.400000000000034,42003.6,1427.1000000000001,20790.100000000002
4150,L51329,L,301.9,310.4,1603,37.6,69,0,0,0,0,0,0,8.5,60272.8,2594.4,21417.6
4151,L51330,L,301.9,310.4,1610,34.8,71,0,0,0,0,0,0,8.5,56027.99999999999,2470.7999999999997,22038.399999999998
4152,M19011,M,301.9,310.4,1373,48.0,73,1,0,1,0,0,0,8.5,65904.0,3504.0,22659.199999999997
4153,M19012,M,302.0,310.5,1425,44.7,76,0,0,0,0,0,0,8.5,63697.50000000001,3397.2000000000003,23598.0
4154,M19013,M,302.0,310.4,1212,55.6,79,1,0,1,0,0,0,8.399999999999977,67387.2,4392.400000000001,24521.6
4155,M19014,M,302.0,310.4,1828,26.3,82,0,0,0,0,0,0,8.399999999999977,48076.4,2156.6,25452.8
4156,L51335,L,302.0,310.5,1370,44.4,85,1,0,1,0,0,0,8.5,60828.0,3774.0,26392.5
4157,M19016,M,302.0,310.5,1823,25.1,87,0,0,0,0,0,0,8.5,45757.3,2183.7000000000003,27013.5
4158,L51337,L,302.0,310.5,1263,60.6,90,1,0,1,0,0,0,8.5,76537.8,5454.0,27945.0
4159,L51338,L,301.9,310.4,1889,21.5,92,0,0,0,0,0,0,8.5,40613.5,1978.0,28556.8
4160,M19019,M,302.0,310.5,1639,32.9,94,0,0,0,0,0,0,8.5,53923.1,3092.6,29187.0
4161,M19020,M,302.0,310.4,1608,33.1,97,0,0,0,0,0,0,8.399999999999977,53224.8,3210.7000000000003,30108.8
4162,H33575,H,301.9,310.3,1653,32.4,100,0,0,0,0,0,0,8.400000000000034,53557.2,3240.0,31030.0
4163,L51342,L,302.0,310.4,1591,29.8,105,0,0,0,0,0,0,8.399999999999977,47411.8,3129.0,32591.999999999996
4164,L51343,L,302.1,310.5,1696,30.9,107,0,0,0,0,0,0,8.399999999999977,52406.399999999994,3306.2999999999997,33223.5
4165,L51344,L,302.2,310.6,1346,47.5,109,1,0,1,0,0,0,8.400000000000034,63935.0,5177.5,33855.4
4166,M19025,M,302.2,310.5,1507,40.4,111,0,0,0,0,0,0,8.300000000000011,60882.799999999996,4484.4,34465.5
4167,H33580,H,302.3,310.6,1525,48.7,114,0,0,0,0,0,0,8.300000000000011,74267.5,5551.8,35408.4
4168,M19027,M,302.3,310.7,1559,33.9,119,0,0,0,0,0,0,8.399999999999977,52850.1,4034.1,36973.299999999996
4169,L51348,L,302.2,310.6,1632,30.5,122,0,0,0,0,0,0,8.400000000000034,49776.0,3721.0,37893.200000000004
4170,L51349,L,302.1,310.5,1559,36.0,124,0,0,0,0,0,0,8.399999999999977,56124.0,4464.0,38502.0
4171,M19030,M,302.2,310.6,1355,51.5,126,1,0,1,0,0,0,8.400000000000034,69782.5,6489.0,39135.600000000006
4172,M19031,M,302.2,310.5,1832,23.7,129,0,0,0,0,0,0,8.300000000000011,43418.4,3057.2999999999997,40054.5
4173,L51352,L,302.2,310.6,1386,50.0,132,0,0,0,0,0,0,8.400000000000034,69300.0,6600.0,40999.200000000004
4174,M19033,M,302.2,310.6,1346,49.2,134,1,0,1,0,0,0,8.400000000000034,66223.2,6592.8,41620.4
4175,L51354,L,302.3,310.7,1499,37.8,137,0,0,0,0,0,0,8.399999999999977,56662.2,5178.599999999999,42565.9
4176,L51355,L,302.3,310.7,1612,33.4,139,0,0,0,0,0,0,8.399999999999977,53840.799999999996,4642.599999999999,43187.299999999996
4177,M19036,M,302.3,310.7,1544,39.7,141,0,0,0,0,0,0,8.399999999999977,61296.8,5597.700000000001,43808.7
4178,L51357,L,302.5,310.9,1477,39.2,144,0,0,0,0,0,0,8.399999999999977,57898.4,5644.8,44769.6
4179,L51358,L,302.5,310.9,1624,34.4,146,0,0,0,0,0,0,8.399999999999977,55865.6,5022.4,45391.399999999994
4180,L51359,L,302.4,310.9,1349,46.1,148,1,0,1,0,0,0,8.5,62188.9,6822.8,46013.2
4181,L51360,L,302.4,310.8,1686,28.8,150,0,0,0,0,0,0,8.400000000000034,48556.8,4320.0,46620.0
4182,M19041,M,302.4,310.7,1521,40.4,152,0,0,0,0,0,0,8.300000000000011,61448.4,6140.8,47226.4
4183,L51362,L,302.4,310.7,1362,54.8,155,1,0,1,0,0,0,8.300000000000011,74637.59999999999,8494.0,48158.5
4184,L51363,L,302.3,310.7,1402,50.9,157,0,0,0,0,0,0,8.399999999999977,71361.8,7991.3,48779.9
4185,L51364,L,302.2,310.6,1334,53.2,159,1,0,1,0,0,0,8.400000000000034,70968.8,8458.800000000001,49385.4
4186,L51365,L,302.2,310.6,1348,48.4,161,1,0,1,0,0,0,8.400000000000034,65243.2,7792.4,50006.600000000006
4187,M19046,M,302.2,310.6,1570,34.6,163,0,0,0,0,0,0,8.400000000000034,54322.0,5639.8,50627.8
4188,M19047,M,302.2,310.7,1601,33.0,166,0,0,0,0,0,0,8.5,52833.0,5478.0,51576.2
4189,M19048,M,302.3,310.8,1611,31.8,169,0,0,0,0,0,0,8.5,51229.8,5374.2,52525.200000000004
4190,L51369,L,302.4,310.9,1560,31.8,172,0,0,0,0,0,0,8.5,49608.0,5469.6,53474.799999999996
4191,H33604,H,302.4,310.9,1444,40.7,174,0,0,0,0,0,0,8.5,58770.8,7081.8,54096.6
4192,L51371,L,302.4,311.0,1317,59.4,179,0,0,0,0,0,0,8.600000000000023,78229.8,10632.6,55669.0
4193,M19052,M,302.5,311.0,1463,43.1,181,0,0,0,0,0,0,8.5,63055.3,7801.1,56291.0
4194,L51373,L,302.4,311.1,1634,34.2,184,0,0,0,0,0,0,8.700000000000045,55882.8,6292.8,57242.4
4195,L51374,L,302.4,311.0,1423,46.2,186,0,0,0,0,0,0,8.600000000000023,65742.6,8593.2,57846.0
4196,L51375,L,302.5,311.0,1548,38.4,188,0,0,0,0,0,0,8.5,59443.2,7219.2,58468.0
4197,M19056,M,302.5,311.0,1563,35.6,190,0,0,0,0,0,0,8.5,55642.8,6764.0,59090.0
4198,L51377,L,302.4,311.0,1573,36.5,193,0,0,0,0,0,0,8.600000000000023,57414.5,7044.5,60023.0
4199,M19058,M,302.4,311.1,1432,44.5,195,0,0,0,0,0,0,8.700000000000045,63724.0,8677.5,60664.50000000001
4200,M19059,M,302.5,311.1,1638,32.0,198,0,0,0,0,0,0,8.600000000000023,52416.0,6336.0,61597.8
4201,L51380,L,302.5,311.1,1571,34.2,201,0,0,0,0,0,0,8.600000000000023,53728.200000000004,6874.200000000001,62531.100000000006
4202,L51381,L,302.4,311.0,2211,15.4,203,0,0,0,0,0,0,8.600000000000023,34049.4,3126.2000000000003,63133.0
4203,L51382,L,302.4,311.0,1555,40.6,205,0,0,0,0,0,0,8.600000000000023,63133.0,8323.0,63755.0
4204,M19063,M,302.3,310.9,1558,31.9,207,0,0,0,0,0,0,8.599999999999966,49700.2,6603.299999999999,64356.299999999996
4205,M19064,M,302.3,310.9,1523,43.2,210,0,0,0,0,0,0,8.599999999999966,65793.6,9072.0,65288.99999999999
4206,L51385,L,302.3,310.8,1723,26.3,213,0,0,0,0,0,0,8.5,45314.9,5601.900000000001,66200.40000000001
4207,M19066,M,302.3,310.8,1721,28.4,215,0,0,0,0,0,0,8.5,48876.399999999994,6106.0,66822.0
4208,M19067,M,302.3,310.9,1710,30.4,218,1,1,0,0,0,0,8.599999999999966,51984.0,6627.2,67776.2
4209,M19068,M,302.3,310.9,1627,32.3,0,0,0,0,0,0,0,8.599999999999966,52552.1,0.0,0.0
4210,M19069,M,302.2,310.8,1422,47.0,3,0,0,0,0,0,0,8.600000000000023,66834.0,141.0,932.4000000000001
4211,L51390,L,302.1,310.8,1565,35.3,6,0,0,0,0,0,0,8.699999999999989,55244.49999999999,211.79999999999998,1864.8000000000002
4212,L51391,L,302.1,310.7,1314,52.8,8,1,0,1,0,0,0,8.599999999999966,69379.2,422.4,2485.6
4213,M19072,M,302.0,310.6,1392,60.5,10,0,0,0,0,0,0,8.600000000000023,84216.0,605.0,3106.0
4214,L51393,L,302.1,310.7,1465,40.7,13,0,0,0,0,0,0,8.599999999999966,59625.50000000001,529.1,4039.1
4215,L51394,L,301.9,310.6,1573,36.6,15,0,0,0,0,0,0,8.700000000000045,57571.8,549.0,4659.0
4216,M19075,M,302.0,310.7,2157,17.8,17,0,0,0,0,0,0,8.699999999999989,38394.6,302.6,5281.9
4217,L51396,L,301.9,310.7,1370,50.3,20,0,0,0,0,0,0,8.800000000000011,68911.0,1006.0,6214.0
4218,L51397,L,301.9,310.6,1462,38.8,22,0,0,0,0,0,0,8.700000000000045,56725.6,853.5999999999999,6833.200000000001
4219,M19078,M,302.0,310.6,1479,40.5,24,0,0,0,0,0,0,8.600000000000023,59899.5,972.0,7454.400000000001
4220,L51399,L,301.9,310.7,1717,26.8,27,0,0,0,0,0,0,8.800000000000011,46015.6,723.6,8388.9
4221,M19080,M,301.9,310.6,1260,65.9,29,0,0,0,0,0,0,8.700000000000045,83034.0,1911.1000000000001,9007.400000000001
4222,L51401,L,301.9,310.6,1467,39.3,32,0,0,0,0,0,0,8.700000000000045,57653.1,1257.6,9939.2
4223,M19082,M,302.0,310.6,1535,38.6,34,0,0,0,0,0,0,8.600000000000023,59251.0,1312.4,10560.400000000001
4224,L51403,L,302.0,310.7,1657,31.9,37,0,0,0,0,0,0,8.699999999999989,52858.299999999996,1180.3,11495.9
4225,L51404,L,302.0,310.7,1698,28.1,39,0,0,0,0,0,0,8.699999999999989,47713.8,1095.9,12117.3
4226,L51405,L,302.1,310.7,1359,49.3,41,1,0,1,0,0,0,8.599999999999966,66998.7,2021.3,12738.699999999999
4227,L51406,L,302.1,310.8,1596,37.1,43,0,0,0,0,0,0,8.699999999999989,59211.600000000006,1595.3,13364.4
4228,L51407,L,302.2,310.8,1383,46.9,45,0,0,0,0,0,0,8.600000000000023,64862.7,2110.5,13986.0
4229,L51408,L,302.2,310.8,2203,16.6,47,0,0,0,0,0,0,8.600000000000023,36569.8,780.2,14607.6
4230,M19089,M,302.2,310.8,1408,46.8,49,0,0,0,0,0,0,8.600000000000023,65894.4,2293.2,15229.2
4231,L51410,L,302.2,310.8,1673,32.9,52,0,0,0,0,0,0,8.600000000000023,55041.7,1710.8,16161.6
4232,L51411,L,302.2,310.8,1340,47.8,54,0,0,0,0,0,0,8.600000000000023,64051.99999999999,2581.2,16783.2
4233,L51412,L,302.2,310.9,1452,42.3,56,0,0,0,0,0,0,8.699999999999989,61419.6,2368.7999999999997,17410.399999999998
4234,M19093,M,302.2,310.9,1302,53.4,58,0,0,0,0,0,0,8.699999999999989,69526.8,3097.2,18032.199999999997
4235,H33648,H,302.2,310.9,1522,35.9,61,0,0,0,0,0,0,8.699999999999989,54639.799999999996,2189.9,18964.899999999998
4236,L51415,L,302.2,310.8,1438,41.4,66,0,0,0,0,0,0,8.600000000000023,59533.2,2732.4,20512.8
4237,L51416,L,302.2,310.9,1604,40.5,68,0,0,0,0,0,0,8.699999999999989,64962.0,2754.0,21141.199999999997
4238,L51417,L,302.2,311.0,1832,23.2,70,0,0,0,0,0,0,8.800000000000011,42502.4,1624.0,21770.0
4239,M19098,M,302.3,311.0,1521,34.8,72,0,0,0,0,0,0,8.699999999999989,52930.799999999996,2505.6,22392.0
4240,L51419,L,302.3,311.0,1446,37.6,75,0,0,0,0,0,0,8.699999999999989,54369.6,2820.0,23325.0
4241,L51420,L,302.4,311.1,1905,20.9,77,0,0,0,0,0,0,8.700000000000045,39814.5,1609.3,23954.7
4242,L51421,L,302.4,311.0,1475,47.9,79,0,0,0,0,0,0,8.600000000000023,70652.5,3784.1,24569.0
4243,L51422,L,302.4,311.0,1462,48.5,81,0,0,0,0,0,0,8.600000000000023,70907.0,3928.5,25191.0
4244,M19103,M,302.4,310.9,1435,42.3,83,0,0,0,0,0,0,8.5,60700.49999999999,3510.8999999999996,25804.699999999997
4245,L51424,L,302.4,310.9,1469,39.6,86,0,0,0,0,0,0,8.5,58172.4,3405.6,26737.399999999998
4246,M19105,M,302.6,311.1,1520,43.0,88,0,0,0,0,0,0,8.5,65360.0,3784.0,27376.800000000003
4247,L51426,L,302.6,311.0,1537,35.5,91,0,0,0,0,0,0,8.399999999999977,54563.5,3230.5,28301.0
4248,L51427,L,302.6,311.0,1369,60.0,93,1,0,1,0,0,0,8.399999999999977,82140.0,5580.0,28923.0
4249,L51428,L,302.6,311.0,1506,37.2,95,0,0,0,0,0,0,8.399999999999977,56023.200000000004,3534.0000000000005,29545.0
4250,L51429,L,302.5,310.9,1330,56.9,97,1,0,1,0,0,0,8.399999999999977,75677.0,5519.3,30157.3
4251,L51430,L,302.6,311.0,1660,38.0,99,0,0,0,0,0,0,8.399999999999977,63080.0,3762.0,30789.0
4252,H33665,H,302.5,310.9,1356,55.5,101,1,0,1,0,0,0,8.399999999999977,75258.0,5605.5,31400.899999999998
4253,H33666,H,302.6,311.0,1438,51.0,106,0,0,0,0,0,0,8.399999999999977,73338.0,5406.0,32966.0
4254,M19113,M,302.6,311.0,1329,48.6,111,1,0,1,0,0,0,8.399999999999977,64589.4,5394.6,34521.0
4255,L51434,L,302.6,311.0,1284,68.0,114,1,0,1,1,0,0,8.399999999999977,87312.0,7752.0,35454.0
4256,M19115,M,302.5,311.0,1387,52.1,116,0,0,0,0,0,0,8.5,72262.7,6043.6,36076.0
4257,M19116,M,302.6,311.0,1591,33.9,119,0,0,0,0,0,0,8.399999999999977,53934.899999999994,4034.1,37009.0
4258,M19117,M,302.6,311.0,1589,39.0,122,0,0,0,0,0,0,8.399999999999977,61971.0,4758.0,37942.0
4259,M19118,M,302.7,311.1,1297,60.7,125,1,0,1,0,0,0,8.400000000000034,78727.90000000001,7587.5,38887.5
4260,L51439,L,302.7,311.2,1545,35.1,128,0,0,0,0,0,0,8.5,54229.5,4492.8,39833.6
4261,H33674,H,302.7,311.1,1418,43.4,130,0,0,0,0,0,0,8.400000000000034,61541.2,5642.0,40443.0
4262,L51441,L,302.7,311.1,1730,28.1,135,0,0,0,0,0,0,8.400000000000034,48613.0,3793.5,41998.5
4263,L51442,L,302.6,311.0,2001,20.7,137,0,0,0,0,0,0,8.399999999999977,41420.7,2835.9,42607.0
4264,L51443,L,302.6,311.0,1620,36.2,139,0,0,0,0,0,0,8.399999999999977,58644.00000000001,5031.8,43229.0
4265,M19124,M,302.6,311.0,1542,39.7,141,0,0,0,0,0,0,8.399999999999977,61217.4,5597.700000000001,43851.0
4266,L51445,L,302.6,311.0,1424,38.0,144,0,0,0,0,0,0,8.399999999999977,54112.0,5472.0,44784.0
4267,L51446,L,302.7,311.1,1440,39.5,146,0,0,0,0,0,0,8.400000000000034,56880.0,5767.0,45420.600000000006
4268,L51447,L,302.6,311.0,1520,42.8,148,0,0,0,0,0,0,8.399999999999977,65055.99999999999,6334.4,46028.0
4269,L51448,L,302.7,311.0,1694,29.8,150,0,0,0,0,0,0,8.300000000000011,50481.200000000004,4470.0,46650.0
4270,L51449,L,302.6,311.0,1610,39.2,152,0,0,0,0,0,0,8.399999999999977,63112.00000000001,5958.400000000001,47272.0
4271,L51450,L,302.6,310.9,1331,52.0,154,1,0,1,0,0,0,8.299999999999955,69212.0,8008.0,47878.6
4272,L51451,L,302.6,310.8,1470,41.2,156,0,0,0,0,0,0,8.199999999999989,60564.00000000001,6427.200000000001,48484.8
4273,L51452,L,302.5,310.8,1577,36.9,158,0,0,0,0,0,0,8.300000000000011,58191.299999999996,5830.2,49106.4
4274,L51453,L,302.6,310.8,1486,36.4,160,0,0,0,0,0,0,8.199999999999989,54090.4,5824.0,49728.0
4275,L51454,L,302.4,310.6,1445,40.3,162,0,0,0,0,0,0,8.200000000000045,58233.49999999999,6528.599999999999,50317.200000000004
4276,M19135,M,302.4,310.5,1500,36.7,164,0,0,0,0,0,0,8.100000000000023,55050.00000000001,6018.8,50922.0
4277,M19136,M,302.2,310.4,1456,47.5,167,0,0,0,0,0,0,8.199999999999989,69160.0,7932.5,51836.799999999996
4278,L51457,L,302.2,310.4,1743,28.1,170,0,0,0,0,0,0,8.199999999999989,48978.3,4777.0,52767.99999999999
4279,L51458,L,302.0,310.1,1409,50.4,172,0,0,0,0,0,0,8.100000000000023,71013.59999999999,8668.8,53337.200000000004
4280,L51459,L,302.0,310.1,1361,45.4,174,1,0,1,0,0,0,8.100000000000023,61789.4,7899.599999999999,53957.4
4281,L51460,L,302.1,310.1,1753,28.9,176,0,0,0,0,0,0,8.0,50661.7,5086.4,54577.600000000006
4282,L51461,L,302.0,310.0,1832,22.9,178,0,0,0,0,0,0,8.0,41952.799999999996,4076.2,55180.0
4283,L51462,L,301.9,309.9,1374,48.5,180,1,0,1,0,0,0,8.0,66639.0,8730.0,55781.99999999999
4284,M19143,M,301.8,309.9,1334,61.0,182,1,0,1,0,0,0,8.099999999999966,81374.0,11102.0,56401.799999999996
4285,L51464,L,301.8,310.0,1493,40.3,185,0,0,0,0,0,0,8.199999999999989,60167.899999999994,7455.499999999999,57350.0
4286,L51465,L,301.7,309.9,1317,49.0,187,1,0,1,0,0,0,8.199999999999989,64533.0,9163.0,57951.299999999996
4287,M19146,M,301.7,309.9,1434,47.9,189,0,0,0,0,0,0,8.199999999999989,68688.59999999999,9053.1,58571.1
4288,M19147,M,301.7,309.9,1457,39.2,192,0,0,0,0,0,0,8.199999999999989,57114.4,7526.400000000001,59500.799999999996
4289,M19148,M,301.7,310.0,1391,50.6,195,0,0,0,0,0,0,8.300000000000011,70384.6,9867.0,60450.0
4290,M19149,M,301.8,310.0,1781,23.9,198,0,0,0,0,0,0,8.199999999999989,42565.899999999994,4732.2,61380.0
4291,L51470,L,301.8,310.0,1642,32.6,201,0,0,0,0,0,0,8.199999999999989,53529.200000000004,6552.6,62310.0
4292,L51471,L,301.8,310.0,2032,19.0,203,0,0,0,0,0,0,8.199999999999989,38608.0,3857.0,62930.0
4293,M19152,M,301.8,310.1,2372,13.9,205,1,0,0,1,0,0,8.300000000000011,32970.8,2849.5,63570.50000000001
4294,L51473,L,301.8,310.0,1393,44.9,208,0,0,0,0,0,0,8.199999999999989,62545.7,9339.199999999999,64480.0
4295,M19154,M,301.7,310.1,1743,27.3,210,0,0,0,0,0,0,8.400000000000034,47583.9,5733.0,65121.00000000001
4296,L51475,L,301.8,310.2,1457,40.4,213,0,0,0,0,0,0,8.399999999999977,58862.799999999996,8605.199999999999,66072.59999999999
4297,L51476,L,301.8,310.2,2825,5.8,215,1,0,0,1,0,0,8.399999999999977,16385.0,1247.0,66693.0
4298,M19157,M,301.8,310.2,1609,34.2,217,0,0,0,0,0,0,8.399999999999977,55027.8,7421.400000000001,67313.4
4299,M19158,M,301.8,310.2,1437,42.3,0,0,0,0,0,0,0,8.399999999999977,60785.1,0.0,0.0
4300,L51479,L,301.7,310.1,1402,50.1,3,0,0,0,0,0,0,8.400000000000034,70240.2,150.3,930.3000000000001
4301,M19160,M,301.7,310.1,1644,34.6,5,0,0,0,0,0,0,8.400000000000034,56882.4,173.0,1550.5
4302,L51481,L,301.7,310.2,1471,51.1,8,0,0,0,0,0,0,8.5,75168.1,408.8,2481.6
4303,L51482,L,301.7,310.1,2695,12.6,10,0,0,0,0,0,0,8.400000000000034,33957.0,126.0,3101.0
4304,L51483,L,301.7,310.2,1435,48.1,12,0,0,0,0,0,0,8.5,69023.5,577.2,3722.3999999999996
4305,L51484,L,301.6,310.1,1694,26.3,14,0,0,0,0,0,0,8.5,44552.200000000004,368.2,4341.400000000001
4306,L51485,L,301.6,310.1,1687,26.6,16,0,0,0,0,0,0,8.5,44874.200000000004,425.6,4961.6
4307,L51486,L,301.6,310.0,1869,22.9,18,0,0,0,0,0,0,8.399999999999977,42800.1,412.2,5580.0
4308,L51487,L,301.4,309.9,1259,63.9,20,1,0,1,0,0,0,8.5,80450.09999999999,1278.0,6198.0
4309,H33722,H,301.4,309.9,1460,47.2,22,0,0,0,0,0,0,8.5,68912.0,1038.4,6817.799999999999
4310,M19169,M,301.3,309.9,1501,39.5,27,0,0,0,0,0,0,8.599999999999966,59289.5,1066.5,8367.3
4311,L51490,L,301.4,310.0,1776,25.6,30,0,0,0,0,0,0,8.600000000000023,45465.600000000006,768.0,9300.0
4312,M19171,M,301.5,310.1,1468,40.8,32,0,0,0,0,0,0,8.600000000000023,59894.399999999994,1305.6,9923.2
4313,L51492,L,301.5,310.1,1430,46.5,35,0,0,0,0,0,0,8.600000000000023,66495.0,1627.5,10853.5
4314,L51493,L,301.4,310.1,1502,46.6,37,0,0,0,0,0,0,8.700000000000045,69993.2,1724.2,11473.7
4315,H33728,H,301.4,310.1,1623,32.3,39,0,0,0,0,0,0,8.700000000000045,52422.899999999994,1259.6999999999998,12093.900000000001
4316,M19175,M,301.4,310.0,1651,29.8,44,0,0,0,0,0,0,8.600000000000023,49199.8,1311.2,13640.0
4317,L51496,L,301.5,310.1,1639,33.4,47,0,0,0,0,0,0,8.600000000000023,54742.6,1569.8,14574.7
4318,M19177,M,301.5,310.0,1417,44.6,49,0,0,0,0,0,0,8.5,63198.200000000004,2185.4,15190.0
4319,L51498,L,301.5,310.1,1541,42.2,52,0,0,0,0,0,0,8.600000000000023,65030.200000000004,2194.4,16125.2
4320,M19179,M,301.6,310.2,1411,45.1,54,0,0,0,0,0,0,8.599999999999966,63636.1,2435.4,16750.8
4321,L51500,L,301.7,310.3,1397,44.6,57,0,0,0,0,0,0,8.600000000000023,62306.200000000004,2542.2000000000003,17687.100000000002
4322,L51501,L,301.7,310.2,1686,28.9,59,0,0,0,0,0,0,8.5,48725.399999999994,1705.1,18301.8
4323,M19182,M,301.7,310.1,1431,44.0,61,0,0,0,0,0,0,8.400000000000034,62964.0,2684.0,18916.100000000002
4324,L51503,L,301.8,310.3,1341,50.5,64,1,0,1,0,0,0,8.5,67720.5,3232.0,19859.2
4325,L51504,L,301.7,310.2,1486,43.0,66,0,0,0,0,0,0,8.5,63898.0,2838.0,20473.2
4326,L51505,L,301.6,310.2,1384,57.1,68,0,0,0,0,0,0,8.599999999999966,79026.40000000001,3882.8,21093.6
4327,L51506,L,301.6,310.1,1362,55.8,70,1,0,1,0,0,0,8.5,75999.59999999999,3906.0,21707.0
4328,H33741,H,301.7,310.1,1660,29.3,72,0,0,0,0,0,0,8.400000000000034,48638.0,2109.6,22327.2
4329,L51508,L,301.6,310.1,1326,48.2,77,1,0,1,0,0,0,8.5,63913.200000000004,3711.4,23877.7
4330,L51509,L,301.6,310.0,1566,30.3,79,0,0,0,0,0,0,8.399999999999977,47449.8,2393.7000000000003,24490.0
4331,L51510,L,301.5,309.8,1549,38.5,81,0,0,0,0,0,0,8.300000000000011,59636.5,3118.5,25093.8
4332,M19191,M,301.6,309.9,1746,31.1,83,0,0,0,0,0,0,8.299999999999955,54300.600000000006,2581.3,25721.699999999997
4333,M19192,M,301.7,309.9,1452,41.5,86,0,0,0,0,0,0,8.199999999999989,60258.0,3569.0,26651.399999999998
4334,L51513,L,301.6,309.8,1588,33.9,89,0,0,0,0,0,0,8.199999999999989,53833.2,3017.1,27572.2
4335,L51514,L,301.6,309.8,1472,42.5,91,0,0,0,0,0,0,8.199999999999989,62560.0,3867.5,28191.8
4336,L51515,L,301.7,309.9,1607,37.7,93,0,0,0,0,0,0,8.199999999999989,60583.9,3506.1000000000004,28820.699999999997
4337,H33750,H,301.6,309.9,1423,53.6,95,0,0,0,0,0,0,8.299999999999955,76272.8,5092.0,29440.499999999996
4338,L51517,L,301.6,309.9,1440,43.4,100,0,0,0,0,0,0,8.299999999999955,62496.0,4340.0,30989.999999999996
4339,L51518,L,301.6,309.9,1397,43.7,102,0,0,0,0,0,0,8.299999999999955,61048.9,4457.400000000001,31609.8
4340,L51519,L,301.7,309.9,1524,46.6,104,0,0,0,0,0,0,8.199999999999989,71018.40000000001,4846.400000000001,32229.6
4341,M19200,M,301.7,309.9,1533,40.9,106,0,0,0,0,0,0,8.199999999999989,62699.7,4335.4,32849.399999999994
4342,L51521,L,301.7,309.8,1398,46.0,109,0,0,0,0,0,0,8.100000000000023,64308.0,5014.0,33768.200000000004
4343,M19202,M,301.7,309.8,1284,68.2,111,1,0,1,1,0,0,8.100000000000023,87568.8,7570.200000000001,34387.8
4344,L51523,L,301.7,309.8,1491,39.3,114,0,0,0,0,0,0,8.100000000000023,58596.299999999996,4480.2,35317.200000000004
4345,H33758,H,301.8,309.9,1418,51.3,116,0,0,0,0,0,0,8.099999999999966,72743.4,5950.799999999999,35948.399999999994
4346,M19205,M,301.8,309.8,1546,39.8,121,0,0,0,0,0,0,8.0,61530.799999999996,4815.799999999999,37485.8
4347,L51526,L,301.8,309.7,1598,30.4,124,0,0,0,0,0,0,7.899999999999977,48579.2,3769.6,38402.799999999996
4348,H33761,H,301.9,309.8,1724,27.5,126,0,0,0,0,0,0,7.900000000000034,47410.0,3465.0,39034.8
4349,L51528,L,301.9,309.8,1507,44.7,131,0,0,0,0,0,0,7.900000000000034,67362.90000000001,5855.700000000001,40583.8
4350,L51529,L,301.9,309.7,1595,31.4,133,0,0,0,0,0,0,7.800000000000011,50083.0,4176.2,41190.1
4351,M19210,M,301.9,309.7,1568,37.5,135,0,0,0,0,0,0,7.800000000000011,58800.0,5062.5,41809.5
4352,L51531,L,301.8,309.6,1432,43.7,138,0,0,0,0,0,0,7.800000000000011,62578.4,6030.6,42724.8
4353,L51532,L,301.9,309.7,1424,42.8,140,0,0,0,0,0,0,7.800000000000011,60947.2,5992.0,43358.0
4354,M19213,M,302.0,309.7,1386,62.7,142,1,0,0,1,0,0,7.699999999999989,86902.2,8903.4,43977.4
4355,L51534,L,302.0,309.8,1456,58.1,145,0,0,0,0,0,0,7.800000000000011,84593.6,8424.5,44921.0
4356,H33769,H,302.0,309.8,1280,57.3,147,1,0,1,0,0,0,7.800000000000011,73344.0,8423.1,45540.6
4357,L51536,L,302.0,309.8,1649,31.0,152,0,0,0,0,0,0,7.800000000000011,51119.0,4712.0,47089.6
4358,L51537,L,302.0,309.9,1407,52.8,154,0,0,0,0,0,0,7.899999999999977,74289.59999999999,8131.2,47724.6
4359,H33772,H,302.0,309.9,1606,34.5,156,0,0,0,0,0,0,7.899999999999977,55407.0,5382.0,48344.399999999994
4360,M19219,M,302.1,310.0,1531,38.0,161,0,0,0,0,0,0,7.899999999999977,58178.0,6118.0,49910.0
4361,L51540,L,302.1,310.1,1543,35.8,164,0,0,0,0,0,0,8.0,55239.399999999994,5871.2,50856.4
4362,M19221,M,302.1,310.1,1379,48.2,166,1,0,1,0,0,0,8.0,66467.8,8001.200000000001,51476.600000000006
4363,L51542,L,302.1,310.1,1447,46.6,169,0,0,0,0,0,0,8.0,67430.2,7875.400000000001,52406.9
4364,H33777,H,302.1,310.1,1844,24.6,171,0,0,0,0,0,0,8.0,45362.4,4206.6,53027.100000000006
4365,H33778,H,302.1,310.1,1615,29.9,176,0,0,0,0,0,0,8.0,48288.5,5262.4,54577.600000000006
4366,L51545,L,302.0,310.0,1449,48.8,181,0,0,0,0,0,0,8.0,70711.2,8832.8,56110.0
4367,L51546,L,302.0,309.9,1388,51.4,183,0,0,0,0,0,0,7.899999999999977,71343.2,9406.199999999999,56711.7
4368,H33781,H,302.0,309.9,1447,42.8,185,0,0,0,0,0,0,7.899999999999977,61931.6,7917.999999999999,57331.49999999999
4369,L51548,L,302.0,310.0,1664,28.6,190,0,0,0,0,0,0,8.0,47590.4,5434.0,58900.0
4370,H33783,H,302.0,309.9,1735,27.2,192,0,0,0,0,0,0,7.899999999999977,47192.0,5222.4,59500.799999999996
4371,L51550,L,302.0,309.9,1308,57.6,197,1,0,1,0,1,0,7.899999999999977,75340.8,11347.2,61050.299999999996
4372,L51551,L,302.0,309.8,1480,40.0,199,0,0,0,0,0,0,7.800000000000011,59200.0,7960.0,61650.200000000004
4373,M19232,M,301.9,309.6,1439,41.7,201,0,0,0,0,0,0,7.7000000000000455,60006.3,8381.7,62229.600000000006
4374,M19233,M,301.9,309.7,1533,35.9,204,0,0,0,0,0,0,7.800000000000011,55034.7,7323.599999999999,63178.799999999996
4375,L51554,L,302.0,309.7,1551,34.8,207,0,0,0,0,0,0,7.699999999999989,53974.799999999996,7203.599999999999,64107.899999999994
4376,L51555,L,302.0,309.7,1414,36.3,209,0,0,0,0,0,0,7.699999999999989,51328.2,7586.7,64727.299999999996
4377,M19236,M,301.9,309.6,1551,34.6,211,0,0,0,0,0,0,7.7000000000000455,53664.600000000006,7300.6,65325.600000000006
4378,M19237,M,301.8,309.6,1436,49.0,214,0,0,0,0,0,0,7.800000000000011,70364.0,10486.0,66254.40000000001
4379,M19238,M,301.9,309.6,1385,45.8,217,0,0,0,0,0,0,7.7000000000000455,63432.99999999999,9938.599999999999,67183.20000000001
4380,M19239,M,301.8,309.5,1732,30.1,220,0,0,0,0,0,0,7.699999999999989,52133.200000000004,6622.0,68090.0
4381,L51560,L,301.9,309.6,1410,49.0,223,0,0,0,0,0,0,7.7000000000000455,69090.0,10927.0,69040.8
4382,L51561,L,301.9,309.6,1446,43.2,225,0,0,0,0,0,0,7.7000000000000455,62467.200000000004,9720.0,69660.0
4383,L51562,L,301.8,309.5,1525,39.6,227,0,0,0,0,0,0,7.699999999999989,60390.0,8989.2,70256.5
4384,L51563,L,301.7,309.5,1298,65.5,229,1,0,1,0,1,0,7.800000000000011,85019.0,14999.5,70875.5
4385,L51564,L,301.8,309.6,1443,42.7,231,0,0,0,0,0,0,7.800000000000011,61616.100000000006,9863.7,71517.6
4386,L51565,L,301.8,309.7,1442,45.3,233,1,1,0,0,0,0,7.899999999999977,65322.6,10554.9,72160.09999999999
4387,L51566,L,301.9,309.7,1719,31.9,0,0,0,0,0,0,0,7.800000000000011,54836.1,0.0,0.0
4388,L51567,L,302.0,309.8,1532,39.4,2,0,0,0,0,0,0,7.800000000000011,60360.799999999996,78.8,619.6
4389,L51568,L,302.0,309.8,1701,27.2,4,0,0,0,0,0,0,7.800000000000011,46267.2,108.8,1239.2
4390,M19249,M,302.1,310.0,1355,45.1,6,1,0,1,0,0,0,7.899999999999977,61110.5,270.6,1860.0
4391,M19250,M,302.2,310.1,1421,45.4,9,0,0,0,0,0,0,7.900000000000034,64513.4,408.59999999999997,2790.9
4392,M19251,M,302.2,310.1,1368,51.6,12,1,0,1,0,0,0,7.900000000000034,70588.8,619.2,3721.2000000000003
4393,L51572,L,302.2,310.1,1458,45.1,15,0,0,0,0,0,0,7.900000000000034,65755.8,676.5,4651.5
4394,M19253,M,302.2,310.1,1572,34.6,17,0,0,0,0,0,0,7.900000000000034,54391.200000000004,588.2,5271.700000000001
4395,L51574,L,302.2,310.0,1483,48.7,20,0,0,0,0,0,0,7.800000000000011,72222.1,974.0,6200.0
4396,L51575,L,302.3,310.1,1513,40.4,22,0,0,0,0,0,0,7.800000000000011,61125.2,888.8,6822.200000000001
4397,H33810,H,302.3,310.1,1383,42.9,24,0,0,0,0,0,0,7.800000000000011,59330.7,1029.6,7442.400000000001
4398,L51577,L,302.4,310.2,1539,37.7,29,0,0,0,0,0,0,7.800000000000011,58020.3,1093.3000000000002,8995.8
4399,M19258,M,302.3,310.1,1563,37.8,31,0,0,0,0,0,0,7.800000000000011,59081.399999999994,1171.8,9613.1
4400,L51579,L,302.3,310.1,1653,29.7,34,0,0,0,0,0,0,7.800000000000011,49094.1,1009.8,10543.400000000001
4401,L51580,L,302.3,310.1,1353,50.9,36,1,0,1,0,0,0,7.800000000000011,68867.7,1832.3999999999999,11163.6
4402,H33815,H,302.2,310.0,1468,43.6,38,0,0,0,0,0,0,7.800000000000011,64004.8,1656.8,11780.0
4403,H33816,H,302.3,310.2,1506,33.8,43,0,0,0,0,0,0,7.899999999999977,50902.799999999996,1453.3999999999999,13338.6
4404,L51583,L,302.3,310.1,1388,49.9,48,0,0,0,0,0,0,7.800000000000011,69261.2,2395.2,14884.800000000001
4405,M19264,M,302.4,310.2,1485,45.9,50,0,0,0,0,0,0,7.800000000000011,68161.5,2295.0,15510.0
4406,L51585,L,302.4,310.2,1331,45.5,53,1,0,1,0,0,0,7.800000000000011,60560.5,2411.5,16440.6
4407,L51586,L,302.5,310.3,1326,58.5,55,1,0,1,0,0,0,7.800000000000011,77571.0,3217.5,17066.5
4408,L51587,L,302.3,310.2,1394,55.4,57,0,0,0,0,0,0,7.899999999999977,77227.59999999999,3157.7999999999997,17681.399999999998
4409,L51588,L,302.4,310.1,2009,18.9,59,0,0,0,0,0,0,7.7000000000000455,37970.1,1115.1,18295.9
4410,M19269,M,302.4,310.1,1358,54.6,61,1,0,1,0,0,0,7.7000000000000455,74146.8,3330.6,18916.100000000002
4411,L51590,L,302.5,310.2,1586,32.2,64,0,0,0,0,0,0,7.699999999999989,51069.200000000004,2060.8,19852.8
4412,L51591,L,302.5,310.3,1688,31.6,66,0,0,0,0,0,0,7.800000000000011,53340.8,2085.6,20479.8
4413,L51592,L,302.6,310.5,1450,43.2,68,0,0,0,0,0,0,7.899999999999977,62640.00000000001,2937.6000000000004,21114.0
4414,M19273,M,302.7,310.5,1398,47.3,70,0,0,0,0,0,0,7.800000000000011,66125.4,3311.0,21735.0
4415,L51594,L,302.7,310.5,1520,39.3,73,0,0,0,0,0,0,7.800000000000011,59735.99999999999,2868.8999999999996,22666.5
4416,L51595,L,302.6,310.4,1514,42.7,75,0,0,0,0,0,0,7.7999999999999545,64647.8,3202.5,23280.0
4417,M19276,M,302.6,310.4,1532,36.1,77,0,0,0,0,0,0,7.7999999999999545,55305.200000000004,2779.7000000000003,23900.8
4418,L51597,L,302.6,310.4,1365,66.8,80,1,0,1,1,0,0,7.7999999999999545,91182.0,5344.0,24832.0
4419,L51598,L,302.6,310.3,1642,33.2,82,0,0,0,0,0,0,7.699999999999989,54514.4,2722.4,25444.600000000002
4420,M19279,M,302.6,310.2,2676,10.8,84,1,0,0,1,0,0,7.599999999999966,28900.800000000003,907.2,26056.8
4421,H33834,H,302.6,310.2,1873,21.3,87,0,0,0,0,0,0,7.599999999999966,39894.9,1853.1000000000001,26987.399999999998
4422,L51601,L,302.6,310.2,1325,62.4,92,1,0,1,0,0,0,7.599999999999966,82680.0,5740.8,28538.399999999998
4423,M19282,M,302.6,310.2,2157,17.2,94,0,0,0,0,0,0,7.599999999999966,37100.4,1616.8,29158.8
4424,M19283,M,302.6,310.2,1563,39.0,97,0,0,0,0,0,0,7.599999999999966,60957.0,3783.0,30089.399999999998
4425,M19284,M,302.6,310.2,1631,31.0,100,0,0,0,0,0,0,7.599999999999966,50561.0,3100.0,31020.0
4426,L51605,L,302.5,310.2,1547,36.9,103,0,0,0,0,0,0,7.699999999999989,57084.299999999996,3800.7,31950.6
4427,L51606,L,302.6,310.3,1479,40.4,105,0,0,0,0,0,0,7.699999999999989,59751.6,4242.0,32581.5
4428,M19287,M,302.4,310.1,1379,48.9,107,1,0,1,0,0,0,7.7000000000000455,67433.09999999999,5232.3,33180.700000000004
4429,L51608,L,302.4,310.1,1906,21.2,110,0,0,0,0,0,0,7.7000000000000455,40407.2,2332.0,34111.0
4430,M19289,M,302.3,310.1,1731,33.4,112,0,0,0,0,0,0,7.800000000000011,57815.399999999994,3740.7999999999997,34731.200000000004
4431,H33844,H,302.3,310.1,1688,30.4,115,0,0,0,0,0,0,7.800000000000011,51315.2,3496.0,35661.5
4432,H33845,H,302.3,310.2,1443,54.6,120,0,0,0,0,0,0,7.899999999999977,78787.8,6552.0,37224.0
4433,L51612,L,302.4,310.2,1445,46.4,125,0,0,0,0,0,0,7.800000000000011,67048.0,5800.0,38775.0
4434,H33847,H,302.4,310.2,1435,44.9,127,0,0,0,0,0,0,7.800000000000011,64431.5,5702.3,39395.4
4435,L51614,L,302.4,310.1,1556,32.9,132,0,0,0,0,0,0,7.7000000000000455,51192.399999999994,4342.8,40933.200000000004
4436,L51615,L,302.3,310.1,1321,52.7,134,1,0,1,0,0,0,7.800000000000011,69616.7,7061.8,41553.4
4437,M19296,M,302.4,310.1,1577,35.8,136,0,0,0,0,0,0,7.7000000000000455,56456.6,4868.799999999999,42173.600000000006
4438,L51617,L,302.4,310.2,1578,31.2,139,0,0,0,0,0,0,7.800000000000011,49233.6,4336.8,43117.799999999996
4439,L51618,L,302.4,310.1,1418,52.3,141,0,0,0,0,0,0,7.7000000000000455,74161.4,7374.299999999999,43724.100000000006
4440,M19299,M,302.4,310.2,1392,55.8,143,0,0,0,0,0,0,7.800000000000011,77673.59999999999,7979.4,44358.6
4441,L51620,L,302.5,310.3,1446,44.0,146,0,0,0,0,0,0,7.800000000000011,63624.0,6424.0,45303.8
4442,L51621,L,302.5,310.2,1329,50.6,148,1,0,1,0,0,0,7.699999999999989,67247.40000000001,7488.8,45909.6
4443,L51622,L,302.5,310.2,1563,34.8,150,0,0,0,0,0,0,7.699999999999989,54392.399999999994,5220.0,46530.0
4444,L51623,L,302.5,310.3,1405,57.4,152,0,0,0,0,0,0,7.800000000000011,80647.0,8724.8,47165.6
4445,L51624,L,302.4,310.2,2224,16.0,154,0,0,0,0,0,0,7.800000000000011,35584.0,2464.0,47770.799999999996
4446,L51625,L,302.5,310.2,1716,29.9,156,0,0,0,0,0,0,7.699999999999989,51308.399999999994,4664.4,48391.2
4447,L51626,L,302.5,310.3,1584,35.5,158,0,0,0,0,0,0,7.800000000000011,56232.0,5609.0,49027.4
4448,M19307,M,302.5,310.3,1488,41.8,160,0,0,0,0,0,0,7.800000000000011,62198.399999999994,6688.0,49648.0
4449,L51628,L,302.4,310.3,1374,51.2,163,1,0,1,0,0,0,7.900000000000034,70348.8,8345.6,50578.9
4450,M19309,M,302.4,310.3,1378,54.3,165,1,0,1,0,0,0,7.900000000000034,74825.4,8959.5,51199.5
4451,L51630,L,302.5,310.3,1551,37.3,168,0,0,0,0,0,0,7.800000000000011,57852.299999999996,6266.4,52130.4
4452,L51631,L,302.5,310.3,1549,40.9,170,0,0,0,0,0,0,7.800000000000011,63354.1,6953.0,52751.0
4453,M19312,M,302.5,310.3,1447,39.2,172,0,0,0,0,0,0,7.800000000000011,56722.4,6742.400000000001,53371.6
4454,L51633,L,302.4,310.2,1400,53.7,175,0,0,0,0,0,0,7.800000000000011,75180.0,9397.5,54285.0
4455,L51634,L,302.4,310.1,1401,48.8,177,0,0,0,0,0,0,7.7000000000000455,68368.8,8637.6,54887.700000000004
4456,H33869,H,302.4,310.1,1597,28.9,179,0,0,0,0,0,0,7.7000000000000455,46153.299999999996,5173.099999999999,55507.9
4457,L51636,L,302.3,310.1,1487,46.0,184,0,0,0,0,0,0,7.800000000000011,68402.0,8464.0,57058.4
4458,M19317,M,302.5,310.3,1710,27.3,186,0,0,0,0,0,0,7.800000000000011,46683.0,5077.8,57715.8
4459,L51638,L,302.6,310.4,1478,47.7,189,0,0,0,0,0,0,7.7999999999999545,70500.6,9015.300000000001,58665.6
4460,L51639,L,302.6,310.4,1743,26.3,191,0,0,0,0,0,0,7.7999999999999545,45840.9,5023.3,59286.399999999994
4461,L51640,L,302.6,310.5,1596,32.8,193,0,0,0,0,0,0,7.899999999999977,52348.799999999996,6330.4,59926.5
4462,L51641,L,302.7,310.5,1642,30.8,195,0,0,0,0,0,0,7.800000000000011,50573.6,6006.0,60547.5
4463,L51642,L,302.7,310.5,1263,67.8,197,1,0,1,0,1,0,7.800000000000011,85631.4,13356.599999999999,61168.5
4464,L51643,L,302.8,310.6,2016,19.9,199,0,0,0,0,0,0,7.800000000000011,40118.399999999994,3960.1,61809.4
4465,L51644,L,302.8,310.6,1671,30.5,201,0,0,0,0,0,0,7.800000000000011,50965.5,6130.5,62430.600000000006
4466,L51645,L,302.8,310.6,1404,43.2,203,0,0,0,0,0,0,7.800000000000011,60652.8,8769.6,63051.8
4467,L51646,L,302.8,310.6,1470,41.1,205,0,0,0,0,0,0,7.800000000000011,60417.0,8425.5,63673.00000000001
4468,L51647,L,302.8,310.6,1617,37.9,207,0,0,0,0,0,0,7.800000000000011,61284.299999999996,7845.299999999999,64294.200000000004
4469,L51648,L,302.7,310.5,1725,29.0,209,0,0,0,0,0,0,7.800000000000011,50025.0,6061.0,64894.5
4470,L51649,L,302.7,310.5,1446,40.9,211,1,1,0,0,0,0,7.800000000000011,59141.4,8629.9,65515.5
4471,L51650,L,302.7,310.6,1564,34.3,0,0,0,0,0,0,0,7.900000000000034,53645.2,0.0,0.0
4472,L51651,L,302.8,310.6,1670,29.1,2,0,0,0,0,0,0,7.800000000000011,48597.0,58.2,621.2
4473,L51652,L,302.7,310.6,1501,48.7,4,0,0,0,0,0,0,7.900000000000034,73098.7,194.8,1242.4
4474,L51653,L,302.7,310.5,1551,35.9,6,0,0,0,0,0,0,7.800000000000011,55680.899999999994,215.39999999999998,1863.0
4475,L51654,L,302.7,310.5,1563,35.0,8,0,0,0,0,0,0,7.800000000000011,54705.0,280.0,2484.0
4476,L51655,L,302.7,310.5,1351,41.8,10,1,0,1,0,0,0,7.800000000000011,56471.799999999996,418.0,3105.0
4477,L51656,L,302.6,310.4,1415,52.1,12,0,0,0,0,0,0,7.7999999999999545,73721.5,625.2,3724.7999999999997
4478,L51657,L,302.6,310.3,1647,34.2,14,0,0,0,0,0,0,7.699999999999989,56327.4,478.80000000000007,4344.2
4479,L51658,L,302.5,310.2,1477,41.6,16,0,0,0,0,0,0,7.699999999999989,61443.200000000004,665.6,4963.2
4480,L51659,L,302.6,310.2,1923,21.5,18,0,0,0,0,0,0,7.599999999999966,41344.5,387.0,5583.599999999999
4481,H33894,H,302.7,310.4,1305,55.2,20,1,0,1,0,0,0,7.699999999999989,72036.0,1104.0,6208.0
4482,M19341,M,302.6,310.4,1544,35.1,25,0,0,0,0,0,0,7.7999999999999545,54194.4,877.5,7759.999999999999
4483,H33896,H,302.7,310.5,1568,36.9,28,0,0,0,0,0,0,7.800000000000011,57859.2,1033.2,8694.0
4484,L51663,L,302.7,310.4,1489,42.7,33,0,0,0,0,0,0,7.699999999999989,63580.3,1409.1000000000001,10243.199999999999
4485,M19344,M,302.6,310.4,1451,43.1,35,0,0,0,0,0,0,7.7999999999999545,62538.1,1508.5,10864.0
4486,L51665,L,302.7,310.4,1542,35.7,38,0,0,0,0,0,0,7.699999999999989,55049.4,1356.6000000000001,11795.199999999999
4487,M19346,M,302.6,310.5,1965,20.2,40,0,0,0,0,0,0,7.899999999999977,39693.0,808.0,12420.0
4488,L51667,L,302.5,310.5,1436,36.5,43,0,0,0,0,0,0,8.0,52414.0,1569.5,13351.5
4489,M19348,M,302.5,310.4,1509,37.6,45,0,0,0,0,0,0,7.899999999999977,56738.4,1692.0,13967.999999999998
4490,L51669,L,302.5,310.4,1487,40.2,48,0,0,0,0,0,0,7.899999999999977,59777.4,1929.6000000000001,14899.199999999999
4491,L51670,L,302.5,310.4,1967,20.3,50,0,0,0,0,0,0,7.899999999999977,39930.1,1015.0,15519.999999999998
4492,H33905,H,302.6,310.4,1409,53.3,52,0,0,0,0,0,0,7.7999999999999545,75099.7,2771.6,16140.8
4493,M19352,M,302.6,310.5,1420,56.4,57,0,0,0,0,0,0,7.899999999999977,80088.0,3214.7999999999997,17698.5
4494,L51673,L,302.7,310.5,1511,37.7,60,0,0,0,0,0,0,7.800000000000011,56964.700000000004,2262.0,18630.0
4495,H33908,H,302.6,310.4,1649,30.1,62,0,0,0,0,0,0,7.7999999999999545,49634.9,1866.2,19244.8
4496,L51675,L,302.6,310.4,1359,57.2,67,1,0,1,0,0,0,7.7999999999999545,77734.8,3832.4,20796.8
4497,M19356,M,302.5,310.4,1605,36.0,69,0,0,0,0,0,0,7.899999999999977,57780.0,2484.0,21417.6
4498,L51677,L,302.5,310.3,1523,36.0,72,0,0,0,0,0,0,7.800000000000011,54828.0,2592.0,22341.600000000002
4499,H33912,H,302.6,310.4,1614,36.0,74,0,0,0,0,0,0,7.7999999999999545,58104.0,2664.0,22969.6
4500,H33913,H,302.6,310.3,1721,27.4,79,0,0,0,0,0,0,7.699999999999989,47155.399999999994,2164.6,24513.7
4501,L51680,L,302.6,310.4,1638,36.2,84,0,0,0,0,0,0,7.7999999999999545,59295.600000000006,3040.8,26073.6
4502,L51681,L,302.5,310.2,1307,54.0,86,1,0,1,0,0,0,7.699999999999989,70578.0,4644.0,26677.2
4503,L51682,L,302.4,310.2,1642,28.3,88,0,0,0,0,0,0,7.800000000000011,46468.6,2490.4,27297.6
4504,M19363,M,302.5,310.2,1751,30.5,90,0,0,0,0,0,0,7.699999999999989,53405.5,2745.0,27918.0
4505,L51684,L,302.4,310.1,1645,31.6,93,0,0,0,0,0,0,7.7000000000000455,51982.0,2938.8,28839.300000000003
4506,L51685,L,302.4,310.1,1426,46.8,95,0,0,0,0,0,0,7.7000000000000455,66736.8,4446.0,29459.500000000004
4507,M19366,M,302.4,310.1,1520,36.6,97,0,0,0,0,0,0,7.7000000000000455,55632.0,3550.2000000000003,30079.7
4508,L51687,L,302.4,310.1,1709,31.8,100,0,0,0,0,0,0,7.7000000000000455,54346.200000000004,3180.0,31010.000000000004
4509,L51688,L,302.4,310.0,1426,46.6,102,0,0,0,0,0,0,7.600000000000023,66451.6,4753.2,31620.0
4510,L51689,L,302.4,310.1,1429,43.7,104,0,0,0,0,0,0,7.7000000000000455,62447.3,4544.8,32250.4
4511,L51690,L,302.4,310.2,1346,62.4,106,1,0,1,0,0,0,7.800000000000011,83990.4,6614.4,32881.2
4512,L51691,L,302.5,310.2,1454,43.0,108,0,0,0,0,0,0,7.699999999999989,62522.0,4644.0,33501.6
4513,M19372,M,302.5,310.3,1411,49.5,110,0,0,0,0,0,0,7.800000000000011,69844.5,5445.0,34133.0
4514,L51693,L,302.4,310.3,1900,24.4,113,0,0,0,0,0,0,7.900000000000034,46360.0,2757.2,35063.9
4515,L51694,L,302.4,310.3,1479,36.2,115,0,0,0,0,0,0,7.900000000000034,53539.8,4163.0,35684.5
4516,L51695,L,302.5,310.4,1415,48.2,117,0,0,0,0,0,0,7.899999999999977,68203.0,5639.400000000001,36316.799999999996
4517,L51696,L,302.5,310.3,1539,39.0,119,0,0,0,0,0,0,7.800000000000011,60021.0,4641.0,36925.700000000004
4518,L51697,L,302.4,310.3,1520,31.6,121,0,0,0,0,0,0,7.900000000000034,48032.0,3823.6000000000004,37546.3
4519,L51698,L,302.4,310.3,1480,45.8,123,0,0,0,0,0,0,7.900000000000034,67784.0,5633.4,38166.9
4520,L51699,L,302.4,310.4,1666,29.7,125,0,0,0,0,0,0,8.0,49480.2,3712.5,38800.0
4521,L51700,L,302.4,310.4,1456,47.6,127,0,0,0,0,0,0,8.0,69305.6,6045.2,39420.799999999996
4522,L51701,L,302.4,310.4,1865,23.9,129,0,0,0,0,0,0,8.0,44573.5,3083.1,40041.6
4523,M19382,M,302.5,310.5,1918,21.6,131,0,0,0,0,0,0,8.0,41428.8,2829.6000000000004,40675.5
4524,L51703,L,302.5,310.4,1488,48.4,134,0,0,0,0,0,0,7.899999999999977,72019.2,6485.599999999999,41593.6
4525,M19384,M,302.5,310.5,1527,38.8,136,0,0,0,0,0,0,8.0,59247.6,5276.799999999999,42228.0
4526,M19385,M,302.4,310.4,1463,42.2,139,0,0,0,0,0,0,8.0,61738.600000000006,5865.8,43145.6
4527,L51706,L,302.4,310.4,1521,38.5,142,0,0,0,0,0,0,8.0,58558.5,5467.0,44076.799999999996
4528,M19387,M,302.4,310.5,1372,45.7,144,1,0,1,0,0,0,8.100000000000023,62700.4,6580.8,44712.0
4529,L51708,L,302.5,310.5,1507,39.5,147,0,0,0,0,0,0,8.0,59526.5,5806.5,45643.5
4530,M19389,M,302.4,310.4,1586,34.3,149,0,0,0,0,0,0,8.0,54399.799999999996,5110.7,46249.6
4531,L51710,L,302.5,310.4,1487,42.0,152,0,0,0,0,0,0,7.899999999999977,62454.0,6384.0,47180.799999999996
4532,L51711,L,302.5,310.5,1520,41.2,154,0,0,0,0,0,0,8.0,62624.00000000001,6344.8,47817.0
4533,H33946,H,302.5,310.4,1422,41.9,156,0,0,0,0,0,0,7.899999999999977,59581.799999999996,6536.4,48422.399999999994
4534,M19393,M,302.4,310.3,1375,52.5,161,1,0,1,0,0,0,7.900000000000034,72187.5,8452.5,49958.3
4535,L51714,L,302.4,310.2,1633,28.0,164,0,0,0,0,0,0,7.800000000000011,45724.0,4592.0,50872.799999999996
4536,L51715,L,302.4,310.2,1503,36.2,166,0,0,0,0,0,0,7.800000000000011,54408.600000000006,6009.200000000001,51493.2
4537,L51716,L,302.4,310.2,1351,45.1,168,1,0,1,0,0,0,7.800000000000011,60930.1,7576.8,52113.6
4538,L51717,L,302.3,310.2,1548,35.3,170,0,0,0,0,0,0,7.899999999999977,54644.399999999994,6000.999999999999,52734.0
4539,L51718,L,302.4,310.3,1923,23.3,172,0,0,0,0,0,0,7.900000000000034,44805.9,4007.6,53371.6
4540,L51719,L,302.5,310.3,1592,32.6,174,0,0,0,0,0,0,7.800000000000011,51899.200000000004,5672.400000000001,53992.200000000004
4541,M19400,M,302.5,310.4,1580,35.6,176,0,0,0,0,0,0,7.899999999999977,56248.0,6265.6,54630.399999999994
4542,L51721,L,302.5,310.4,1427,46.8,179,0,0,0,0,0,0,7.899999999999977,66783.59999999999,8377.199999999999,55561.6
4543,M19402,M,302.5,310.4,1581,32.7,181,0,0,0,0,0,0,7.899999999999977,51698.700000000004,5918.700000000001,56182.399999999994
4544,M19403,M,302.6,310.5,1542,39.9,184,0,0,0,0,0,0,7.899999999999977,61525.799999999996,7341.599999999999,57132.0
4545,L51724,L,302.5,310.4,1349,55.1,187,1,0,1,0,0,0,7.899999999999977,74329.90000000001,10303.7,58044.799999999996
4546,L51725,L,302.5,310.5,1463,43.0,189,0,0,0,0,0,0,8.0,62909.0,8127.0,58684.5
4547,M19406,M,302.5,310.4,1429,43.2,191,0,0,0,0,0,0,7.899999999999977,61732.8,8251.2,59286.399999999994
4548,M19407,M,302.5,310.4,1451,53.6,194,0,0,0,0,0,0,7.899999999999977,77773.6,10398.4,60217.6
4549,L51728,L,302.6,310.5,1511,37.2,197,0,0,0,0,0,0,7.899999999999977,56209.200000000004,7328.400000000001,61168.5
4550,L51729,L,302.6,310.6,1549,37.5,199,0,0,0,0,0,0,8.0,58087.5,7462.5,61809.4
4551,M19410,M,302.5,310.5,1507,40.2,201,0,0,0,0,0,0,8.0,60581.4,8080.200000000001,62410.5
4552,M19411,M,302.6,310.5,1524,33.7,204,0,0,0,0,0,0,7.899999999999977,51358.8,6874.8,63342.0
4553,M19412,M,302.7,310.5,1880,22.7,207,0,0,0,0,0,0,7.800000000000011,42676.0,4698.9,64273.5
4554,L51733,L,302.6,310.5,1461,45.4,0,0,0,0,0,0,0,7.899999999999977,66329.4,0.0,0.0
4555,L51734,L,302.6,310.5,1748,28.2,2,0,0,0,0,0,0,7.899999999999977,49293.6,56.4,621.0
4556,L51735,L,302.7,310.6,1690,26.7,4,0,0,0,0,0,0,7.900000000000034,45123.0,106.8,1242.4
4557,M19416,M,302.7,310.6,1349,51.2,6,1,0,1,0,0,0,7.900000000000034,69068.8,307.20000000000005,1863.6000000000001
4558,L51737,L,302.7,310.6,1686,26.3,9,0,0,0,0,0,0,7.900000000000034,44341.8,236.70000000000002,2795.4
4559,L51738,L,302.7,310.7,1369,47.5,11,1,0,1,0,0,0,8.0,65027.5,522.5,3417.7
4560,L51739,L,302.7,310.7,1433,43.7,13,0,0,0,0,0,0,8.0,62622.100000000006,568.1,4039.1
4561,L51740,L,302.7,310.7,1597,41.9,15,0,0,0,0,0,0,8.0,66914.3,628.5,4660.5
4562,L51741,L,302.9,310.8,1610,32.2,17,0,0,0,0,0,0,7.900000000000034,51842.00000000001,547.4000000000001,5283.6
4563,L51742,L,302.7,310.7,1398,57.7,19,0,0,0,0,0,0,8.0,80664.6,1096.3,5903.3
4564,L51743,L,302.7,310.7,1977,20.0,21,0,0,0,0,0,0,8.0,39540.0,420.0,6524.7
4565,L51744,L,302.8,310.8,1516,39.5,23,0,0,0,0,0,0,8.0,59882.0,908.5,7148.400000000001
4566,H33979,H,302.7,310.8,1275,55.0,25,1,0,1,0,0,0,8.100000000000023,70125.0,1375.0,7770.0
4567,L51746,L,302.8,310.8,1402,50.5,30,0,0,0,0,0,0,8.0,70801.0,1515.0,9324.0
4568,M19427,M,302.8,310.8,1451,44.7,32,0,0,0,0,0,0,8.0,64859.700000000004,1430.4,9945.6
4569,M19428,M,302.7,310.8,1555,36.1,35,0,0,0,0,0,0,8.100000000000023,56135.5,1263.5,10878.0
4570,L51749,L,302.8,310.9,1636,35.0,38,0,0,0,0,0,0,8.099999999999966,57260.0,1330.0,11814.199999999999
4571,L51750,L,302.8,310.9,1312,52.2,40,1,0,1,0,0,0,8.099999999999966,68486.40000000001,2088.0,12436.0
4572,L51751,L,302.8,310.9,1708,29.8,42,0,0,0,0,0,0,8.099999999999966,50898.4,1251.6000000000001,13057.8
4573,M19432,M,302.9,311.0,1556,36.5,44,0,0,0,0,0,0,8.100000000000023,56794.0,1606.0,13684.0
4574,H33987,H,302.8,311.0,1436,43.5,47,0,0,0,0,0,0,8.199999999999989,62466.0,2044.5,14617.0
4575,M19434,M,302.9,311.0,1402,40.7,52,0,0,0,0,0,0,8.100000000000023,57061.4,2116.4,16172.0
4576,M19435,M,302.9,311.0,1437,49.9,55,0,0,0,0,0,0,8.100000000000023,71706.3,2744.5,17105.0
4577,M19436,M,302.9,311.1,1926,21.8,58,0,0,0,0,0,0,8.200000000000045,41986.8,1264.4,18043.800000000003
4578,L51757,L,303.0,311.2,1800,23.7,61,0,0,0,0,0,0,8.199999999999989,42660.0,1445.7,18983.2
4579,L51758,L,303.0,311.2,1641,32.6,63,0,0,0,0,0,0,8.199999999999989,53496.600000000006,2053.8,19605.6
4580,L51759,L,303.0,311.2,1374,48.2,65,1,0,1,0,0,0,8.199999999999989,66226.8,3133.0,20228.0
4581,L51760,L,303.0,311.2,1494,37.0,67,0,0,0,0,0,0,8.199999999999989,55278.0,2479.0,20850.399999999998
4582,L51761,L,303.0,311.2,1601,32.9,69,0,0,0,0,0,0,8.199999999999989,52672.899999999994,2270.1,21472.8
4583,L51762,L,302.9,311.2,1634,36.9,71,0,0,0,0,0,0,8.300000000000011,60294.6,2619.9,22095.2
4584,M19443,M,302.9,311.2,1467,37.7,73,0,0,0,0,0,0,8.300000000000011,55305.9,2752.1000000000004,22717.6
4585,L51764,L,302.8,311.1,1550,32.3,76,0,0,0,0,0,0,8.300000000000011,50064.99999999999,2454.7999999999997,23643.600000000002
4586,L51765,L,302.8,311.1,1563,32.2,78,0,0,0,0,0,0,8.300000000000011,50328.600000000006,2511.6000000000004,24265.800000000003
4587,L51766,L,302.7,310.9,1395,48.3,80,0,0,0,0,0,0,8.199999999999989,67378.5,3864.0,24872.0
4588,M19447,M,302.8,311.0,1507,33.4,82,0,0,0,0,0,0,8.199999999999989,50333.799999999996,2738.7999999999997,25502.0
4589,L51768,L,302.8,311.0,1564,38.5,85,0,0,0,0,0,0,8.199999999999989,60214.0,3272.5,26435.0
4590,L51769,L,302.8,311.1,1721,30.0,87,0,0,0,0,0,0,8.300000000000011,51630.0,2610.0,27065.7
4591,L51770,L,302.8,311.1,1456,36.1,89,0,0,0,0,0,0,8.300000000000011,52561.6,3212.9,27687.9
4592,H34005,H,302.9,311.2,2102,17.8,91,0,0,0,0,0,0,8.300000000000011,37415.6,1619.8,28319.2
4593,L51772,L,302.9,311.1,1555,33.9,96,0,0,0,0,0,0,8.200000000000045,52714.5,3254.3999999999996,29865.600000000002
4594,L51773,L,303.0,311.2,1409,41.9,98,0,0,0,0,0,0,8.199999999999989,59037.1,4106.2,30497.6
4595,M19454,M,303.0,311.2,1387,41.4,100,0,0,0,0,0,0,8.199999999999989,57421.799999999996,4140.0,31120.0
4596,M19455,M,303.0,311.2,1460,43.9,103,0,0,0,0,0,0,8.199999999999989,64094.0,4521.7,32053.6
4597,L51776,L,303.0,311.2,1361,47.6,106,1,0,1,0,0,0,8.199999999999989,64783.6,5045.6,32987.2
4598,M19457,M,303.0,311.1,1490,43.0,108,0,0,0,0,0,0,8.100000000000023,64070.0,4644.0,33598.8
4599,L51778,L,303.1,311.2,1399,49.2,111,0,0,0,0,0,0,8.099999999999966,68830.8,5461.200000000001,34543.2
4600,L51779,L,303.1,311.1,1420,55.8,113,0,0,0,0,0,0,8.0,79236.0,6305.4,35154.3
4601,L51780,L,303.0,311.0,1359,44.2,115,1,0,1,0,0,0,8.0,60067.8,5083.0,35765.0
4602,M19461,M,303.0,311.1,1372,54.3,117,1,0,1,0,0,0,8.100000000000023,74499.59999999999,6353.099999999999,36398.700000000004
4603,M19462,M,303.0,311.0,1409,41.7,120,0,0,0,0,0,0,8.0,58755.3,5004.0,37320.0
4604,H34017,H,302.9,311.0,1452,58.3,123,0,0,0,0,0,0,8.100000000000023,84651.59999999999,7170.9,38253.0
4605,L51784,L,302.9,311.0,1820,24.6,128,0,0,0,0,0,0,8.100000000000023,44772.0,3148.8,39808.0
4606,H34019,H,302.9,311.0,1469,48.7,130,0,0,0,0,0,0,8.100000000000023,71540.3,6331.0,40430.0
4607,L51786,L,302.9,311.1,1556,45.3,135,0,0,0,0,0,0,8.200000000000045,70486.79999999999,6115.5,41998.5
4608,L51787,L,303.0,311.1,1980,20.2,137,0,0,0,0,0,0,8.100000000000023,39996.0,2767.4,42620.700000000004
4609,M19468,M,303.0,311.2,1519,38.0,139,0,0,0,0,0,0,8.199999999999989,57722.0,5282.0,43256.799999999996
4610,L51789,L,303.0,311.2,1456,44.0,142,0,0,0,0,0,0,8.199999999999989,64064.0,6248.0,44190.4
4611,L51790,L,303.1,311.2,1394,45.3,144,0,0,0,0,0,0,8.099999999999966,63148.2,6523.2,44812.799999999996
4612,L51791,L,303.0,311.3,1365,56.2,146,1,0,1,0,0,0,8.300000000000011,76713.0,8205.2,45449.8
4613,L51792,L,303.0,311.3,2194,16.5,148,0,0,0,0,0,0,8.300000000000011,36201.0,2442.0,46072.4
4614,L51793,L,303.1,311.3,1403,55.6,150,0,0,0,0,0,0,8.199999999999989,78006.8,8340.0,46695.0
4615,H34028,H,303.0,311.2,1503,37.0,152,0,0,0,0,0,0,8.199999999999989,55611.0,5624.0,47302.4
4616,L51795,L,303.0,311.3,1793,29.3,157,0,0,0,0,0,0,8.300000000000011,52534.9,4600.1,48874.1
4617,L51796,L,303.1,311.4,1829,24.5,159,0,0,0,0,0,0,8.299999999999955,44810.5,3895.5,49512.6
4618,M19477,M,303.1,311.4,1831,23.3,161,0,0,0,0,0,0,8.299999999999955,42662.3,3751.3,50135.399999999994
4619,M19478,M,303.0,311.3,1335,53.6,164,1,0,1,0,0,0,8.300000000000011,71556.0,8790.4,51053.200000000004
4620,H34033,H,303.1,311.3,2056,19.7,167,0,0,0,0,0,0,8.199999999999989,40503.2,3289.9,51987.1
4621,L51800,L,303.1,311.3,1336,52.6,172,1,0,1,0,0,0,8.199999999999989,70273.6,9047.2,53543.6
4622,L51801,L,303.0,311.2,1341,51.0,174,1,0,1,0,0,0,8.199999999999989,68391.0,8874.0,54148.799999999996
4623,M19482,M,303.0,311.1,1526,37.3,176,0,0,0,0,0,0,8.100000000000023,56919.799999999996,6564.799999999999,54753.600000000006
4624,L51803,L,303.0,311.1,1525,40.7,179,0,0,0,0,0,0,8.100000000000023,62067.50000000001,7285.3,55686.9
4625,M19484,M,303.0,311.1,1428,39.8,181,0,0,0,0,0,0,8.100000000000023,56834.399999999994,7203.799999999999,56309.100000000006
4626,L51805,L,303.0,311.2,1511,45.7,184,0,0,0,0,0,0,8.199999999999989,69052.7,8408.800000000001,57260.799999999996
4627,L51806,L,303.0,311.2,1664,29.8,186,0,0,0,0,0,0,8.199999999999989,49587.200000000004,5542.8,57883.2
4628,M19487,M,303.0,311.2,1592,38.9,188,0,0,0,0,0,0,8.199999999999989,61928.799999999996,7313.2,58505.6
4629,M19488,M,303.0,311.1,1597,36.7,191,0,0,0,0,0,0,8.100000000000023,58609.9,7009.700000000001,59420.100000000006
4630,L51809,L,303.0,311.2,1735,26.1,194,0,0,0,0,0,0,8.199999999999989,45283.5,5063.400000000001,60372.799999999996
4631,L51810,L,302.9,311.2,1751,23.8,196,0,0,0,0,0,0,8.300000000000011,41673.8,4664.8,60995.2
4632,L51811,L,303.0,311.2,1383,44.6,198,0,0,0,0,0,0,8.199999999999989,61681.8,8830.800000000001,61617.6
4633,M19492,M,302.9,311.2,1330,53.7,200,1,0,1,0,0,0,8.300000000000011,71421.0,10740.0,62240.0
4634,L51813,L,303.0,311.2,1382,50.5,203,0,0,0,0,0,0,8.199999999999989,69791.0,10251.5,63173.6
4635,L51814,L,303.0,311.2,1755,30.4,205,0,0,0,0,0,0,8.199999999999989,53352.0,6232.0,63796.0
4636,M19495,M,303.0,311.2,1614,35.7,207,0,0,0,0,0,0,8.199999999999989,57619.8,7389.900000000001,64418.399999999994
4637,L51816,L,303.0,311.3,1466,43.0,210,0,0,0,0,0,0,8.300000000000011,63038.0,9030.0,65373.0
4638,M19497,M,303.1,311.3,1847,24.7,212,0,0,0,0,0,0,8.199999999999989,45620.9,5236.4,65995.6
4639,L51818,L,303.1,311.3,1474,34.8,215,0,0,0,0,0,0,8.199999999999989,51295.2,7481.999999999999,66929.5
4640,L51819,L,303.1,311.3,1657,31.8,217,0,0,0,0,0,0,8.199999999999989,52692.6,6900.6,67552.1
4641,L51820,L,303.1,311.2,1435,40.1,219,0,0,0,0,0,0,8.099999999999966,57543.5,8781.9,68152.8
4642,H34055,H,303.1,311.3,1494,42.7,221,0,0,0,0,0,0,8.199999999999989,63793.8,9436.7,68797.3
4643,L51822,L,303.2,311.4,1238,54.6,226,1,0,1,0,1,0,8.199999999999989,67594.8,12339.6,70376.4
4644,L51823,L,303.2,311.4,1324,54.2,228,1,0,1,0,1,0,8.199999999999989,71760.8,12357.6,70999.2
4645,L51824,L,303.2,311.4,1514,41.2,230,0,0,0,0,0,0,8.199999999999989,62376.8,9476.0,71622.0
4646,L51825,L,303.3,311.4,1732,25.6,232,0,0,0,0,0,0,8.099999999999966,44339.200000000004,5939.200000000001,72244.79999999999
4647,L51826,L,303.3,311.4,1497,46.0,234,1,1,0,0,0,0,8.099999999999966,68862.0,10764.0,72867.59999999999
4648,L51827,L,303.3,311.4,1958,21.5,0,0,0,0,0,0,0,8.099999999999966,42097.0,0.0,0.0
4649,L51828,L,303.3,311.4,1630,32.5,2,0,0,0,0,0,0,8.099999999999966,52975.0,65.0,622.8
4650,M19509,M,303.3,311.4,1395,59.1,4,0,0,0,0,0,0,8.099999999999966,82444.5,236.4,1245.6
4651,L51830,L,303.3,311.4,1658,30.5,7,0,0,0,0,0,0,8.099999999999966,50569.0,213.5,2179.7999999999997
4652,L51831,L,303.2,311.4,1349,51.1,9,1,0,1,0,0,0,8.199999999999989,68933.90000000001,459.90000000000003,2802.6
4653,L51832,L,303.1,311.2,1452,52.9,11,0,0,0,0,0,0,8.099999999999966,76810.8,581.9,3423.2
4654,M19513,M,303.1,311.1,1594,35.5,13,0,0,0,0,0,0,8.0,56587.0,461.5,4044.3
4655,M19514,M,303.1,311.0,1510,47.6,16,0,0,0,0,0,0,7.899999999999977,71876.0,761.6,4976.0
4656,L51835,L,303.1,311.1,1854,22.6,19,0,0,0,0,0,0,8.0,41900.4,429.40000000000003,5910.900000000001
4657,L51836,L,303.1,311.2,1626,32.3,21,0,0,0,0,0,0,8.099999999999966,52519.799999999996,678.3,6535.2
4658,L51837,L,303.1,311.2,1628,35.2,23,0,0,0,0,0,0,8.099999999999966,57305.600000000006,809.6,7157.599999999999
4659,L51838,L,303.1,311.2,1679,34.8,25,0,0,0,0,0,0,8.099999999999966,58429.2,869.9999999999999,7780.0
4660,M19519,M,303.1,311.2,1489,44.5,27,0,0,0,0,0,0,8.099999999999966,66260.5,1201.5,8402.4
4661,L51840,L,303.2,311.2,1439,43.9,30,0,0,0,0,0,0,8.0,63172.1,1317.0,9336.0
4662,L51841,L,303.3,311.3,1350,48.1,32,1,0,1,0,0,0,8.0,64935.0,1539.2,9961.6
4663,H34076,H,303.3,311.2,1607,31.7,34,0,0,0,0,0,0,7.899999999999977,50941.9,1077.8,10580.8
4664,L51843,L,303.3,311.3,1389,53.9,39,0,0,0,0,0,0,8.0,74867.09999999999,2102.1,12140.7
4665,M19524,M,303.3,311.3,1566,46.1,41,0,0,0,0,0,0,8.0,72192.6,1890.1000000000001,12763.300000000001
4666,M19525,M,303.4,311.4,1307,54.0,44,1,0,1,0,0,0,8.0,70578.0,2376.0,13701.599999999999
4667,M19526,M,303.3,311.5,1569,36.6,47,0,0,0,0,0,0,8.199999999999989,57425.4,1720.2,14640.5
4668,H34081,H,303.3,311.4,1651,30.6,50,0,0,0,0,0,0,8.099999999999966,50520.600000000006,1530.0,15569.999999999998
4669,H34082,H,303.3,311.4,1692,27.9,55,0,0,0,0,0,0,8.099999999999966,47206.799999999996,1534.5,17127.0
4670,M19529,M,303.3,311.5,1373,47.3,60,1,0,1,0,0,0,8.199999999999989,64942.899999999994,2838.0,18690.0
4671,L51850,L,303.2,311.4,1610,35.5,63,0,0,0,0,0,0,8.199999999999989,57155.0,2236.5,19618.199999999997
4672,L51851,L,303.3,311.4,1511,43.4,65,0,0,0,0,0,0,8.099999999999966,65577.4,2821.0,20241.0
4673,L51852,L,303.3,311.5,1412,55.6,67,0,0,0,0,0,0,8.199999999999989,78507.2,3725.2000000000003,20870.5
4674,L51853,L,303.4,311.5,1501,36.2,69,0,0,0,0,0,0,8.100000000000023,54336.200000000004,2497.8,21493.5
4675,L51854,L,303.4,311.5,1414,44.8,71,0,0,0,0,0,0,8.100000000000023,63347.2,3180.7999999999997,22116.5
4676,H34089,H,303.5,311.5,1629,33.5,73,0,0,0,0,0,0,8.0,54571.5,2445.5,22739.5
4677,L51856,L,303.4,311.5,1879,21.3,78,0,0,0,0,0,0,8.100000000000023,40022.700000000004,1661.4,24297.0
4678,H34091,H,303.5,311.6,1466,47.0,80,0,0,0,0,0,0,8.100000000000023,68902.0,3760.0,24928.0
4679,H34092,H,303.6,311.7,1476,40.1,85,0,0,0,0,0,0,8.099999999999966,59187.6,3408.5,26494.5
4680,L51859,L,303.6,311.8,1695,30.7,90,0,0,0,0,0,0,8.199999999999989,52036.5,2763.0,28062.0
4681,L51860,L,303.6,311.7,1491,39.8,92,0,0,0,0,0,0,8.099999999999966,59341.799999999996,3661.6,28676.399999999998
4682,M19541,M,303.6,311.8,1659,34.7,94,0,0,0,0,0,0,8.199999999999989,57567.3,3261.8,29309.2
4683,L51862,L,303.6,311.8,1567,31.7,97,0,0,0,0,0,0,8.199999999999989,49673.9,3074.9,30244.600000000002
4684,L51863,L,303.6,311.8,1736,32.9,99,0,0,0,0,0,0,8.199999999999989,57114.399999999994,3257.1,30868.2
4685,M19544,M,303.6,311.8,1421,44.8,101,1,0,0,0,0,0,8.199999999999989,63660.799999999996,4524.799999999999,31491.800000000003
4686,M19545,M,303.6,311.8,1627,30.8,104,0,0,0,0,0,0,8.199999999999989,50111.6,3203.2000000000003,32427.2
4687,M19546,M,303.5,311.6,1562,34.2,107,0,0,0,0,0,0,8.100000000000023,53420.4,3659.4,33341.200000000004
4688,L51867,L,303.5,311.6,2183,17.0,110,0,0,0,0,0,0,8.100000000000023,37111.0,1870.0,34276.0
4689,L51868,L,303.5,311.6,1577,38.1,112,0,0,0,0,0,0,8.100000000000023,60083.700000000004,4267.2,34899.200000000004
4690,M19549,M,303.4,311.5,1560,36.4,114,0,0,0,0,0,0,8.100000000000023,56784.0,4149.599999999999,35511.0
4691,M19550,M,303.4,311.5,1483,43.0,117,0,0,0,0,0,0,8.100000000000023,63769.0,5031.0,36445.5
4692,L51871,L,303.5,311.5,1535,33.3,120,0,0,0,0,0,0,8.0,51115.49999999999,3995.9999999999995,37380.0
4693,M19552,M,303.4,311.4,1606,29.6,122,0,0,0,0,0,0,8.0,47537.600000000006,3611.2000000000003,37990.799999999996
4694,M19553,M,303.4,311.5,1817,24.7,125,0,0,0,0,0,0,8.100000000000023,44879.9,3087.5,38937.5
4695,L51874,L,303.4,311.5,1424,50.8,128,0,0,0,0,0,0,8.100000000000023,72339.2,6502.4,39872.0
4696,L51875,L,303.3,311.6,1514,34.7,130,0,0,0,0,0,0,8.300000000000011,52535.8,4511.0,40508.0
4697,L51876,L,303.4,311.6,1449,41.7,132,0,0,0,0,0,0,8.200000000000045,60423.3,5504.400000000001,41131.200000000004
4698,M19557,M,303.5,311.6,1573,34.0,134,0,0,0,0,0,0,8.100000000000023,53482.0,4556.0,41754.4
4699,L51878,L,303.4,311.6,1564,41.9,137,0,0,0,0,0,0,8.200000000000045,65531.6,5740.3,42689.200000000004
4700,L51879,L,303.5,311.6,1428,46.2,139,0,0,0,0,0,0,8.100000000000023,65973.6,6421.8,43312.4
4701,L51880,L,303.5,311.7,1620,31.0,141,0,0,0,0,0,0,8.199999999999989,50220.0,4371.0,43949.7
4702,H34115,H,303.5,311.7,1584,32.7,143,0,0,0,0,0,0,8.199999999999989,51796.8,4676.1,44573.1
4703,L51882,L,303.6,311.8,1222,66.8,148,1,0,1,0,0,0,8.199999999999989,81629.59999999999,9886.4,46146.4
4704,M19563,M,303.6,311.8,1432,42.5,150,0,0,0,0,0,0,8.199999999999989,60860.0,6375.0,46770.0
4705,L51884,L,303.7,311.9,1561,33.3,153,0,0,0,0,0,0,8.199999999999989,51981.299999999996,5094.9,47720.7
4706,L51885,L,303.6,311.8,1614,33.2,155,0,0,0,0,0,0,8.199999999999989,53584.8,5146.0,48329.0
4707,L51886,L,303.5,311.7,1959,22.3,157,0,0,0,0,0,0,8.199999999999989,43685.700000000004,3501.1,48936.9
4708,L51887,L,303.5,311.8,1944,23.5,159,0,0,0,0,0,0,8.300000000000011,45684.0,3736.5,49576.200000000004
4709,L51888,L,303.4,311.7,1793,25.8,161,0,0,0,0,0,0,8.300000000000011,46259.4,4153.8,50183.7
4710,M19569,M,303.4,311.6,1446,50.0,163,0,0,0,0,0,0,8.200000000000045,72300.0,8150.0,50790.8
4711,L51890,L,303.4,311.7,1673,32.2,166,0,0,0,0,0,0,8.300000000000011,53870.600000000006,5345.200000000001,51742.2
4712,M19571,M,303.4,311.7,1515,44.2,168,0,0,0,0,0,0,8.300000000000011,66963.0,7425.6,52365.6
4713,L51892,L,303.4,311.8,1564,35.9,171,0,0,0,0,0,0,8.400000000000034,56147.6,6138.9,53317.8
4714,L51893,L,303.5,311.8,1451,45.2,173,0,0,0,0,0,0,8.300000000000011,65585.2,7819.6,53941.4
4715,H34128,H,303.4,311.8,1693,28.3,175,0,0,0,0,0,0,8.400000000000034,47911.9,4952.5,54565.0
4716,L51895,L,303.4,311.7,1476,42.3,180,0,0,0,0,0,0,8.300000000000011,62434.799999999996,7613.999999999999,56106.0
4717,L51896,L,303.4,311.6,1712,30.1,182,0,0,0,0,0,0,8.200000000000045,51531.200000000004,5478.2,56711.200000000004
4718,M19577,M,303.4,311.6,1425,45.4,184,0,0,0,0,0,0,8.200000000000045,64695.0,8353.6,57334.4
4719,L51898,L,303.3,311.6,1337,56.8,187,1,0,1,0,0,0,8.300000000000011,75941.59999999999,10621.6,58269.200000000004
4720,M19579,M,303.4,311.7,1690,34.9,189,0,0,0,0,0,0,8.300000000000011,58981.0,6596.099999999999,58911.299999999996
4721,M19580,M,303.4,311.7,1353,44.1,192,1,0,1,0,0,0,8.300000000000011,59667.3,8467.2,59846.399999999994
4722,L51901,L,303.5,311.8,1927,21.9,195,0,0,0,0,0,0,8.300000000000011,42201.299999999996,4270.5,60801.0
4723,M19582,M,303.4,311.8,1391,42.7,197,0,0,0,0,0,0,8.400000000000034,59395.700000000004,8411.900000000001,61424.600000000006
4724,L51903,L,303.4,311.8,1366,50.9,200,1,0,1,0,0,0,8.400000000000034,69529.4,10180.0,62360.0
4725,L51904,L,303.4,311.9,1771,31.6,202,0,0,0,0,0,0,8.5,55963.600000000006,6383.200000000001,63003.799999999996
4726,M19585,M,303.4,311.8,1515,42.6,204,0,0,0,0,0,0,8.400000000000034,64539.0,8690.4,63607.200000000004
4727,M19586,M,303.4,311.8,2133,18.3,207,0,0,0,0,0,0,8.400000000000034,39033.9,3788.1000000000004,64542.600000000006
4728,M19587,M,303.4,311.8,1341,47.0,210,1,0,1,0,0,0,8.400000000000034,63027.0,9870.0,65478.0
4729,L51908,L,303.4,311.7,1406,47.1,213,0,0,0,0,0,0,8.300000000000011,66222.6,10032.300000000001,66392.09999999999
4730,L51909,L,303.4,311.8,1306,61.0,215,1,0,1,0,1,0,8.400000000000034,79666.0,13115.0,67037.0
4731,L51910,L,303.3,311.7,1508,35.5,217,0,0,0,0,0,0,8.399999999999977,53534.0,7703.5,67638.9
4732,L51911,L,303.3,311.6,1301,45.1,219,1,0,1,0,0,0,8.300000000000011,58675.1,9876.9,68240.40000000001
4733,L51912,L,303.3,311.7,1539,38.5,221,0,0,0,0,0,0,8.399999999999977,59251.5,8508.5,68885.7
4734,L51913,L,303.3,311.6,1484,44.6,223,0,0,0,0,0,0,8.300000000000011,66186.40000000001,9945.800000000001,69486.8
4735,L51914,L,303.2,311.5,1507,39.2,225,0,0,0,0,0,0,8.300000000000011,59074.4,8820.0,70087.5
4736,L51915,L,303.2,311.5,1544,42.5,227,0,0,0,0,0,0,8.300000000000011,65620.0,9647.5,70710.5
4737,L51916,L,303.2,311.5,1513,37.9,0,0,0,0,0,0,0,8.300000000000011,57342.7,0.0,0.0
4738,M19597,M,303.2,311.5,1336,58.2,2,1,0,1,0,0,0,8.300000000000011,77755.2,116.4,623.0
4739,M19598,M,303.2,311.4,2102,19.0,5,0,0,0,0,0,0,8.199999999999989,39938.0,95.0,1557.0
4740,L51919,L,303.2,311.4,1351,53.8,8,1,0,1,0,0,0,8.199999999999989,72683.8,430.4,2491.2
4741,L51920,L,303.3,311.5,1601,35.2,10,0,0,0,0,0,0,8.199999999999989,56355.200000000004,352.0,3115.0
4742,L51921,L,303.2,311.3,1393,52.9,12,0,0,0,0,0,0,8.100000000000023,73689.7,634.8,3735.6000000000004
4743,L51922,L,303.3,311.3,1592,33.7,14,0,0,0,0,0,0,8.0,53650.4,471.80000000000007,4358.2
4744,L51923,L,303.3,311.3,1409,51.8,16,0,0,0,0,0,0,8.0,72986.2,828.8,4980.8
4745,L51924,L,303.3,311.3,1393,47.4,18,0,0,0,0,0,0,8.0,66028.2,853.1999999999999,5603.400000000001
4746,H34159,H,303.2,311.2,1475,43.1,20,0,0,0,0,0,0,8.0,63572.5,862.0,6224.0
4747,L51926,L,303.2,311.2,1427,45.6,25,0,0,0,0,0,0,8.0,65071.200000000004,1140.0,7780.0
4748,L51927,L,303.3,311.2,1763,27.3,27,0,0,0,0,0,0,7.899999999999977,48129.9,737.1,8402.4
4749,L51928,L,303.2,311.2,1363,46.7,29,1,0,1,0,0,0,8.0,63652.100000000006,1354.3000000000002,9024.8
4750,L51929,L,303.2,311.2,1404,50.9,31,0,0,0,0,0,0,8.0,71463.59999999999,1577.8999999999999,9647.199999999999
4751,M19610,M,303.2,311.2,1688,31.9,33,0,0,0,0,0,0,8.0,53847.2,1052.7,10269.6
4752,L51931,L,303.3,311.4,1510,37.3,36,0,0,0,0,0,0,8.099999999999966,56322.99999999999,1342.8,11210.4
4753,H34166,H,303.3,311.3,1502,39.5,38,0,0,0,0,0,0,8.0,59329.0,1501.0,11829.4
4754,H34167,H,303.2,311.4,1607,36.6,43,0,0,0,0,0,0,8.199999999999989,58816.200000000004,1573.8,13390.199999999999
4755,M19614,M,303.3,311.5,1384,54.8,48,0,0,0,0,0,0,8.199999999999989,75843.2,2630.3999999999996,14952.0
4756,L51935,L,303.4,311.7,1295,51.3,51,1,0,1,0,0,0,8.300000000000011,66433.5,2616.2999999999997,15896.699999999999
4757,H34170,H,303.4,311.7,1991,19.0,53,0,0,0,0,0,0,8.300000000000011,37829.0,1007.0,16520.1
4758,L51937,L,303.4,311.6,1497,42.8,58,0,0,0,0,0,0,8.200000000000045,64071.6,2482.3999999999996,18072.800000000003
4759,L51938,L,303.5,311.6,1465,48.7,60,0,0,0,0,0,0,8.100000000000023,71345.5,2922.0,18696.0
4760,L51939,L,303.5,311.6,1361,46.5,62,1,0,1,0,0,0,8.100000000000023,63286.5,2883.0,19319.2
4761,L51940,L,303.6,311.7,1546,38.5,64,0,0,0,0,0,0,8.099999999999966,59521.0,2464.0,19948.8
4762,H34175,H,303.7,311.9,1332,52.7,66,1,0,1,0,0,0,8.199999999999989,70196.40000000001,3478.2000000000003,20585.399999999998
4763,M19622,M,303.7,312.0,2663,11.4,71,1,0,0,1,0,0,8.300000000000011,30358.2,809.4,22152.0
4764,L51943,L,303.7,312.1,1443,45.9,74,0,0,0,0,0,0,8.400000000000034,66233.7,3396.6,23095.4
4765,M19624,M,303.7,312.0,1402,48.6,76,0,0,0,0,0,0,8.300000000000011,68137.2,3693.6,23712.0
4766,L51945,L,303.7,312.0,1892,22.5,79,0,0,0,0,0,0,8.300000000000011,42570.0,1777.5,24648.0
4767,M19626,M,303.6,312.0,1645,35.7,81,0,0,0,0,0,0,8.399999999999977,58726.50000000001,2891.7000000000003,25272.0
4768,L51947,L,303.6,311.9,1473,50.1,84,0,0,0,0,0,0,8.299999999999955,73797.3,4208.400000000001,26199.6
4769,L51948,L,303.6,312.0,1309,52.9,86,1,0,1,0,0,0,8.399999999999977,69246.09999999999,4549.4,26832.0
4770,H34183,H,303.6,311.9,1544,37.1,88,0,0,0,0,0,0,8.299999999999955,57282.4,3264.8,27447.199999999997
4771,L51950,L,303.5,311.9,1344,49.3,93,1,0,1,0,0,0,8.399999999999977,66259.2,4584.9,29006.699999999997
4772,M19631,M,303.6,311.9,1617,36.0,95,0,0,0,0,0,0,8.299999999999955,58212.0,3420.0,29630.499999999996
4773,M19632,M,303.6,312.0,1435,37.9,98,0,0,0,0,0,0,8.399999999999977,54386.5,3714.2,30576.0
4774,L51953,L,303.6,312.0,1391,50.3,101,0,0,0,0,0,0,8.399999999999977,69967.3,5080.299999999999,31512.0
4775,L51954,L,303.6,312.0,1827,23.3,103,0,0,0,0,0,0,8.399999999999977,42569.1,2399.9,32136.0
4776,L51955,L,303.5,312.0,1761,25.8,105,0,0,0,0,0,0,8.5,45433.8,2709.0,32760.0
4777,L51956,L,303.5,312.1,1522,36.4,107,0,0,0,0,0,0,8.600000000000023,55400.799999999996,3894.7999999999997,33394.700000000004
4778,M19637,M,303.5,312.2,1818,23.6,109,0,0,0,0,0,0,8.699999999999989,42904.8,2572.4,34029.799999999996
4779,H34192,H,303.6,312.2,1371,54.6,112,1,0,1,0,0,0,8.599999999999966,74856.6,6115.2,34966.4
4780,L51959,L,303.7,312.3,1511,38.9,117,0,0,0,0,0,0,8.600000000000023,58777.9,4551.3,36539.1
4781,L51960,L,303.7,312.4,1404,46.6,119,0,0,0,0,0,0,8.699999999999989,65426.4,5545.400000000001,37175.6
4782,L51961,L,303.7,312.3,1384,45.9,121,0,0,0,0,0,0,8.600000000000023,63525.6,5553.9,37788.3
4783,L51962,L,303.8,312.5,1368,52.6,123,0,0,0,0,0,0,8.699999999999989,71956.8,6469.8,38437.5
4784,L51963,L,303.7,312.5,1641,36.0,125,0,0,0,0,0,0,8.800000000000011,59076.0,4500.0,39062.5
4785,L51964,L,303.9,312.6,1642,32.3,127,0,0,0,0,0,0,8.700000000000045,53036.6,4102.099999999999,39700.200000000004
4786,H34199,H,303.9,312.7,1401,50.0,129,0,0,0,0,0,0,8.800000000000011,70050.0,6450.0,40338.299999999996
4787,L51966,L,303.8,312.6,1577,41.3,134,0,0,0,0,0,0,8.800000000000011,65130.1,5534.2,41888.4
4788,L51967,L,303.7,312.6,1396,44.1,136,0,0,0,0,0,0,8.900000000000034,61563.6,5997.6,42513.600000000006
4789,H34202,H,303.7,312.6,1514,35.5,138,0,0,0,0,0,0,8.900000000000034,53747.0,4899.0,43138.8
4790,L51969,L,303.8,312.8,1646,35.8,143,0,0,0,0,0,0,9.0,58926.799999999996,5119.4,44730.4
4791,L51970,L,303.8,312.8,1443,40.7,145,0,0,0,0,0,0,9.0,58730.100000000006,5901.5,45356.0
4792,M19651,M,303.7,312.7,1469,48.5,147,0,0,0,0,0,0,9.0,71246.5,7129.5,45966.9
4793,H34206,H,303.7,312.7,1564,40.2,150,0,0,0,0,0,0,9.0,62872.8,6030.0,46905.0
4794,H34207,H,303.6,312.6,1498,40.2,155,0,0,0,0,0,0,9.0,60219.600000000006,6231.0,48453.0
4795,L51974,L,303.6,312.6,1699,27.9,160,0,0,0,0,0,0,9.0,47402.1,4464.0,50016.0
4796,L51975,L,303.6,312.5,1431,49.0,162,0,0,0,0,0,0,8.899999999999977,70119.0,7938.0,50625.0
4797,L51976,L,303.5,312.4,1390,47.3,164,0,0,0,0,0,0,8.899999999999977,65747.0,7757.2,51233.6
4798,L51977,L,303.5,312.5,1380,46.1,166,0,0,0,0,0,0,9.0,63618.0,7652.6,51875.0
4799,L51978,L,303.5,312.5,1457,46.4,168,0,0,0,0,0,0,9.0,67604.8,7795.2,52500.0
4800,L51979,L,303.5,312.5,1418,42.2,170,0,0,0,0,0,0,9.0,59839.600000000006,7174.000000000001,53125.0
4801,M19660,M,303.5,312.5,1353,51.0,172,0,0,0,0,0,0,9.0,69003.0,8772.0,53750.0
4802,L51981,L,303.5,312.4,1574,32.7,175,0,0,0,0,0,0,8.899999999999977,51469.8,5722.500000000001,54669.99999999999
4803,M19662,M,303.5,312.4,1318,54.2,177,0,0,0,0,0,0,8.899999999999977,71435.6,9593.4,55294.799999999996
4804,L51983,L,303.6,312.5,1710,31.4,180,0,0,0,0,0,0,8.899999999999977,53694.0,5652.0,56250.0
4805,L51984,L,303.7,312.6,1621,38.8,182,0,0,0,0,0,0,8.900000000000034,62894.799999999996,7061.599999999999,56893.200000000004
4806,L51985,L,303.6,312.6,1606,33.6,184,0,0,0,0,0,0,9.0,53961.600000000006,6182.400000000001,57518.4
4807,H34220,H,303.6,312.5,1375,54.0,186,0,0,0,0,0,0,8.899999999999977,74250.0,10044.0,58125.0
4808,L51987,L,303.5,312.4,1503,36.5,191,0,0,0,0,0,0,8.899999999999977,54859.5,6971.5,59668.399999999994
4809,L51988,L,303.5,312.3,1404,48.6,193,0,0,0,0,0,0,8.800000000000011,68234.40000000001,9379.800000000001,60273.9
4810,L51989,L,303.4,312.2,1656,32.7,195,0,0,0,0,0,0,8.800000000000011,54151.200000000004,6376.500000000001,60879.0
4811,M19670,M,303.4,312.1,1499,39.4,197,0,0,0,0,0,0,8.700000000000045,59060.6,7761.799999999999,61483.700000000004
4812,M19671,M,303.4,312.0,1748,28.4,200,0,0,0,0,0,0,8.600000000000023,49643.2,5680.0,62400.0
4813,L51992,L,303.4,311.9,1531,37.9,203,0,0,0,0,0,0,8.5,58024.9,7693.7,63315.7
4814,M19673,M,303.3,311.8,1536,40.6,205,0,0,0,0,0,0,8.5,62361.600000000006,8323.0,63919.0
4815,L51994,L,303.4,311.8,1401,53.0,208,1,0,0,0,1,0,8.400000000000034,74253.0,11024.0,64854.4
4816,H34229,H,303.4,311.9,1534,33.2,210,0,0,0,0,0,0,8.5,50928.8,6972.000000000001,65498.99999999999
4817,L51996,L,303.4,312.0,1521,35.9,215,1,1,0,0,0,0,8.600000000000023,54603.9,7718.5,67080.0
4818,L51997,L,303.5,312.1,1674,30.8,0,0,0,0,0,0,0,8.600000000000023,51559.200000000004,0.0,0.0
4819,M19678,M,303.6,312.1,1967,20.9,2,0,0,0,0,0,0,8.5,41110.299999999996,41.8,624.2
4820,L51999,L,303.6,312.2,1696,30.7,5,0,0,0,0,0,0,8.599999999999966,52067.2,153.5,1561.0
4821,M19680,M,303.6,312.1,1627,32.5,7,0,0,0,0,0,0,8.5,52877.5,227.5,2184.7000000000003
4822,L52001,L,303.5,311.9,1405,45.6,10,0,0,0,0,0,0,8.399999999999977,64068.0,456.0,3119.0
4823,L52002,L,303.5,311.9,1565,38.9,12,0,0,0,0,0,0,8.399999999999977,60878.5,466.79999999999995,3742.7999999999997
4824,L52003,L,303.5,311.9,1493,38.7,14,0,0,0,0,0,0,8.399999999999977,57779.100000000006,541.8000000000001,4366.599999999999
4825,L52004,L,303.4,311.8,1499,45.0,16,0,0,0,0,0,0,8.400000000000034,67455.0,720.0,4988.8
4826,L52005,L,303.3,311.8,1692,30.6,18,0,0,0,0,0,0,8.5,51775.200000000004,550.8000000000001,5612.400000000001
4827,L52006,L,303.4,311.8,2268,15.8,20,0,0,0,0,0,0,8.400000000000034,35834.4,316.0,6236.0
4828,L52007,L,303.4,311.8,1438,58.9,22,0,0,0,0,0,0,8.400000000000034,84698.2,1295.8,6859.6
4829,L52008,L,303.5,311.9,1515,39.2,24,0,0,0,0,0,0,8.399999999999977,59388.00000000001,940.8000000000001,7485.599999999999
4830,L52009,L,303.4,311.9,1491,38.2,26,0,0,0,0,0,0,8.5,56956.200000000004,993.2,8109.4
4831,L52010,L,303.5,312.0,1756,29.7,28,0,0,0,0,0,0,8.5,52153.2,831.6,8736.0
4832,L52011,L,303.5,312.0,1366,54.5,30,1,0,1,0,0,0,8.5,74447.0,1635.0,9360.0
4833,L52012,L,303.5,312.0,1436,45.1,32,0,0,0,0,0,0,8.5,64763.6,1443.2,9984.0
4834,L52013,L,303.4,311.9,1377,41.6,34,1,0,1,0,0,0,8.5,57283.200000000004,1414.4,10604.599999999999
4835,M19694,M,303.4,311.9,1510,42.2,36,0,0,0,0,0,0,8.5,63722.00000000001,1519.2,11228.4
4836,M19695,M,303.4,311.9,1419,50.9,39,0,0,0,0,0,0,8.5,72227.09999999999,1985.1,12164.099999999999
4837,L52016,L,303.3,311.8,1315,62.0,42,1,0,1,0,0,0,8.5,81530.0,2604.0,13095.6
4838,H34251,H,303.3,311.8,1806,27.7,44,0,0,0,0,0,0,8.5,50026.2,1218.8,13719.2
4839,H34252,H,303.3,311.8,1649,29.4,49,0,0,0,0,0,0,8.5,48480.6,1440.6,15278.2
4840,H34253,H,303.4,311.9,1402,50.0,54,0,0,0,0,0,0,8.5,70100.0,2700.0,16842.6
4841,L52020,L,303.4,311.9,1298,63.9,59,1,0,1,0,0,0,8.5,82942.2,3770.1,18402.1
4842,M19701,M,303.3,311.8,1441,44.9,61,0,0,0,0,0,0,8.5,64700.9,2738.9,19019.8
4843,M19702,M,303.3,311.8,1489,49.4,64,0,0,0,0,0,0,8.5,73556.59999999999,3161.6,19955.2
4844,L52023,L,303.3,311.8,1842,24.5,67,0,0,0,0,0,0,8.5,45129.0,1641.5,20890.600000000002
4845,M19704,M,303.4,311.8,1316,50.9,69,1,0,1,0,0,0,8.400000000000034,66984.4,3512.1,21514.2
4846,M19705,M,303.3,311.8,1583,33.3,72,0,0,0,0,0,0,8.5,52713.899999999994,2397.6,22449.600000000002
4847,M19706,M,303.3,311.8,1548,33.5,75,0,0,0,0,0,0,8.5,51858.0,2512.5,23385.0
4848,L52027,L,303.4,311.9,1434,44.6,78,0,0,0,0,0,0,8.5,63956.4,3478.8,24328.199999999997
4849,H34262,H,303.5,312.0,1397,52.9,80,0,0,0,0,0,0,8.5,73901.3,4232.0,24960.0
4850,M19709,M,303.5,312.0,1475,42.9,85,0,0,0,0,0,0,8.5,63277.5,3646.5,26520.0
4851,L52030,L,303.5,312.0,1441,56.8,88,0,0,0,0,0,0,8.5,81848.8,4998.4,27456.0
4852,L52031,L,303.7,312.1,1363,51.8,90,1,0,1,0,0,0,8.400000000000034,70603.4,4662.0,28089.000000000004
4853,L52032,L,303.7,312.2,1619,34.9,92,0,0,0,0,0,0,8.5,56503.1,3210.7999999999997,28722.399999999998
4854,L52033,L,303.7,312.2,1487,34.0,94,0,0,0,0,0,0,8.5,50558.0,3196.0,29346.8
4855,L52034,L,303.7,312.2,1568,33.8,96,0,0,0,0,0,0,8.5,52998.399999999994,3244.7999999999997,29971.199999999997
4856,L52035,L,303.7,312.3,1375,46.2,98,0,0,0,0,0,0,8.600000000000023,63525.00000000001,4527.6,30605.4
4857,M19716,M,303.6,312.3,1698,31.3,100,0,0,0,0,0,0,8.699999999999989,53147.4,3130.0,31230.0
4858,L52037,L,303.7,312.3,1606,37.4,103,0,0,0,0,0,0,8.600000000000023,60064.399999999994,3852.2,32166.9
4859,L52038,L,303.7,312.3,1349,51.0,105,0,0,0,0,0,0,8.600000000000023,68799.0,5355.0,32791.5
4860,L52039,L,303.7,312.4,1535,38.6,107,0,0,0,0,0,0,8.699999999999989,59251.0,4130.2,33426.799999999996
4861,M19720,M,303.6,312.4,1504,49.5,109,0,0,0,0,0,0,8.799999999999955,74448.0,5395.5,34051.6
4862,L52041,L,303.5,312.3,1946,21.1,112,0,0,0,0,0,0,8.800000000000011,41060.600000000006,2363.2000000000003,34977.6
4863,L52042,L,303.5,312.1,1326,55.7,114,0,0,0,0,0,0,8.600000000000023,73858.2,6349.8,35579.4
4864,M19723,M,303.6,312.3,1915,22.3,116,0,0,0,0,0,0,8.699999999999989,42704.5,2586.8,36226.8
4865,L52044,L,303.6,312.3,1451,43.4,119,0,0,0,0,0,0,8.699999999999989,62973.4,5164.599999999999,37163.700000000004
4866,M19725,M,303.5,312.3,1624,34.8,121,0,0,0,0,0,0,8.800000000000011,56515.2,4210.799999999999,37788.3
4867,L52046,L,303.6,312.4,1781,28.7,124,0,0,0,0,0,0,8.799999999999955,51114.7,3558.7999999999997,38737.6
4868,L52047,L,303.6,312.5,1345,54.1,126,0,0,0,0,0,0,8.899999999999977,72764.5,6816.6,39375.0
4869,L52048,L,303.6,312.4,1418,46.0,128,0,0,0,0,0,0,8.799999999999955,65228.0,5888.0,39987.2
4870,L52049,L,303.7,312.4,1718,26.5,130,0,0,0,0,0,0,8.699999999999989,45527.0,3445.0,40612.0
4871,M19730,M,303.7,312.4,1631,28.5,132,0,0,0,0,0,0,8.699999999999989,46483.5,3762.0,41236.799999999996
4872,L52051,L,303.7,312.4,1513,40.1,135,0,0,0,0,0,0,8.699999999999989,60671.3,5413.5,42174.0
4873,L52052,L,303.7,312.4,1316,59.3,137,0,0,0,0,0,0,8.699999999999989,78038.8,8124.099999999999,42798.799999999996
4874,M19733,M,303.7,312.4,1474,38.8,139,0,0,0,0,0,0,8.699999999999989,57191.2,5393.2,43423.6
4875,L52054,L,303.8,312.5,1619,30.9,142,0,0,0,0,0,0,8.699999999999989,50027.1,4387.8,44375.0
4876,L52055,L,303.7,312.4,1702,31.2,144,0,0,0,0,0,0,8.699999999999989,53102.4,4492.8,44985.6
4877,M19736,M,303.7,312.4,1540,37.4,146,0,0,0,0,0,0,8.699999999999989,57596.0,5460.4,45610.399999999994
4878,M19737,M,303.7,312.4,1546,33.7,149,0,0,0,0,0,0,8.699999999999989,52100.200000000004,5021.3,46547.6
4879,L52058,L,303.7,312.4,1348,51.0,152,0,0,0,0,0,0,8.699999999999989,68748.0,7752.0,47484.799999999996
4880,H34293,H,303.7,312.5,1520,35.6,154,0,0,0,0,0,0,8.800000000000011,54112.0,5482.400000000001,48125.0
4881,M19740,M,303.8,312.6,1527,41.9,159,0,0,0,0,0,0,8.800000000000011,63981.299999999996,6662.099999999999,49703.4
4882,M19741,M,303.8,312.6,1406,47.1,162,0,0,0,0,0,0,8.800000000000011,66222.6,7630.2,50641.200000000004
4883,L52062,L,303.7,312.5,1462,46.2,165,0,0,0,0,0,0,8.800000000000011,67544.40000000001,7623.000000000001,51562.5
4884,M19743,M,303.8,312.6,1684,29.3,167,0,0,0,0,0,0,8.800000000000011,49341.200000000004,4893.1,52204.200000000004
4885,H34298,H,303.8,312.5,1655,28.0,170,0,0,0,0,0,0,8.699999999999989,46340.0,4760.0,53125.0
4886,H34299,H,303.8,312.5,1748,25.1,175,0,0,0,0,0,0,8.699999999999989,43874.8,4392.5,54687.5
4887,L52066,L,303.8,312.5,1372,45.7,180,0,0,0,0,0,0,8.699999999999989,62700.4,8226.0,56250.0
4888,L52067,L,303.7,312.5,1481,33.3,182,0,0,0,0,0,0,8.800000000000011,49317.299999999996,6060.599999999999,56875.0
4889,L52068,L,303.7,312.4,1512,39.2,184,0,0,0,0,0,0,8.699999999999989,59270.4,7212.8,57481.6
4890,L52069,L,303.7,312.5,1632,36.6,186,0,0,0,0,0,0,8.800000000000011,59731.200000000004,6807.6,58125.0
4891,L52070,L,303.7,312.4,1525,43.9,188,0,0,0,0,0,0,8.699999999999989,66947.5,8253.199999999999,58731.2
4892,M19751,M,303.7,312.3,1756,26.4,190,0,0,0,0,0,0,8.600000000000023,46358.399999999994,5016.0,59337.0
4893,L52072,L,303.7,312.3,1922,23.1,193,0,0,0,0,0,0,8.600000000000023,44398.200000000004,4458.3,60273.9
4894,M19753,M,303.8,312.5,1448,44.3,195,0,0,0,0,0,0,8.699999999999989,64146.399999999994,8638.5,60937.5
4895,H34308,H,303.8,312.5,1447,46.6,198,0,0,0,0,0,0,8.699999999999989,67430.2,9226.800000000001,61875.0
4896,M19755,M,303.8,312.4,1597,33.4,203,0,0,0,0,0,0,8.599999999999966,53339.799999999996,6780.2,63417.2
4897,M19756,M,303.7,312.4,1642,32.3,206,0,0,0,0,0,0,8.699999999999989,53036.6,6653.799999999999,64354.399999999994
4898,H34311,H,303.8,312.5,1525,38.0,209,0,0,0,0,0,0,8.699999999999989,57950.0,7942.0,65312.5
4899,H34312,H,303.6,312.4,1460,53.7,214,0,0,0,0,0,0,8.799999999999955,78402.0,11491.800000000001,66853.59999999999
4900,L52079,L,303.6,312.3,2168,17.7,219,0,0,0,0,0,0,8.699999999999989,38373.6,3876.2999999999997,68393.7
4901,L52080,L,303.6,312.4,1388,41.9,221,0,0,0,0,0,0,8.799999999999955,58157.2,9259.9,69040.4
4902,M19761,M,303.6,312.3,1630,32.4,223,0,0,0,0,0,0,8.699999999999989,52812.0,7225.2,69642.90000000001
4903,L52082,L,303.6,312.3,1616,29.3,226,0,0,0,0,0,0,8.699999999999989,47348.8,6621.8,70579.8
4904,L52083,L,303.6,312.4,2232,16.8,0,0,0,0,0,0,0,8.799999999999955,37497.6,0.0,0.0
4905,H34318,H,303.6,312.4,1480,50.7,2,0,0,0,0,0,0,8.799999999999955,75036.0,101.4,624.8
4906,L52085,L,303.6,312.4,1363,53.1,7,0,0,0,0,0,0,8.799999999999955,72375.3,371.7,2186.7999999999997
4907,H34320,H,303.6,312.4,1436,45.6,9,0,0,0,0,0,0,8.799999999999955,65481.6,410.40000000000003,2811.6
4908,M19767,M,303.6,312.5,1607,33.7,14,0,0,0,0,0,0,8.899999999999977,54155.9,471.80000000000007,4375.0
4909,M19768,M,303.6,312.5,1459,48.2,17,0,0,0,0,0,0,8.899999999999977,70323.8,819.4000000000001,5312.5
4910,L52089,L,303.5,312.4,1481,43.7,20,0,0,0,0,0,0,8.899999999999977,64719.700000000004,874.0,6248.0
4911,M19770,M,303.5,312.4,1606,31.7,22,0,0,0,0,0,0,8.899999999999977,50910.2,697.4,6872.799999999999
4912,L52091,L,303.5,312.3,1681,29.8,25,0,0,0,0,0,0,8.800000000000011,50093.8,745.0,7807.5
4913,L52092,L,303.5,312.2,1511,37.1,27,0,0,0,0,0,0,8.699999999999989,56058.1,1001.7,8429.4
4914,M19773,M,303.5,312.3,1593,35.2,29,0,0,0,0,0,0,8.800000000000011,56073.600000000006,1020.8000000000001,9056.7
4915,M19774,M,303.5,312.3,1532,41.7,32,0,0,0,0,0,0,8.800000000000011,63884.4,1334.4,9993.6
4916,H34329,H,303.5,312.3,1386,49.0,35,0,0,0,0,0,0,8.800000000000011,67914.0,1715.0,10930.5
4917,H34330,H,303.4,312.3,1769,27.9,40,0,0,0,0,0,0,8.900000000000034,49355.1,1116.0,12492.0
4918,M19777,M,303.4,312.2,1561,38.2,45,0,0,0,0,0,0,8.800000000000011,59630.200000000004,1719.0000000000002,14049.0
4919,L52098,L,303.3,312.2,1457,40.7,48,0,0,0,0,0,0,8.899999999999977,59299.9,1953.6000000000001,14985.599999999999
4920,L52099,L,303.3,312.2,1506,40.0,50,0,0,0,0,0,0,8.899999999999977,60240.0,2000.0,15610.0
4921,L52100,L,303.4,312.2,1337,69.4,52,1,0,0,1,0,0,8.800000000000011,92787.8,3608.8,16234.4
4922,L52101,L,303.4,312.3,1287,54.8,54,0,0,0,0,0,0,8.900000000000034,70527.59999999999,2959.2,16864.2
4923,M19782,M,303.4,312.2,1615,35.7,56,0,0,0,0,0,0,8.800000000000011,57655.50000000001,1999.2000000000003,17483.2
4924,M19783,M,303.4,312.2,1972,23.5,59,0,0,0,0,0,0,8.800000000000011,46342.0,1386.5,18419.8
4925,H34338,H,303.4,312.3,1522,42.1,62,0,0,0,0,0,0,8.900000000000034,64076.200000000004,2610.2000000000003,19362.600000000002
4926,L52105,L,303.4,312.3,1680,30.6,67,0,0,0,0,0,0,8.900000000000034,51408.0,2050.2000000000003,20924.100000000002
4927,L52106,L,303.4,312.3,1502,36.0,69,0,0,0,0,0,0,8.900000000000034,54072.0,2484.0,21548.7
4928,M19787,M,303.5,312.3,1543,33.3,71,0,0,0,0,0,0,8.800000000000011,51381.899999999994,2364.2999999999997,22173.3
4929,L52108,L,303.5,312.3,1584,35.2,74,0,0,0,0,0,0,8.800000000000011,55756.8,2604.8,23110.2
4930,L52109,L,303.5,312.4,1340,44.5,76,0,0,0,0,0,0,8.899999999999977,59630.0,3382.0,23742.399999999998
4931,L52110,L,303.4,312.3,1663,33.9,78,0,0,0,0,0,0,8.900000000000034,56375.7,2644.2,24359.4
4932,M19791,M,303.3,312.1,1693,30.0,80,0,0,0,0,0,0,8.800000000000011,50790.0,2400.0,24968.0
4933,L52112,L,303.3,312.1,1418,44.7,83,0,0,0,0,0,0,8.800000000000011,63384.600000000006,3710.1000000000004,25904.300000000003
4934,H34347,H,303.4,312.2,1554,36.8,85,0,0,0,0,0,0,8.800000000000011,57187.2,3127.9999999999995,26537.0
4935,L52114,L,303.4,312.2,1580,35.8,90,0,0,0,0,0,0,8.800000000000011,56563.99999999999,3221.9999999999995,28098.0
4936,L52115,L,303.4,312.3,1479,42.8,92,0,0,0,0,0,0,8.900000000000034,63301.2,3937.6,28731.600000000002
4937,L52116,L,303.5,312.4,1284,70.6,94,1,0,0,1,0,0,8.899999999999977,90650.4,6636.4,29365.6
4938,L52117,L,303.4,312.3,1540,38.7,96,0,0,0,0,0,0,8.900000000000034,59598.00000000001,3715.2000000000003,29980.800000000003
4939,M19798,M,303.5,312.4,1606,30.1,98,0,0,0,0,0,0,8.899999999999977,48340.600000000006,2949.8,30615.199999999997
4940,L52119,L,303.6,312.5,1286,62.4,101,0,0,0,0,0,0,8.899999999999977,80246.4,6302.4,31562.5
4941,L52120,L,303.6,312.6,1502,39.5,103,0,0,0,0,0,0,9.0,59329.0,4068.5,32197.800000000003
4942,M19801,M,303.6,312.7,1699,31.5,105,0,0,0,0,0,0,9.099999999999966,53518.5,3307.5,32833.5
4943,L52122,L,303.5,312.6,1602,34.2,108,0,0,0,0,0,0,9.100000000000023,54788.4,3693.6000000000004,33760.8
4944,H34357,H,303.6,312.6,1436,42.0,110,0,0,0,0,0,0,9.0,60312.0,4620.0,34386.0
4945,M19804,M,303.6,312.7,1765,27.5,115,0,0,0,0,0,0,9.099999999999966,48537.5,3162.5,35960.5
4946,L52125,L,303.6,312.7,1418,44.1,118,0,0,0,0,0,0,9.099999999999966,62533.8,5203.8,36898.6
4947,M19806,M,303.7,312.7,1669,31.7,120,0,0,0,0,0,0,9.0,52907.299999999996,3804.0,37524.0
4948,L52127,L,303.7,312.7,1395,53.9,123,0,0,0,0,0,0,9.0,75190.5,6629.7,38462.1
4949,M19808,M,303.8,312.7,1500,41.7,125,0,0,0,0,0,0,8.899999999999977,62550.00000000001,5212.5,39087.5
4950,M19809,M,303.8,312.7,1555,33.4,128,0,0,0,0,0,0,8.899999999999977,51937.0,4275.2,40025.6
4951,M19810,M,303.8,312.7,1919,20.2,131,0,0,0,0,0,0,8.899999999999977,38763.799999999996,2646.2,40963.7
4952,L52131,L,303.8,312.7,1596,36.6,134,0,0,0,0,0,0,8.899999999999977,58413.600000000006,4904.400000000001,41901.799999999996
4953,M19812,M,303.8,312.7,1374,53.6,136,0,0,0,0,0,0,8.899999999999977,73646.40000000001,7289.6,42527.2
4954,L52133,L,303.7,312.5,1670,26.1,139,0,0,0,0,0,0,8.800000000000011,43587.0,3627.9,43437.5
4955,L52134,L,303.7,312.6,1702,29.1,141,0,0,0,0,0,0,8.900000000000034,49528.200000000004,4103.1,44076.600000000006
4956,M19815,M,303.8,312.5,1366,45.1,143,0,0,0,0,0,0,8.699999999999989,61606.6,6449.3,44687.5
4957,M19816,M,303.8,312.5,2344,15.2,146,0,0,0,0,0,0,8.699999999999989,35628.799999999996,2219.2,45625.0
4958,M19817,M,303.8,312.6,1768,23.9,149,0,0,0,0,0,0,8.800000000000011,42255.2,3561.1,46577.4
4959,L52138,L,303.8,312.5,1523,47.0,152,0,0,0,0,0,0,8.699999999999989,71581.0,7144.0,47500.0
4960,L52139,L,303.8,312.6,1735,25.9,154,0,0,0,0,0,0,8.800000000000011,44936.5,3988.6,48140.4
4961,L52140,L,303.9,312.7,1339,62.3,156,0,0,0,0,0,0,8.800000000000011,83419.7,9718.8,48781.2
4962,L52141,L,303.9,312.7,1800,24.3,158,0,0,0,0,0,0,8.800000000000011,43740.0,3839.4,49406.6
4963,M19822,M,304.0,312.7,1456,51.2,160,0,0,0,0,0,0,8.699999999999989,74547.2,8192.0,50032.0
4964,L52143,L,303.9,312.7,1789,24.4,163,0,0,0,0,0,0,8.800000000000011,43651.6,3977.2,50970.1
4965,L52144,L,303.9,312.7,1602,33.9,165,0,0,0,0,0,0,8.800000000000011,54307.799999999996,5593.5,51595.5
4966,M19825,M,303.8,312.7,1364,49.3,167,0,0,0,0,0,0,8.899999999999977,67245.2,8233.1,52220.9
4967,L52146,L,303.8,312.6,1793,28.1,170,0,0,0,0,0,0,8.800000000000011,50383.3,4777.0,53142.00000000001
4968,L52147,L,303.9,312.6,1426,53.4,172,0,0,0,0,0,0,8.700000000000045,76148.4,9184.8,53767.200000000004
4969,M19828,M,303.9,312.7,1485,43.3,174,0,0,0,0,0,0,8.800000000000011,64300.49999999999,7534.2,54409.799999999996
4970,L52149,L,303.9,312.7,1528,38.4,177,0,0,0,0,0,0,8.800000000000011,58675.2,6796.8,55347.9
4971,L52150,L,303.8,312.6,1565,36.0,179,0,0,0,0,0,0,8.800000000000011,56340.0,6444.0,55955.4
4972,L52151,L,303.8,312.7,1838,27.8,181,0,0,0,0,0,0,8.899999999999977,51096.4,5031.8,56598.7
4973,H34386,H,303.8,312.6,1811,24.9,183,0,0,0,0,0,0,8.800000000000011,45093.899999999994,4556.7,57205.8
4974,L52153,L,303.8,312.7,1461,38.2,188,0,0,0,0,0,0,8.899999999999977,55810.200000000004,7181.6,58787.6
4975,L52154,L,303.8,312.7,1414,41.7,190,0,0,0,0,0,0,8.899999999999977,58963.8,7923.000000000001,59413.0
4976,L52155,L,303.7,312.7,1426,45.5,192,0,0,0,0,0,0,9.0,64883.0,8736.0,60038.399999999994
4977,L52156,L,303.7,312.7,1359,56.8,194,1,0,0,0,1,0,9.0,77191.2,11019.199999999999,60663.799999999996
4978,L52157,L,303.7,312.7,1540,44.8,196,0,0,0,0,0,0,9.0,68992.0,8780.8,61289.2
4979,L52158,L,303.6,312.7,1429,47.7,198,0,0,0,0,0,0,9.099999999999966,68163.3,9444.6,61914.6
4980,M19839,M,303.7,312.7,1612,36.3,200,0,0,0,0,0,0,9.0,58515.6,7259.999999999999,62540.0
4981,M19840,M,303.7,312.8,1685,31.8,203,0,0,0,0,0,0,9.100000000000023,53583.0,6455.400000000001,63498.4
4982,M19841,M,303.7,312.8,1558,37.7,206,0,0,0,0,0,0,9.100000000000023,58736.600000000006,7766.200000000001,64436.8
4983,L52162,L,303.7,313.0,1811,24.3,209,0,0,0,0,0,0,9.300000000000011,44007.3,5078.7,65417.0
4984,L52163,L,303.8,313.1,1869,25.8,211,0,0,0,0,0,0,9.300000000000011,48220.200000000004,5443.8,66064.1
4985,L52164,L,303.8,313.1,1256,58.7,213,1,0,0,0,1,0,9.300000000000011,73727.2,12503.1,66690.3
4986,M19845,M,303.8,313.0,1789,23.5,215,0,0,0,0,0,0,9.199999999999989,42041.5,5052.5,67295.0
4987,L52166,L,303.7,312.9,1502,40.5,0,0,0,0,0,0,0,9.199999999999989,60831.0,0.0,0.0
4988,M19847,M,303.7,313.0,1303,54.4,2,0,0,0,0,0,0,9.300000000000011,70883.2,108.8,626.0
4989,L52168,L,303.8,313.1,2497,13.0,5,1,0,0,1,0,0,9.300000000000011,32461.0,65.0,1565.5
4990,L52169,L,303.9,313.2,1499,37.4,7,0,0,0,0,0,0,9.300000000000011,56062.6,261.8,2192.4
4991,L52170,L,303.9,313.2,1393,46.5,9,0,0,0,0,0,0,9.300000000000011,64774.5,418.5,2818.7999999999997
4992,M19851,M,303.9,313.0,1475,41.0,11,0,0,0,0,0,0,9.100000000000023,60475.0,451.0,3443.0
4993,L52172,L,303.8,312.9,1573,34.6,14,0,0,0,0,0,0,9.099999999999966,54425.8,484.40000000000003,4380.599999999999
4994,L52173,L,303.8,312.9,1819,23.7,16,0,0,0,0,0,0,9.099999999999966,43110.299999999996,379.2,5006.4
4995,M19854,M,303.5,312.6,1642,29.4,18,0,0,0,0,0,0,9.100000000000023,48274.799999999996,529.1999999999999,5626.8
4996,L52175,L,303.6,312.6,1540,39.8,21,0,0,0,0,0,0,9.0,61291.99999999999,835.8,6564.6
4997,M19856,M,303.6,312.8,1400,43.2,23,0,0,0,0,0,0,9.199999999999989,60480.00000000001,993.6,7194.400000000001
4998,M19857,M,303.6,312.8,2659,11.4,26,1,0,0,1,0,0,9.199999999999989,30312.600000000002,296.40000000000003,8132.8
4999,M19858,M,303.6,312.8,1825,25.2,29,0,0,0,0,0,0,9.199999999999989,45990.0,730.8,9071.2
5000,M19859,M,303.7,312.9,1532,41.3,32,0,0,0,0,0,0,9.199999999999989,63271.6,1321.6,10012.8
5001,L52180,L,303.7,312.8,1832,23.6,35,0,0,0,0,0,0,9.100000000000023,43235.200000000004,826.0,10948.0
5002,M19861,M,303.6,312.7,2174,17.6,37,0,0,0,0,0,0,9.099999999999966,38262.4,651.2,11569.9
5003,L52182,L,303.7,312.8,1627,31.7,40,0,0,0,0,0,0,9.100000000000023,51575.9,1268.0,12512.0
5004,L52183,L,303.7,312.8,1437,51.3,42,0,0,0,0,0,0,9.100000000000023,73718.09999999999,2154.6,13137.6
5005,L52184,L,303.7,312.8,1364,46.3,44,0,0,0,0,0,0,9.100000000000023,63153.2,2037.1999999999998,13763.2
5006,M19865,M,303.7,312.9,1444,52.7,46,0,0,0,0,0,0,9.199999999999989,76098.8,2424.2000000000003,14393.4
5007,M19866,M,303.7,312.8,1366,47.3,49,0,0,0,0,0,0,9.100000000000023,64611.799999999996,2317.7,15327.2
5008,L52187,L,303.8,312.9,1442,48.3,52,0,0,0,0,0,0,9.099999999999966,69648.59999999999,2511.6,16270.8
5009,H34422,H,303.7,312.8,1488,42.8,54,0,0,0,0,0,0,9.100000000000023,63686.399999999994,2311.2,16891.2
5010,L52189,L,303.7,312.8,1523,40.7,59,0,0,0,0,0,0,9.100000000000023,61986.100000000006,2401.3,18455.2
5011,L52190,L,303.7,312.8,1543,38.3,61,0,0,0,0,0,0,9.100000000000023,59096.899999999994,2336.2999999999997,19080.8
5012,M19871,M,303.7,312.8,1634,33.8,63,0,0,0,0,0,0,9.100000000000023,55229.2,2129.3999999999996,19706.4
5013,M19872,M,303.8,312.9,1815,27.8,66,0,0,0,0,0,0,9.099999999999966,50457.0,1834.8,20651.399999999998
5014,M19873,M,303.8,312.9,1594,35.2,69,0,0,0,0,0,0,9.099999999999966,56108.8,2428.8,21590.1
5015,L52194,L,303.8,313.0,1452,38.6,72,0,0,0,0,0,0,9.199999999999989,56047.200000000004,2779.2000000000003,22536.0
5016,L52195,L,303.9,313.0,1759,28.4,74,0,0,0,0,0,0,9.100000000000023,49955.6,2101.6,23162.0
5017,L52196,L,303.9,313.0,1408,47.5,76,0,0,0,0,0,0,9.100000000000023,66880.0,3610.0,23788.0
5018,L52197,L,303.9,313.0,1483,45.0,78,0,0,0,0,0,0,9.100000000000023,66735.0,3510.0,24414.0
5019,M19878,M,303.9,313.0,1620,36.6,80,0,0,0,0,0,0,9.100000000000023,59292.0,2928.0,25040.0
5020,M19879,M,304.0,313.1,1466,39.5,83,0,0,0,0,0,0,9.100000000000023,57907.0,3278.5,25987.300000000003
5021,L52200,L,304.1,313.1,1556,36.3,86,0,0,0,0,0,0,9.0,56482.799999999996,3121.7999999999997,26926.600000000002
5022,L52201,L,304.0,313.0,1350,61.1,88,0,0,0,0,0,0,9.0,82485.0,5376.8,27544.0
5023,L52202,L,304.0,313.1,1404,47.1,90,0,0,0,0,0,0,9.100000000000023,66128.40000000001,4239.0,28179.000000000004
5024,M19883,M,304.0,313.0,1575,34.5,92,0,0,0,0,0,0,9.0,54337.5,3174.0,28796.0
5025,L52204,L,303.9,313.1,1639,29.0,95,0,0,0,0,0,0,9.200000000000045,47531.0,2755.0,29744.500000000004
5026,M19885,M,303.9,313.1,1473,42.8,97,0,0,0,0,0,0,9.200000000000045,63044.399999999994,4151.599999999999,30370.7
5027,L52206,L,303.9,313.2,1481,40.0,100,0,0,0,0,0,0,9.300000000000011,59240.0,4000.0,31320.0
5028,L52207,L,304.0,313.3,1294,54.6,102,0,0,0,0,0,0,9.300000000000011,70652.40000000001,5569.2,31956.600000000002
5029,M19888,M,303.9,313.2,1630,29.3,104,0,0,0,0,0,0,9.300000000000011,47759.0,3047.2000000000003,32572.8
5030,M19889,M,303.9,313.2,1624,39.8,107,0,0,0,0,0,0,9.300000000000011,64635.2,4258.599999999999,33512.4
5031,M19890,M,303.9,313.1,1437,48.3,110,0,0,0,0,0,0,9.200000000000045,69407.09999999999,5313.0,34441.0
5032,M19891,M,303.8,313.0,1514,45.0,113,0,0,0,0,0,0,9.199999999999989,68130.0,5085.0,35369.0
5033,M19892,M,304.0,313.1,1694,31.4,116,0,0,0,0,0,0,9.100000000000023,53191.6,3642.3999999999996,36319.600000000006
5034,L52213,L,304.0,313.1,1564,50.9,119,0,0,0,0,0,0,9.100000000000023,79607.59999999999,6057.099999999999,37258.9
5035,M19894,M,303.9,313.1,1514,41.1,121,0,0,0,0,0,0,9.200000000000045,62225.4,4973.1,37885.100000000006
5036,M19895,M,304.0,313.2,1500,40.6,124,0,0,0,0,0,0,9.199999999999989,60900.0,5034.400000000001,38836.799999999996
5037,L52216,L,304.0,313.2,1615,37.8,127,0,0,0,0,0,0,9.199999999999989,61046.99999999999,4800.599999999999,39776.4
5038,M19897,M,304.1,313.2,1586,41.1,129,0,0,0,0,0,0,9.099999999999966,65184.600000000006,5301.900000000001,40402.799999999996
5039,L52218,L,304.1,313.3,1732,28.5,132,0,0,0,0,0,0,9.199999999999989,49362.0,3762.0,41355.6
5040,H34453,H,304.1,313.3,1689,32.5,134,0,0,0,0,0,0,9.199999999999989,54892.5,4355.0,41982.200000000004
5041,H34454,H,304.1,313.2,1586,34.6,139,0,0,0,0,0,0,9.099999999999966,54875.600000000006,4809.400000000001,43534.799999999996
5042,L52221,L,304.0,313.2,1314,47.1,144,0,0,0,0,0,0,9.199999999999989,61889.4,6782.400000000001,45100.799999999996
5043,L52222,L,304.1,313.2,1569,35.8,146,0,0,0,0,0,0,9.099999999999966,56170.2,5226.799999999999,45727.2
5044,L52223,L,304.1,313.2,1468,39.4,148,0,0,0,0,0,0,9.099999999999966,57839.2,5831.2,46353.6
5045,L52224,L,304.1,313.2,1412,47.5,150,0,0,0,0,0,0,9.099999999999966,67070.0,7125.0,46980.0
5046,M19905,M,304.1,313.2,1510,46.9,152,0,0,0,0,0,0,9.099999999999966,70819.0,7128.8,47606.4
5047,M19906,M,304.1,313.2,1410,42.4,155,0,0,0,0,0,0,9.099999999999966,59784.0,6572.0,48546.0
5048,M19907,M,304.1,313.3,1680,29.3,158,0,0,0,0,0,0,9.199999999999989,49224.0,4629.400000000001,49501.4
5049,H34462,H,304.0,313.2,1271,68.6,161,1,0,0,1,0,0,9.199999999999989,87190.59999999999,11044.599999999999,50425.2
5050,H34463,H,304.0,313.1,1472,45.5,166,0,0,0,0,0,0,9.100000000000023,66976.0,7553.0,51974.600000000006
5051,H34464,H,304.0,313.0,1701,30.4,171,0,0,0,0,0,0,9.0,51710.399999999994,5198.4,53523.0
5052,L52231,L,303.9,313.0,1480,39.9,176,0,0,0,0,0,0,9.100000000000023,59052.0,7022.4,55088.0
5053,L52232,L,303.9,313.0,1433,48.4,178,0,0,0,0,0,0,9.100000000000023,69357.2,8615.199999999999,55714.0
5054,L52233,L,303.8,312.9,1514,34.3,180,0,0,0,0,0,0,9.099999999999966,51930.2,6173.999999999999,56321.99999999999
5055,L52234,L,303.8,312.9,1619,35.7,182,0,0,0,0,0,0,9.099999999999966,57798.3,6497.400000000001,56947.799999999996
5056,H34469,H,303.8,312.9,1378,45.6,184,0,0,0,0,0,0,9.099999999999966,62836.8,8390.4,57573.6
5057,M19916,M,303.9,312.9,1430,53.5,189,0,0,0,0,0,0,9.0,76505.0,10111.5,59138.1
5058,L52237,L,303.8,312.9,1367,49.9,192,0,0,0,0,0,0,9.099999999999966,68213.3,9580.8,60076.799999999996
5059,L52238,L,303.9,312.9,1526,42.5,194,0,0,0,0,0,0,9.0,64855.0,8245.0,60702.6
5060,L52239,L,303.9,312.8,1419,47.9,196,0,0,0,0,0,0,8.900000000000034,67970.09999999999,9388.4,61308.8
5061,L52240,L,304.0,312.8,1542,42.7,198,0,0,0,0,0,0,8.800000000000011,65843.40000000001,8454.6,61934.4
5062,L52241,L,304.0,312.9,1363,62.5,200,1,0,0,0,1,0,8.899999999999977,85187.5,12500.0,62579.99999999999
5063,L52242,L,304.0,312.9,1313,53.9,202,0,0,0,0,0,0,8.899999999999977,70770.7,10887.8,63205.799999999996
5064,H34477,H,304.0,312.9,1495,46.6,0,0,0,0,0,0,0,8.899999999999977,69667.0,0.0,0.0
5065,L52244,L,304.0,313.0,1407,42.1,5,0,0,0,0,0,0,9.0,59234.700000000004,210.5,1565.0
5066,L52245,L,304.1,313.0,1566,37.2,7,0,0,0,0,0,0,8.899999999999977,58255.200000000004,260.40000000000003,2191.0
5067,L52246,L,304.1,313.1,1550,30.9,9,0,0,0,0,0,0,9.0,47895.0,278.09999999999997,2817.9
5068,M19927,M,304.2,313.2,1396,50.5,11,0,0,0,0,0,0,9.0,70498.0,555.5,3445.2
5069,M19928,M,304.3,313.3,1540,39.0,14,0,0,0,0,0,0,9.0,60060.0,546.0,4386.2
5070,M19929,M,304.2,313.2,1380,48.7,17,0,0,0,0,0,0,9.0,67206.0,827.9000000000001,5324.4
5071,M19930,M,304.2,313.1,1608,31.1,20,0,0,0,0,0,0,8.900000000000034,50008.8,622.0,6262.0
5072,H34485,H,304.2,313.0,1442,40.9,23,0,0,0,0,0,0,8.800000000000011,58977.799999999996,940.6999999999999,7199.0
5073,L52252,L,304.1,313.0,1408,45.3,28,0,0,0,0,0,0,8.899999999999977,63782.399999999994,1268.3999999999999,8764.0
5074,M19933,M,304.0,313.0,1454,46.8,30,0,0,0,0,0,0,9.0,68047.2,1404.0,9390.0
5075,L52254,L,304.1,313.1,1666,34.6,33,0,0,0,0,0,0,9.0,57643.600000000006,1141.8,10332.300000000001
5076,L52255,L,304.1,313.2,1366,46.6,35,0,0,0,0,0,0,9.099999999999966,63655.6,1631.0,10962.0
5077,L52256,L,304.2,313.2,1464,44.9,37,0,0,0,0,0,0,9.0,65733.59999999999,1661.3,11588.4
5078,L52257,L,304.3,313.3,1775,24.9,39,0,0,0,0,0,0,9.0,44197.5,971.0999999999999,12218.7
5079,M19938,M,304.3,313.4,1482,43.8,41,0,0,0,0,0,0,9.099999999999966,64911.6,1795.8,12849.4
5080,M19939,M,304.2,313.4,1411,54.8,44,0,0,0,0,0,0,9.199999999999989,77322.8,2411.2,13789.599999999999
5081,L52260,L,304.2,313.3,1410,51.6,47,0,0,0,0,0,0,9.100000000000023,72756.0,2425.2000000000003,14725.1
5082,M19941,M,304.1,313.3,1494,39.0,49,0,0,0,0,0,0,9.199999999999989,58266.0,1911.0,15351.7
5083,H34496,H,304.1,313.2,1590,43.4,52,0,0,0,0,0,0,9.099999999999966,69006.0,2256.7999999999997,16286.4
5084,L52263,L,304.1,313.1,1327,54.1,57,0,0,0,0,0,0,9.0,71790.7,3083.7000000000003,17846.7
5085,L52264,L,304.1,313.1,1969,20.8,59,0,0,0,0,0,0,9.0,40955.200000000004,1227.2,18472.9
5086,M19945,M,304.0,313.0,1377,56.0,61,0,0,0,0,0,0,9.0,77112.0,3416.0,19093.0
5087,L52266,L,304.0,313.0,1541,45.9,64,0,0,0,0,0,0,9.0,70731.9,2937.6,20032.0
5088,M19947,M,304.0,313.0,1685,28.2,66,0,0,0,0,0,0,9.0,47517.0,1861.2,20658.0
5089,L52268,L,304.0,313.1,1465,41.0,69,0,0,0,0,0,0,9.100000000000023,60065.0,2829.0,21603.9
5090,M19949,M,303.9,313.1,1483,47.2,71,0,0,0,0,0,0,9.200000000000045,69997.6,3351.2000000000003,22230.100000000002
5091,M19950,M,303.9,313.2,1570,40.7,74,0,0,0,0,0,0,9.300000000000011,63899.00000000001,3011.8,23176.8
5092,L52271,L,303.9,313.2,1345,48.2,77,0,0,0,0,0,0,9.300000000000011,64829.00000000001,3711.4,24116.399999999998
5093,M19952,M,303.9,313.2,1608,40.6,79,0,0,0,0,0,0,9.300000000000011,65284.8,3207.4,24742.8
5094,M19953,M,304.0,313.3,1415,52.8,82,0,0,0,0,0,0,9.300000000000011,74712.0,4329.599999999999,25690.600000000002
5095,M19954,M,304.1,313.5,1470,45.8,85,0,0,0,0,0,0,9.399999999999977,67326.0,3892.9999999999995,26647.5
5096,M19955,M,304.1,313.5,1428,39.9,88,0,0,0,0,0,0,9.399999999999977,56977.2,3511.2,27588.0
5097,H34510,H,304.2,313.5,1627,32.2,91,0,0,0,0,0,0,9.300000000000011,52389.4,2930.2000000000003,28528.5
5098,L52277,L,304.2,313.4,1457,49.4,96,0,0,0,0,0,0,9.199999999999989,71975.8,4742.4,30086.399999999998
5099,L52278,L,304.2,313.4,1475,40.2,98,0,0,0,0,0,0,9.199999999999989,59295.00000000001,3939.6000000000004,30713.199999999997
5100,L52279,L,304.2,313.5,1438,50.1,100,0,0,0,0,0,0,9.300000000000011,72043.8,5010.0,31350.0
5101,M19960,M,304.2,313.5,1437,47.2,102,0,0,0,0,0,0,9.300000000000011,67826.40000000001,4814.400000000001,31977.0
5102,M19961,M,304.1,313.4,1518,42.4,105,0,0,0,0,0,0,9.299999999999955,64363.2,4452.0,32907.0
5103,M19962,M,304.1,313.5,1587,33.6,108,0,0,0,0,0,0,9.399999999999977,53323.200000000004,3628.8,33858.0
5104,L52283,L,304.1,313.4,1399,43.7,111,0,0,0,0,0,0,9.299999999999955,61136.3,4850.700000000001,34787.399999999994
5105,L52284,L,304.1,313.5,1469,44.6,113,0,0,0,0,0,0,9.399999999999977,65517.4,5039.8,35425.5
5106,L52285,L,304.1,313.4,1374,56.6,115,0,0,0,0,0,0,9.299999999999955,77768.40000000001,6509.0,36041.0
5107,L52286,L,304.0,313.3,1519,36.7,117,0,0,0,0,0,0,9.300000000000011,55747.3,4293.900000000001,36656.1
5108,L52287,L,303.9,313.2,1540,44.4,119,0,0,0,0,0,0,9.300000000000011,68376.0,5283.599999999999,37270.799999999996
5109,L52288,L,303.9,313.3,1394,51.6,121,0,0,0,0,0,0,9.400000000000034,71930.40000000001,6243.6,37909.3
5110,M19969,M,304.0,313.4,1389,45.8,123,0,0,0,0,0,0,9.399999999999977,63616.2,5633.4,38548.2
5111,M19970,M,304.0,313.5,1732,26.2,126,0,0,0,0,0,0,9.5,45378.4,3301.2,39501.0
5112,L52291,L,304.1,313.6,1556,37.4,129,0,0,0,0,0,0,9.5,58194.399999999994,4824.599999999999,40454.4
5113,M19972,M,304.1,313.6,1441,43.7,131,0,0,0,0,0,0,9.5,62971.700000000004,5724.700000000001,41081.600000000006
5114,L52293,L,304.1,313.6,1382,46.7,134,0,0,0,0,0,0,9.5,64539.4,6257.8,42022.4
5115,M19974,M,304.2,313.8,1481,44.9,136,0,0,0,0,0,0,9.600000000000023,66496.9,6106.4,42676.8
5116,M19975,M,304.2,313.7,2113,18.4,139,0,0,0,0,0,0,9.5,38879.2,2557.6,43604.299999999996
5117,L52296,L,304.2,313.8,1401,53.9,142,0,0,0,0,0,0,9.600000000000023,75513.9,7653.8,44559.6
5118,L52297,L,304.1,313.6,1611,31.4,144,0,0,0,0,0,0,9.5,50585.399999999994,4521.599999999999,45158.4
5119,M19978,M,304.2,313.6,1512,33.4,146,0,0,0,0,0,0,9.400000000000034,50500.799999999996,4876.4,45785.600000000006
5120,L52299,L,304.2,313.6,1411,46.0,149,0,0,0,0,0,0,9.400000000000034,64906.0,6854.0,46726.4
5121,M19980,M,304.2,313.6,1424,43.7,151,0,0,0,0,0,0,9.400000000000034,62228.8,6598.700000000001,47353.600000000006
5122,L52301,L,304.2,313.6,1469,40.0,154,0,0,0,0,0,0,9.400000000000034,58760.0,6160.0,48294.4
5123,H34536,H,304.2,313.5,1684,29.8,156,0,0,0,0,0,0,9.300000000000011,50183.200000000004,4648.8,48906.0
5124,M19983,M,304.2,313.5,1532,41.3,161,0,0,0,0,0,0,9.300000000000011,63271.6,6649.299999999999,50473.5
5125,M19984,M,304.2,313.5,1557,37.3,164,0,0,0,0,0,0,9.300000000000011,58076.1,6117.2,51414.0
5126,M19985,M,304.3,313.5,1416,48.1,167,0,0,0,0,0,0,9.199999999999989,68109.6,8032.7,52354.5
5127,L52306,L,304.3,313.5,1802,25.4,170,0,0,0,0,0,0,9.199999999999989,45770.799999999996,4318.0,53295.0
5128,M19987,M,304.3,313.5,2245,15.1,172,0,0,0,0,0,0,9.199999999999989,33899.5,2597.2,53922.0
5129,L52308,L,304.2,313.4,1434,42.5,175,0,0,0,0,0,0,9.199999999999989,60945.0,7437.5,54844.99999999999
5130,M19989,M,304.1,313.3,1725,28.3,177,0,0,0,0,0,0,9.199999999999989,48817.5,5009.1,55454.1
5131,L52310,L,304.2,313.3,1668,35.7,180,0,0,0,0,0,0,9.100000000000023,59547.600000000006,6426.000000000001,56394.0
5132,L52311,L,304.1,313.3,1452,43.9,182,0,0,0,0,0,0,9.199999999999989,63742.799999999996,7989.8,57020.6
5133,L52312,L,304.1,313.3,1415,50.0,184,0,0,0,0,0,0,9.199999999999989,70750.0,9200.0,57647.200000000004
5134,L52313,L,304.1,313.2,1824,25.8,186,0,0,0,0,0,0,9.099999999999966,47059.200000000004,4798.8,58255.2
5135,L52314,L,304.1,313.3,1438,45.5,188,0,0,0,0,0,0,9.199999999999989,65429.0,8554.0,58900.4
5136,L52315,L,304.1,313.3,1883,24.5,190,0,0,0,0,0,0,9.199999999999989,46133.5,4655.0,59527.0
5137,L52316,L,304.2,313.4,1735,28.9,192,0,0,0,0,0,0,9.199999999999989,50141.5,5548.799999999999,60172.799999999996
5138,L52317,L,304.3,313.5,1464,36.7,194,0,0,0,0,0,0,9.199999999999989,53728.8,7119.8,60819.0
5139,M19998,M,304.3,313.6,1489,40.3,196,0,0,0,0,0,0,9.300000000000011,60006.7,7898.799999999999,61465.600000000006
5140,M19999,M,304.4,313.6,1510,38.9,199,0,0,0,0,0,0,9.200000000000045,58739.0,7741.099999999999,62406.4
5141,M20000,M,304.3,313.6,1585,32.1,202,0,0,0,0,0,0,9.300000000000011,50878.5,6484.200000000001,63347.200000000004
5142,L52321,L,304.4,313.7,1509,35.0,205,1,1,0,0,0,0,9.300000000000011,52815.0,7175.0,64308.5
5143,L52322,L,304.4,313.6,1568,39.1,0,0,0,0,0,0,0,9.200000000000045,61308.8,0.0,0.0
5144,M20003,M,304.3,313.5,1525,42.0,2,0,0,0,0,0,0,9.199999999999989,64050.0,84.0,627.0
5145,L52324,L,304.4,313.7,1607,33.5,5,0,0,0,0,0,0,9.300000000000011,53834.5,167.5,1568.5
5146,L52325,L,304.5,313.7,1670,32.9,7,0,0,0,0,0,0,9.199999999999989,54943.0,230.29999999999998,2195.9
5147,L52326,L,304.4,313.6,1585,38.9,9,0,0,0,0,0,0,9.200000000000045,61656.5,350.09999999999997,2822.4
5148,L52327,L,304.4,313.6,1569,38.4,11,0,0,0,0,0,0,9.200000000000045,60249.6,422.4,3449.6000000000004
5149,L52328,L,304.4,313.6,1507,43.1,13,0,0,0,0,0,0,9.200000000000045,64951.700000000004,560.3000000000001,4076.8
5150,L52329,L,304.3,313.5,1452,41.5,15,0,0,0,0,0,0,9.199999999999989,60258.0,622.5,4702.5
5151,L52330,L,304.3,313.5,1590,29.8,17,0,0,0,0,0,0,9.199999999999989,47382.0,506.6,5329.5
5152,L52331,L,304.3,313.6,1409,56.0,19,0,0,0,0,0,0,9.300000000000011,78904.0,1064.0,5958.400000000001
5153,L52332,L,304.3,313.5,2643,12.7,21,0,0,0,0,0,0,9.199999999999989,33566.1,266.7,6583.5
5154,L52333,L,304.2,313.4,1644,31.7,23,0,0,0,0,0,0,9.199999999999989,52114.799999999996,729.1,7208.2
5155,L52334,L,304.2,313.4,1568,37.6,25,0,0,0,0,0,0,9.199999999999989,58956.8,940.0,7834.999999999999
5156,H34569,H,304.2,313.3,1625,37.3,27,0,0,0,0,0,0,9.100000000000023,60612.49999999999,1007.0999999999999,8459.1
5157,L52336,L,304.2,313.4,1482,41.4,32,0,0,0,0,0,0,9.199999999999989,61354.799999999996,1324.8,10028.8
5158,H34571,H,304.1,313.3,1397,49.6,34,0,0,0,0,0,0,9.199999999999989,69291.2,1686.4,10652.2
5159,L52338,L,304.1,313.3,1459,50.3,39,0,0,0,0,0,0,9.199999999999989,73387.7,1961.6999999999998,12218.7
5160,L52339,L,304.2,313.4,1490,44.0,41,0,0,0,0,0,0,9.199999999999989,65560.0,1804.0,12849.4
5161,L52340,L,304.1,313.2,1434,50.1,43,0,0,0,0,0,0,9.099999999999966,71843.40000000001,2154.3,13467.6
5162,M20021,M,304.1,313.2,2028,18.9,45,0,0,0,0,0,0,9.099999999999966,38329.2,850.4999999999999,14094.0
5163,L52342,L,304.2,313.3,1464,45.9,48,0,0,0,0,0,0,9.100000000000023,67197.59999999999,2203.2,15038.400000000001
5164,M20023,M,304.2,313.4,1713,23.5,50,0,0,0,0,0,0,9.199999999999989,40255.5,1175.0,15669.999999999998
5165,M20024,M,304.3,313.4,1624,32.1,53,0,0,0,0,0,0,9.099999999999966,52130.4,1701.3000000000002,16610.199999999997
5166,L52345,L,304.2,313.4,1421,43.4,56,0,0,0,0,0,0,9.199999999999989,61671.4,2430.4,17550.399999999998
5167,H34580,H,304.2,313.5,1546,41.4,58,0,0,0,0,0,0,9.300000000000011,64004.399999999994,2401.2,18183.0
5168,L52347,L,304.2,313.4,1639,32.7,63,0,0,0,0,0,0,9.199999999999989,53595.3,2060.1000000000004,19744.199999999997
5169,H34582,H,304.1,313.4,1696,29.6,65,0,0,0,0,0,0,9.299999999999955,50201.600000000006,1924.0,20371.0
5170,L52349,L,304.1,313.3,1470,39.9,70,0,0,0,0,0,0,9.199999999999989,58653.0,2793.0,21931.0
5171,M20030,M,304.1,313.3,1480,38.4,72,0,0,0,0,0,0,9.199999999999989,56832.0,2764.7999999999997,22557.600000000002
5172,M20031,M,304.2,313.4,1329,54.5,75,0,0,0,0,0,0,9.199999999999989,72430.5,4087.5,23505.0
5173,L52352,L,304.2,313.4,1740,28.2,78,0,0,0,0,0,0,9.199999999999989,49068.0,2199.6,24445.199999999997
5174,M20033,M,304.2,313.5,1739,28.1,80,0,0,0,0,0,0,9.300000000000011,48865.9,2248.0,25080.0
5175,M20034,M,304.2,313.5,1390,47.8,83,0,0,0,0,0,0,9.300000000000011,66442.0,3967.3999999999996,26020.5
5176,L52355,L,304.2,313.4,1740,23.7,86,0,0,0,0,0,0,9.199999999999989,41238.0,2038.2,26952.399999999998
5177,M20036,M,304.0,313.3,1844,27.1,88,0,0,0,0,0,0,9.300000000000011,49972.4,2384.8,27570.4
5178,H34591,H,304.0,313.1,1388,53.2,91,0,0,0,0,0,0,9.100000000000023,73841.6,4841.2,28492.100000000002
5179,H34592,H,304.0,313.2,1517,43.1,96,0,0,0,0,0,0,9.199999999999989,65382.700000000004,4137.6,30067.199999999997
5180,M20039,M,304.0,313.1,1450,42.8,101,0,0,0,0,0,0,9.100000000000023,62059.99999999999,4322.799999999999,31623.100000000002
5181,L52360,L,304.0,313.2,1584,38.7,104,0,0,0,0,0,0,9.199999999999989,61300.8,4024.8,32572.8
5182,L52361,L,304.0,313.1,1720,28.7,106,0,0,0,0,0,0,9.100000000000023,49364.0,3042.2,33188.600000000006
5183,L52362,L,303.9,313.1,1586,31.9,108,0,0,0,0,0,0,9.200000000000045,50593.399999999994,3445.2,33814.8
5184,M20043,M,303.9,313.0,1901,22.5,110,0,0,0,0,0,0,9.100000000000023,42772.5,2475.0,34430.0
5185,L52364,L,304.0,313.0,1397,42.4,113,0,0,0,0,0,0,9.0,59232.799999999996,4791.2,35369.0
5186,L52365,L,304.0,313.0,2012,21.1,115,0,0,0,0,0,0,9.0,42453.200000000004,2426.5,35995.0
5187,L52366,L,304.0,313.0,2354,15.0,117,0,0,0,0,0,0,9.0,35310.0,1755.0,36621.0
5188,L52367,L,304.0,313.1,1648,35.7,119,0,0,0,0,0,0,9.100000000000023,58833.600000000006,4248.3,37258.9
5189,L52368,L,304.0,313.2,1632,30.6,121,0,0,0,0,0,0,9.199999999999989,49939.200000000004,3702.6000000000004,37897.2
5190,M20049,M,304.1,313.2,1427,46.9,123,0,0,0,0,0,0,9.099999999999966,66926.3,5768.7,38523.6
5191,L52370,L,304.1,313.2,1452,48.0,126,0,0,0,0,0,0,9.099999999999966,69696.0,6048.0,39463.2
5192,L52371,L,304.0,313.2,1416,46.0,128,0,0,0,0,0,0,9.199999999999989,65136.0,5888.0,40089.6
5193,L52372,L,303.9,313.1,1310,62.9,130,0,0,0,0,0,0,9.200000000000045,82399.0,8177.0,40703.0
5194,H34607,H,304.0,313.1,1408,39.8,132,0,0,0,0,0,0,9.100000000000023,56038.399999999994,5253.599999999999,41329.200000000004
5195,M20054,M,303.9,313.1,1668,34.4,137,0,0,0,0,0,0,9.200000000000045,57379.2,4712.8,42894.700000000004
5196,L52375,L,303.9,313.0,1551,36.8,140,0,0,0,0,0,0,9.100000000000023,57076.799999999996,5152.0,43820.0
5197,H34610,H,303.9,313.0,1517,36.0,142,0,0,0,0,0,0,9.100000000000023,54612.0,5112.0,44446.0
5198,H34611,H,303.8,312.9,1570,35.8,147,0,0,0,0,0,0,9.099999999999966,56205.99999999999,5262.599999999999,45996.299999999996
5199,L52378,L,303.8,312.8,1428,53.3,152,0,0,0,0,0,0,9.0,76112.4,8101.599999999999,47545.6
5200,L52379,L,303.8,312.8,1503,40.0,154,0,0,0,0,0,0,9.0,60120.0,6160.0,48171.200000000004
5201,L52380,L,303.8,312.8,1416,58.7,156,0,0,0,0,0,0,9.0,83119.2,9157.2,48796.8
5202,M20061,M,303.7,312.7,1396,47.3,158,0,0,0,0,0,0,9.0,66030.8,7473.4,49406.6
5203,L52382,L,303.7,312.7,1335,51.1,161,0,0,0,0,0,0,9.0,68218.5,8227.1,50344.7
5204,M20063,M,303.7,312.6,1671,30.5,163,0,0,0,0,0,0,8.900000000000034,50965.5,4971.5,50953.8
5205,L52384,L,303.7,312.7,1989,22.4,166,0,0,0,0,0,0,9.0,44553.6,3718.3999999999996,51908.2
5206,L52385,L,303.7,312.7,1468,43.3,168,0,0,0,0,0,0,9.0,63564.399999999994,7274.4,52533.6
5207,H34620,H,303.7,312.6,1711,27.6,170,0,0,0,0,0,0,8.900000000000034,47223.600000000006,4692.0,53142.00000000001
5208,M20067,M,303.8,312.7,1488,41.3,175,0,0,0,0,0,0,8.899999999999977,61454.399999999994,7227.499999999999,54722.5
5209,L52388,L,303.8,312.7,1664,29.3,178,0,0,0,0,0,0,8.899999999999977,48755.200000000004,5215.400000000001,55660.6
5210,M20069,M,303.8,312.7,1507,38.5,180,0,0,0,0,0,0,8.899999999999977,58019.5,6930.0,56286.0
5211,L52390,L,303.7,312.6,1466,42.5,183,0,0,0,0,0,0,8.900000000000034,62305.0,7777.5,57205.8
5212,L52391,L,303.7,312.5,1433,53.6,185,0,0,0,0,0,0,8.800000000000011,76808.8,9916.0,57812.5
5213,L52392,L,303.7,312.5,1397,45.7,187,0,0,0,0,0,0,8.800000000000011,63842.9,8545.9,58437.5
5214,M20073,M,303.7,312.6,1429,43.3,189,0,0,0,0,0,0,8.900000000000034,61875.7,8183.7,59081.4
5215,L52394,L,303.7,312.7,1572,37.2,192,0,0,0,0,0,0,9.0,58478.4,7142.400000000001,60038.399999999994
5216,M20075,M,303.7,312.7,1532,42.7,194,0,0,0,0,0,0,9.0,65416.4,8283.800000000001,60663.799999999996
5217,M20076,M,303.7,312.7,1316,51.8,197,0,0,0,0,0,0,9.0,68168.8,10204.599999999999,61601.899999999994
5218,M20077,M,303.8,312.8,1420,47.9,200,0,0,0,0,0,0,9.0,68018.0,9580.0,62560.0
5219,L52398,L,303.8,312.9,1589,37.2,203,0,0,0,0,0,0,9.099999999999966,59110.8,7551.6,63518.7
5220,L52399,L,303.8,313.0,1365,59.9,205,1,0,0,0,1,0,9.199999999999989,81763.5,12279.5,64165.0
5221,L52400,L,303.8,313.0,1633,32.9,207,0,0,0,0,0,0,9.199999999999989,53725.7,6810.299999999999,64791.0
5222,L52401,L,303.9,313.0,1626,31.4,209,0,0,0,0,0,0,9.100000000000023,51056.399999999994,6562.599999999999,65417.0
5223,L52402,L,303.9,313.1,1665,29.6,0,0,0,0,0,0,0,9.200000000000045,49284.0,0.0,0.0
5224,M20083,M,303.9,313.2,1350,47.2,2,0,0,0,0,0,0,9.300000000000011,63720.00000000001,94.4,626.4
5225,L52404,L,303.9,313.2,1590,31.9,5,0,0,0,0,0,0,9.300000000000011,50721.0,159.5,1566.0
5226,M20085,M,304.0,313.2,1437,53.9,7,0,0,0,0,0,0,9.199999999999989,77454.3,377.3,2192.4
5227,L52406,L,303.9,313.0,1403,48.3,10,0,0,0,0,0,0,9.100000000000023,67764.9,483.0,3130.0
5228,L52407,L,303.9,313.1,1440,41.1,12,0,0,0,0,0,0,9.200000000000045,59184.0,493.20000000000005,3757.2000000000003
5229,M20088,M,303.9,313.1,1343,61.4,14,0,0,0,0,0,0,9.200000000000045,82460.2,859.6,4383.400000000001
5230,H34643,H,303.9,313.1,1790,26.7,17,0,0,0,0,0,0,9.200000000000045,47793.0,453.9,5322.700000000001
5231,M20090,M,303.8,313.1,2117,18.6,22,0,0,0,0,0,0,9.300000000000011,39376.200000000004,409.20000000000005,6888.200000000001
5232,L52411,L,303.8,313.1,1458,42.2,25,0,0,0,0,0,0,9.300000000000011,61527.600000000006,1055.0,7827.500000000001
5233,L52412,L,303.6,312.9,1381,57.8,27,0,0,0,0,0,0,9.299999999999955,79821.8,1560.6,8448.3
5234,L52413,L,303.6,312.9,1450,45.3,29,0,0,0,0,0,0,9.299999999999955,65685.0,1313.6999999999998,9074.099999999999
5235,L52414,L,303.7,312.9,1461,50.1,31,0,0,0,0,0,0,9.199999999999989,73196.1,1553.1000000000001,9699.9
5236,M20095,M,303.7,312.9,1511,41.0,33,0,0,0,0,0,0,9.199999999999989,61951.0,1353.0,10325.699999999999
5237,L52416,L,303.8,313.1,1394,45.4,36,0,0,0,0,0,0,9.300000000000011,63287.6,1634.3999999999999,11271.6
5238,L52417,L,303.8,313.0,1499,42.3,38,0,0,0,0,0,0,9.199999999999989,63407.7,1607.3999999999999,11894.0
5239,L52418,L,303.7,313.0,1457,44.1,40,0,0,0,0,0,0,9.300000000000011,64253.700000000004,1764.0,12520.0
5240,L52419,L,303.7,313.0,1753,29.0,42,0,0,0,0,0,0,9.300000000000011,50837.0,1218.0,13146.0
5241,L52420,L,303.7,313.0,1694,28.0,44,0,0,0,0,0,0,9.300000000000011,47432.0,1232.0,13772.0
5242,L52421,L,303.7,313.1,1683,28.4,46,0,0,0,0,0,0,9.400000000000034,47797.2,1306.3999999999999,14402.6
5243,L52422,L,303.7,313.1,1496,47.4,48,0,0,0,0,0,0,9.400000000000034,70910.4,2275.2,15028.800000000001
5244,L52423,L,303.7,313.1,1721,34.8,50,0,0,0,0,0,0,9.400000000000034,59890.799999999996,1739.9999999999998,15655.000000000002
5245,L52424,L,303.6,313.0,1593,31.6,52,0,0,0,0,0,0,9.399999999999977,50338.8,1643.2,16276.0
5246,L52425,L,303.6,313.0,1575,38.3,54,0,0,0,0,0,0,9.399999999999977,60322.49999999999,2068.2,16902.0
5247,L52426,L,303.5,313.0,1465,41.0,56,0,0,0,0,0,0,9.5,60065.0,2296.0,17528.0
5248,L52427,L,303.6,313.1,1405,38.3,58,0,0,0,0,0,0,9.5,53811.49999999999,2221.3999999999996,18159.800000000003
5249,M20108,M,303.5,313.0,1902,21.6,60,0,0,0,0,0,0,9.5,41083.200000000004,1296.0,18780.0
5250,M20109,M,303.4,312.9,1422,39.9,63,0,0,0,0,0,0,9.5,56737.799999999996,2513.7,19712.699999999997
5251,L52430,L,303.5,312.9,1332,52.9,66,0,0,0,0,0,0,9.399999999999977,70462.8,3491.4,20651.399999999998
5252,M20111,M,303.4,312.9,1307,54.3,68,0,0,0,0,0,0,9.5,70970.09999999999,3692.3999999999996,21277.199999999997
5253,L52432,L,303.5,313.0,1322,59.5,71,0,0,0,0,0,0,9.5,78659.0,4224.5,22223.0
5254,L52433,L,303.5,313.0,1547,40.3,73,0,0,0,0,0,0,9.5,62344.1,2941.8999999999996,22849.0
5255,L52434,L,303.5,313.1,1897,23.6,75,0,0,0,0,0,0,9.600000000000023,44769.200000000004,1770.0,23482.5
5256,M20115,M,303.5,313.0,1403,51.9,77,0,0,0,0,0,0,9.5,72815.7,3996.2999999999997,24101.0
5257,L52436,L,303.5,313.0,1393,51.6,80,0,0,0,0,0,0,9.5,71878.8,4128.0,25040.0
5258,L52437,L,303.5,313.0,1482,38.5,82,0,0,0,0,0,0,9.5,57057.0,3157.0,25666.0
5259,M20118,M,303.5,312.9,1572,44.7,84,0,0,0,0,0,0,9.399999999999977,70268.40000000001,3754.8,26283.6
5260,L52439,L,303.5,312.9,1544,36.9,87,0,0,0,0,0,0,9.399999999999977,56973.6,3210.2999999999997,27222.3
5261,M20120,M,303.5,313.0,1492,46.1,89,0,0,0,0,0,0,9.5,68781.2,4102.900000000001,27857.0
5262,L52441,L,303.4,312.8,1513,35.8,92,0,0,0,0,0,0,9.400000000000034,54165.399999999994,3293.6,28777.600000000002
5263,L52442,L,303.4,312.8,1449,43.9,94,0,0,0,0,0,0,9.400000000000034,63611.1,4126.599999999999,29403.2
5264,L52443,L,303.5,312.8,1877,22.3,96,0,0,0,0,0,0,9.300000000000011,41857.1,2140.8,30028.800000000003
5265,L52444,L,303.4,312.8,1376,53.4,98,0,0,0,0,0,0,9.400000000000034,73478.4,5233.2,30654.4
5266,M20125,M,303.5,312.9,1883,23.3,100,0,0,0,0,0,0,9.399999999999977,43873.9,2330.0,31289.999999999996
5267,M20126,M,303.4,312.8,1518,38.7,103,0,0,0,0,0,0,9.400000000000034,58746.600000000006,3986.1000000000004,32218.4
5268,M20127,M,303.5,312.9,1438,42.8,106,0,0,0,0,0,0,9.399999999999977,61546.399999999994,4536.799999999999,33167.399999999994
5269,L52448,L,303.4,312.9,1389,54.1,109,0,0,0,0,0,0,9.5,75144.90000000001,5896.900000000001,34106.1
5270,L52449,L,303.5,312.9,1504,44.8,111,0,0,0,0,0,0,9.399999999999977,67379.2,4972.799999999999,34731.899999999994
5271,L52450,L,303.5,312.9,1275,64.4,113,0,0,0,0,0,0,9.399999999999977,82110.0,7277.200000000001,35357.7
5272,L52451,L,303.6,313.0,1534,39.7,115,0,0,0,0,0,0,9.399999999999977,60899.8,4565.5,35995.0
5273,M20132,M,303.6,313.0,1396,38.2,117,0,0,0,0,0,0,9.399999999999977,53327.200000000004,4469.400000000001,36621.0
5274,L52453,L,303.6,313.1,1395,44.1,120,0,0,0,0,0,0,9.5,61519.5,5292.0,37572.0
5275,L52454,L,303.6,313.0,1617,30.9,122,0,0,0,0,0,0,9.399999999999977,49965.299999999996,3769.7999999999997,38186.0
5276,L52455,L,303.7,313.1,1423,41.2,124,0,0,0,0,0,0,9.400000000000034,58627.600000000006,5108.8,38824.4
5277,L52456,L,303.5,313.0,1606,34.0,126,0,0,0,0,0,0,9.5,54604.0,4284.0,39438.0
5278,L52457,L,303.5,312.9,1501,44.0,128,0,0,0,0,0,0,9.399999999999977,66044.0,5632.0,40051.2
5279,M20138,M,303.5,312.9,1618,30.4,130,0,0,0,0,0,0,9.399999999999977,49187.2,3952.0,40677.0
5280,L52459,L,303.6,313.0,1522,35.8,133,0,0,0,0,0,0,9.399999999999977,54487.6,4761.4,41629.0
5281,L52460,L,303.6,312.9,1480,41.4,135,0,0,0,0,0,0,9.299999999999955,61272.0,5589.0,42241.5
5282,M20141,M,303.7,313.0,1469,39.9,137,0,0,0,0,0,0,9.300000000000011,58613.1,5466.3,42881.0
5283,H34696,H,303.8,313.2,1381,52.4,140,0,0,0,0,0,0,9.399999999999977,72364.4,7336.0,43848.0
5284,L52463,L,303.8,313.2,1525,41.9,145,0,0,0,0,0,0,9.399999999999977,63897.5,6075.5,45414.0
5285,M20144,M,303.8,313.2,1732,29.6,147,0,0,0,0,0,0,9.399999999999977,51267.200000000004,4351.2,46040.4
5286,L52465,L,303.8,313.1,1523,39.8,150,0,0,0,0,0,0,9.300000000000011,60615.399999999994,5970.0,46965.0
5287,L52466,L,303.8,313.1,1422,42.4,152,0,0,0,0,0,0,9.300000000000011,60292.799999999996,6444.8,47591.200000000004
5288,H34701,H,303.8,313.2,1506,46.9,154,0,0,0,0,0,0,9.399999999999977,70631.4,7222.599999999999,48232.799999999996
5289,L52468,L,303.8,313.2,1531,39.4,159,0,0,0,0,0,0,9.399999999999977,60321.4,6264.599999999999,49798.799999999996
5290,M20149,M,303.9,313.3,1507,34.3,161,0,0,0,0,0,0,9.400000000000034,51690.1,5522.299999999999,50441.3
5291,L52470,L,303.9,313.3,1526,40.7,164,0,0,0,0,0,0,9.400000000000034,62108.200000000004,6674.8,51381.200000000004
5292,L52471,L,303.8,313.3,1406,52.1,166,0,0,0,0,0,0,9.5,73252.6,8648.6,52007.8
5293,M20152,M,303.9,313.3,1567,35.0,168,0,0,0,0,0,0,9.400000000000034,54845.0,5880.0,52634.4
5294,M20153,M,303.9,313.4,1464,49.1,171,0,0,0,0,0,0,9.5,71882.40000000001,8396.1,53591.399999999994
5295,L52474,L,303.9,313.4,1442,48.5,174,0,0,0,0,0,0,9.5,69937.0,8439.0,54531.6
5296,L52475,L,303.8,313.2,1336,47.8,176,0,0,0,0,0,0,9.399999999999977,63860.799999999996,8412.8,55123.2
5297,H34710,H,303.8,313.2,1379,50.2,178,0,0,0,0,0,0,9.399999999999977,69225.8,8935.6,55749.6
5298,L52477,L,303.7,313.1,1406,48.6,183,0,0,0,0,0,0,9.400000000000034,68331.6,8893.800000000001,57297.3
5299,M20158,M,303.7,313.1,2130,18.1,185,0,0,0,0,0,0,9.400000000000034,38553.0,3348.5000000000005,57923.50000000001
5300,L52479,L,303.7,313.1,1355,49.1,188,0,0,0,0,0,0,9.400000000000034,66530.5,9230.800000000001,58862.8
5301,M20160,M,303.8,313.2,1710,26.5,190,0,0,0,0,0,0,9.399999999999977,45315.0,5035.0,59508.0
5302,L52481,L,303.8,313.1,1309,55.8,193,0,0,0,0,0,0,9.300000000000011,73042.2,10769.4,60428.3
5303,L52482,L,303.9,313.1,1491,37.2,195,0,0,0,0,0,0,9.200000000000045,55465.200000000004,7254.000000000001,61054.50000000001
5304,L52483,L,303.9,313.2,1481,44.1,197,0,0,0,0,0,0,9.300000000000011,65312.1,8687.7,61700.399999999994
5305,L52484,L,303.9,313.1,1425,49.3,199,0,0,0,0,0,0,9.200000000000045,70252.5,9810.699999999999,62306.9
5306,H34719,H,303.9,313.2,1680,29.1,201,0,0,0,0,0,0,9.300000000000011,48888.0,5849.1,62953.2
5307,H34720,H,304.0,313.2,1612,31.7,206,0,0,0,0,0,0,9.199999999999989,51100.4,6530.2,64519.2
5308,L52487,L,304.0,313.3,1530,34.8,211,0,0,0,0,0,0,9.300000000000011,53243.99999999999,7342.799999999999,66106.3
5309,L52488,L,304.0,313.2,1481,42.6,213,0,0,0,0,0,0,9.199999999999989,63090.6,9073.800000000001,66711.59999999999
5310,M20169,M,303.9,313.2,1422,48.0,215,1,1,0,0,0,0,9.300000000000011,68256.0,10320.0,67338.0
5311,L52490,L,303.8,313.0,1427,43.0,0,0,0,0,0,0,0,9.199999999999989,61361.0,0.0,0.0
5312,H34725,H,303.7,312.9,1460,49.8,2,0,0,0,0,0,0,9.199999999999989,72708.0,99.6,625.8
5313,L52492,L,303.6,312.9,1873,23.5,7,0,0,0,0,0,0,9.299999999999955,44015.5,164.5,2190.2999999999997
5314,M20173,M,303.7,312.9,1566,32.6,9,0,0,0,0,0,0,9.199999999999989,51051.600000000006,293.40000000000003,2816.1
5315,L52494,L,303.6,312.8,1701,30.8,12,0,0,0,0,0,0,9.199999999999989,52390.8,369.6,3753.6000000000004
5316,L52495,L,303.6,312.8,1710,27.2,14,0,0,0,0,0,0,9.199999999999989,46512.0,380.8,4379.2
5317,M20176,M,303.6,312.8,1689,33.1,16,0,0,0,0,0,0,9.199999999999989,55905.9,529.6,5004.8
5318,L52497,L,303.6,312.7,1637,32.9,19,0,0,0,0,0,0,9.099999999999966,53857.299999999996,625.1,5941.3
5319,L52498,L,303.5,312.6,1496,39.0,21,0,0,0,0,0,0,9.100000000000023,58344.0,819.0,6564.6
5320,M20179,M,303.5,312.7,1402,47.0,23,0,0,0,0,0,0,9.199999999999989,65894.0,1081.0,7192.099999999999
5321,L52500,L,303.4,312.7,1363,45.5,26,0,0,0,0,0,0,9.300000000000011,62016.5,1183.0,8130.2
5322,M20181,M,303.4,312.7,1576,49.9,28,0,0,0,0,0,0,9.300000000000011,78642.4,1397.2,8755.6
5323,M20182,M,303.4,312.7,1357,55.3,31,0,0,0,0,0,0,9.300000000000011,75042.09999999999,1714.3,9693.699999999999
5324,M20183,M,303.4,312.7,1399,48.4,34,0,0,0,0,0,0,9.300000000000011,67711.59999999999,1645.6,10631.8
5325,M20184,M,303.4,312.8,1526,30.8,37,0,0,0,0,0,0,9.400000000000034,47000.8,1139.6000000000001,11573.6
5326,L52505,L,303.5,312.7,1694,27.3,40,0,0,0,0,0,0,9.199999999999989,46246.200000000004,1092.0,12508.0
5327,M20186,M,303.5,312.7,1420,49.1,42,0,0,0,0,0,0,9.199999999999989,69722.0,2062.2000000000003,13133.4
5328,M20187,M,303.5,312.7,2116,16.7,45,0,0,0,0,0,0,9.199999999999989,35337.2,751.5,14071.5
5329,M20188,M,303.7,312.9,1406,41.9,48,0,0,0,0,0,0,9.199999999999989,58911.4,2011.1999999999998,15019.199999999999
5330,L52509,L,303.7,313.0,1456,45.5,51,0,0,0,0,0,0,9.300000000000011,66248.0,2320.5,15963.0
5331,L52510,L,303.6,312.9,1588,31.9,53,0,0,0,0,0,0,9.299999999999955,50657.2,1690.6999999999998,16583.699999999997
5332,L52511,L,303.7,312.8,1448,44.5,55,0,0,0,0,0,0,9.100000000000023,64436.0,2447.5,17204.0
5333,H34746,H,303.6,312.7,1403,46.2,57,0,0,0,0,0,0,9.099999999999966,64818.600000000006,2633.4,17823.899999999998
5334,M20193,M,303.5,312.6,1405,51.6,62,0,0,0,0,0,0,9.100000000000023,72498.0,3199.2000000000003,19381.2
5335,M20194,M,303.4,312.6,2706,9.8,65,1,0,0,1,0,0,9.200000000000045,26518.800000000003,637.0,20319.0
5336,M20195,M,303.3,312.4,1505,38.9,68,0,0,0,0,0,0,9.099999999999966,58544.5,2645.2,21243.199999999997
5337,L52516,L,303.2,312.4,1663,33.7,71,0,0,0,0,0,0,9.199999999999989,56043.100000000006,2392.7000000000003,22180.399999999998
5338,M20197,M,303.3,312.6,1482,44.4,73,0,0,0,0,0,0,9.300000000000011,65800.8,3241.2,22819.800000000003
5339,M20198,M,303.3,312.5,1674,32.7,76,0,0,0,0,0,0,9.199999999999989,54739.8,2485.2000000000003,23750.0
5340,M20199,M,303.4,312.7,1594,32.8,79,0,0,0,0,0,0,9.300000000000011,52283.2,2591.2,24703.3
5341,L52520,L,303.5,312.7,1393,49.3,82,0,0,0,0,0,0,9.199999999999989,68674.9,4042.6,25641.399999999998
5342,H34755,H,303.5,312.8,1404,55.8,84,0,0,0,0,0,0,9.300000000000011,78343.2,4687.2,26275.2
5343,M20202,M,303.5,312.8,1375,45.7,89,0,0,0,0,0,0,9.300000000000011,62837.50000000001,4067.3,27839.2
5344,L52523,L,303.5,312.8,1607,38.4,92,0,0,0,0,0,0,9.300000000000011,61708.799999999996,3532.7999999999997,28777.600000000002
5345,L52524,L,303.4,312.8,1360,50.8,94,0,0,0,0,0,0,9.400000000000034,69088.0,4775.2,29403.2
5346,L52525,L,303.5,312.8,1524,39.4,96,0,0,0,0,0,0,9.300000000000011,60045.6,3782.3999999999996,30028.800000000003
5347,L52526,L,303.4,312.7,1534,35.5,98,0,0,0,0,0,0,9.300000000000011,54457.0,3479.0,30644.6
5348,L52527,L,303.3,312.7,1262,63.8,100,0,0,0,0,0,0,9.399999999999977,80515.59999999999,6380.0,31270.0
5349,L52528,L,303.3,312.6,1623,34.6,102,0,0,0,0,0,0,9.300000000000011,56155.8,3529.2000000000003,31885.2
5350,M20209,M,303.3,312.7,1642,33.6,104,0,0,0,0,0,0,9.399999999999977,55171.200000000004,3494.4,32520.8
5351,M20210,M,303.4,312.8,1622,35.1,107,0,0,0,0,0,0,9.400000000000034,56932.200000000004,3755.7000000000003,33469.6
5352,M20211,M,303.5,312.9,1530,34.5,110,0,0,0,0,0,0,9.399999999999977,52785.0,3795.0,34419.0
5353,M20212,M,303.4,312.8,1590,36.3,113,0,0,0,0,0,0,9.400000000000034,57716.99999999999,4101.9,35346.4
5354,L52533,L,303.4,312.7,1589,34.0,116,0,0,0,0,0,0,9.300000000000011,54026.0,3944.0,36273.2
5355,L52534,L,303.4,312.6,1462,37.5,118,0,0,0,0,0,0,9.200000000000045,54825.0,4425.0,36886.8
5356,H34769,H,303.3,312.5,1328,49.8,120,0,0,0,0,0,0,9.199999999999989,66134.4,5976.0,37500.0
5357,H34770,H,303.3,312.6,1692,29.0,125,0,0,0,0,0,0,9.300000000000011,49068.0,3625.0,39075.0
5358,L52537,L,303.3,312.5,1968,20.6,130,0,0,0,0,0,0,9.199999999999989,40540.8,2678.0,40625.0
5359,H34772,H,303.3,312.6,1827,24.2,132,0,0,0,0,0,0,9.300000000000011,44213.4,3194.4,41263.200000000004
5360,M20219,M,303.3,312.6,1397,47.1,137,0,0,0,0,0,0,9.300000000000011,65798.7,6452.7,42826.200000000004
5361,L52540,L,303.3,312.6,1463,44.0,140,0,0,0,0,0,0,9.300000000000011,64372.0,6160.0,43764.0
5362,L52541,L,303.3,312.7,1643,30.7,142,0,0,0,0,0,0,9.399999999999977,50440.1,4359.4,44403.4
5363,L52542,L,303.2,312.6,1281,57.0,144,0,0,0,0,0,0,9.400000000000034,73017.0,8208.0,45014.4
5364,L52543,L,303.2,312.5,1518,39.9,146,0,0,0,0,0,0,9.300000000000011,60568.2,5825.4,45625.0
5365,L52544,L,303.2,312.6,1601,35.3,148,0,0,0,0,0,0,9.400000000000034,56515.299999999996,5224.4,46264.8
5366,L52545,L,303.1,312.6,1548,36.4,150,0,0,0,0,0,0,9.5,56347.2,5460.0,46890.0
5367,H34780,H,303.1,312.6,1404,40.6,152,0,0,0,0,0,0,9.5,57002.4,6171.2,47515.200000000004
5368,M20227,M,303.1,312.5,1766,26.7,157,0,0,0,0,0,0,9.399999999999977,47152.2,4191.9,49062.5
5369,M20228,M,303.1,312.5,1667,30.0,160,0,0,0,0,0,0,9.399999999999977,50010.0,4800.0,50000.0
5370,H34783,H,303.0,312.5,1507,37.9,163,0,0,0,0,0,0,9.5,57115.299999999996,6177.7,50937.5
5371,H34784,H,303.0,312.4,1627,37.1,168,0,0,0,0,0,0,9.399999999999977,60361.700000000004,6232.8,52483.2
5372,L52551,L,302.9,312.3,1435,47.7,173,0,0,0,0,0,0,9.400000000000034,68449.5,8252.1,54027.9
5373,H34786,H,302.9,312.3,1509,46.8,175,0,0,0,0,0,0,9.400000000000034,70621.2,8189.999999999999,54652.5
5374,M20233,M,302.9,312.3,1809,25.0,180,0,0,0,0,0,0,9.400000000000034,45225.0,4500.0,56214.0
5375,L52554,L,302.9,312.3,1515,40.8,183,0,0,0,0,0,0,9.400000000000034,61811.99999999999,7466.4,57150.9
5376,L52555,L,302.9,312.3,1530,34.9,185,0,0,0,0,0,0,9.400000000000034,53397.0,6456.5,57775.5
5377,H34790,H,302.8,312.3,1336,57.5,187,0,0,0,0,0,0,9.5,76820.0,10752.5,58400.1
5378,L52557,L,302.9,312.4,2030,19.1,192,0,0,0,0,0,0,9.5,38773.0,3667.2000000000003,59980.799999999996
5379,L52558,L,302.9,312.4,1550,36.9,194,0,0,0,0,0,0,9.5,57195.0,7158.599999999999,60605.6
5380,L52559,L,302.9,312.4,1446,41.7,196,0,0,0,0,0,0,9.5,60298.200000000004,8173.200000000001,61230.399999999994
5381,L52560,L,302.8,312.3,1494,37.5,198,0,0,0,0,0,0,9.5,56025.0,7425.0,61835.4
5382,L52561,L,302.8,312.4,1651,27.0,200,0,0,0,0,0,0,9.599999999999966,44577.0,5400.0,62479.99999999999
5383,L52562,L,302.9,312.4,1698,33.8,202,0,0,0,0,0,0,9.5,57392.399999999994,6827.599999999999,63104.799999999996
5384,L52563,L,302.8,312.3,1504,40.3,204,0,0,0,0,0,0,9.5,60611.2,8221.199999999999,63709.200000000004
5385,M20244,M,302.9,312.4,1421,46.0,206,0,0,0,0,0,0,9.5,65366.0,9476.0,64354.399999999994
5386,H34799,H,302.9,312.3,1754,26.9,209,0,0,0,0,0,0,9.400000000000034,47182.6,5622.099999999999,65270.700000000004
5387,L52566,L,302.9,312.2,1469,42.0,214,0,0,0,0,0,0,9.300000000000011,61698.0,8988.0,66810.8
5388,L52567,L,302.8,312.2,1433,50.0,216,0,0,0,0,0,0,9.399999999999977,71650.0,10800.0,67435.2
5389,M20248,M,302.8,312.3,1432,49.0,218,0,0,0,0,0,0,9.5,70168.0,10682.0,68081.40000000001
5390,L52569,L,302.8,312.3,1366,49.1,221,0,0,0,0,0,0,9.5,67070.6,10851.1,69018.3
5391,H34804,H,302.8,312.3,1483,47.2,223,0,0,0,0,0,0,9.5,69997.6,10525.6,69642.90000000001
5392,L52571,L,302.7,312.2,1572,34.4,228,0,0,0,0,0,0,9.5,54076.799999999996,7843.2,71181.59999999999
5393,L52572,L,302.8,312.2,1481,40.2,230,0,0,0,0,0,0,9.399999999999977,59536.200000000004,9246.0,71806.0
5394,L52573,L,302.8,312.3,1473,42.6,232,0,0,0,0,0,0,9.5,62749.8,9883.2,72453.6
5395,M20254,M,302.8,312.3,1262,70.5,234,1,0,0,1,1,0,9.5,88971.0,16497.0,73078.2
5396,L52575,L,302.8,312.4,1529,36.8,237,0,0,0,0,0,0,9.599999999999966,56267.2,8721.599999999999,74038.79999999999
5397,L52576,L,302.8,312.4,1523,39.7,239,0,0,0,0,0,0,9.599999999999966,60463.100000000006,9488.300000000001,74663.59999999999
5398,M20257,M,302.8,312.3,1416,42.7,241,0,0,0,0,0,0,9.5,60463.200000000004,10290.7,75264.3
5399,L52578,L,302.9,312.4,1923,23.9,244,0,0,0,0,0,0,9.5,45959.7,5831.599999999999,76225.59999999999
5400,H34813,H,302.8,312.4,1411,53.8,246,1,0,0,0,1,0,9.599999999999966,75911.8,13234.8,76850.4
5401,L52580,L,302.7,312.4,1477,46.3,251,1,0,0,0,1,0,9.699999999999989,68385.09999999999,11621.3,78412.4
5402,M20261,M,302.6,312.3,1454,54.8,253,1,1,0,0,1,0,9.699999999999989,79679.2,13864.4,79011.90000000001
5403,L52582,L,302.7,312.3,1421,48.5,0,0,0,0,0,0,0,9.600000000000023,68918.5,0.0,0.0
5404,L52583,L,302.7,312.3,1858,25.4,2,0,0,0,0,0,0,9.600000000000023,47193.2,50.8,624.6
5405,H34818,H,302.8,312.5,1422,46.1,4,0,0,0,0,0,0,9.699999999999989,65554.2,184.4,1250.0
5406,L52585,L,302.7,312.4,1444,48.7,9,0,0,0,0,0,0,9.699999999999989,70322.8,438.3,2811.6
5407,L52586,L,302.7,312.4,1360,47.8,11,0,0,0,0,0,0,9.699999999999989,65007.99999999999,525.8,3436.3999999999996
5408,L52587,L,302.7,312.4,1954,24.8,13,0,0,0,0,0,0,9.699999999999989,48459.200000000004,322.40000000000003,4061.2
5409,L52588,L,302.6,312.4,1628,33.0,15,0,0,0,0,0,0,9.799999999999955,53724.0,495.0,4686.0
5410,L52589,L,302.7,312.4,1433,44.2,17,0,0,0,0,0,0,9.699999999999989,63338.600000000006,751.4000000000001,5310.799999999999
5411,M20270,M,302.7,312.5,1417,51.5,19,0,0,0,0,0,0,9.800000000000011,72975.5,978.5,5937.5
5412,L52591,L,302.8,312.6,1462,39.4,22,0,0,0,0,0,0,9.800000000000011,57602.799999999996,866.8,6877.200000000001
5413,L52592,L,302.9,312.6,1328,59.9,24,0,0,0,0,0,0,9.700000000000045,79547.2,1437.6,7502.400000000001
5414,H34827,H,302.7,312.5,1527,36.4,26,0,0,0,0,0,0,9.800000000000011,55582.799999999996,946.4,8125.0
5415,L52594,L,302.6,312.3,1534,34.3,31,0,0,0,0,0,0,9.699999999999989,52616.2,1063.3,9681.300000000001
5416,M20275,M,302.6,312.4,1410,50.3,33,0,0,0,0,0,0,9.799999999999955,70923.0,1659.8999999999999,10309.199999999999
5417,L52596,L,302.6,312.3,1660,30.3,36,0,0,0,0,0,0,9.699999999999989,50298.0,1090.8,11242.800000000001
5418,L52597,L,302.6,312.4,1386,45.8,38,0,0,0,0,0,0,9.799999999999955,63478.799999999996,1740.3999999999999,11871.199999999999
5419,L52598,L,302.6,312.4,1398,41.6,40,0,0,0,0,0,0,9.799999999999955,58156.8,1664.0,12496.0
5420,L52599,L,302.6,312.3,1321,53.4,42,0,0,0,0,0,0,9.699999999999989,70541.4,2242.7999999999997,13116.6
5421,L52600,L,302.6,312.3,1512,34.2,44,0,0,0,0,0,0,9.699999999999989,51710.4,1504.8000000000002,13741.2
5422,M20281,M,302.6,312.3,1566,36.6,46,0,0,0,0,0,0,9.699999999999989,57315.600000000006,1683.6000000000001,14365.800000000001
5423,M20282,M,302.7,312.4,1422,44.5,49,0,0,0,0,0,0,9.699999999999989,63279.0,2180.5,15307.599999999999
5424,L52603,L,302.6,312.3,1647,31.8,52,0,0,0,0,0,0,9.699999999999989,52374.6,1653.6000000000001,16239.6
5425,L52604,L,302.6,312.2,1377,45.5,54,0,0,0,0,0,0,9.599999999999966,62653.5,2457.0,16858.8
5426,L52605,L,302.5,312.2,1775,27.9,56,0,0,0,0,0,0,9.699999999999989,49522.5,1562.3999999999999,17483.2
5427,L52606,L,302.6,312.3,1554,42.0,58,0,0,0,0,0,0,9.699999999999989,65268.0,2436.0,18113.4
5428,L52607,L,302.7,312.4,1423,51.9,60,0,0,0,0,0,0,9.699999999999989,73853.7,3114.0,18744.0
5429,L52608,L,302.7,312.4,1453,47.3,62,0,0,0,0,0,0,9.699999999999989,68726.9,2932.6,19368.8
5430,L52609,L,302.8,312.4,1590,34.4,64,0,0,0,0,0,0,9.599999999999966,54696.0,2201.6,19993.6
5431,L52610,L,302.8,312.5,1694,28.4,66,0,0,0,0,0,0,9.699999999999989,48109.6,1874.3999999999999,20625.0
5432,L52611,L,302.8,312.5,1462,43.4,68,0,0,0,0,0,0,9.699999999999989,63450.799999999996,2951.2,21250.0
5433,L52612,L,302.8,312.4,1392,46.2,70,0,0,0,0,0,0,9.599999999999966,64310.4,3234.0,21868.0
5434,L52613,L,302.9,312.5,1550,45.5,72,0,0,0,0,0,0,9.600000000000023,70525.0,3276.0,22500.0
5435,L52614,L,302.9,312.5,1629,30.4,74,0,0,0,0,0,0,9.600000000000023,49521.6,2249.6,23125.0
5436,M20295,M,303.0,312.5,1524,42.1,76,0,0,0,0,0,0,9.5,64160.4,3199.6,23750.0
5437,M20296,M,302.9,312.5,1679,30.9,79,0,0,0,0,0,0,9.600000000000023,51881.1,2441.1,24687.5
5438,M20297,M,302.9,312.6,1394,46.4,82,0,0,0,0,0,0,9.700000000000045,64681.6,3804.7999999999997,25633.2
5439,L52618,L,302.9,312.5,1683,32.1,85,0,0,0,0,0,0,9.600000000000023,54024.3,2728.5,26562.5
5440,L52619,L,303.0,312.5,1626,30.5,87,0,0,0,0,0,0,9.5,49593.0,2653.5,27187.5
5441,H34854,H,303.0,312.5,1698,30.0,89,0,0,0,0,0,0,9.5,50940.0,2670.0,27812.5
5442,M20301,M,303.0,312.6,1392,42.9,94,0,0,0,0,0,0,9.600000000000023,59716.799999999996,4032.6,29384.4
5443,L52622,L,303.1,312.7,1353,51.8,97,0,0,0,0,0,0,9.599999999999966,70085.4,5024.599999999999,30331.899999999998
5444,M20303,M,303.0,312.7,1426,46.8,99,0,0,0,0,0,0,9.699999999999989,66736.8,4633.2,30957.3
5445,L52624,L,303.0,312.7,2024,19.9,102,0,0,0,0,0,0,9.699999999999989,40277.6,2029.8,31895.399999999998
5446,M20305,M,303.0,312.8,1648,32.1,104,0,0,0,0,0,0,9.800000000000011,52900.8,3338.4,32531.2
5447,L52626,L,303.1,312.9,1511,40.1,107,0,0,0,0,0,0,9.799999999999955,60591.1,4290.7,33480.299999999996
5448,L52627,L,303.1,312.8,1465,44.1,109,0,0,0,0,0,0,9.699999999999989,64606.5,4806.900000000001,34095.200000000004
5449,L52628,L,303.0,312.7,1551,41.8,111,0,0,0,0,0,0,9.699999999999989,64831.799999999996,4639.799999999999,34709.7
5450,L52629,L,303.1,312.8,2329,15.1,113,0,0,0,0,0,0,9.699999999999989,35167.9,1706.3,35346.4
5451,H34864,H,303.1,312.8,1435,41.9,115,0,0,0,0,0,0,9.699999999999989,60126.5,4818.5,35972.0
5452,L52631,L,303.0,312.7,1361,48.8,120,0,0,0,0,0,0,9.699999999999989,66416.8,5856.0,37524.0
5453,M20312,M,303.0,312.7,1553,35.8,122,0,0,0,0,0,0,9.699999999999989,55597.399999999994,4367.599999999999,38149.4
5454,L52633,L,303.0,312.6,1451,42.1,125,0,0,0,0,0,0,9.600000000000023,61087.1,5262.5,39075.0
5455,L52634,L,303.0,312.5,1461,40.2,127,0,0,0,0,0,0,9.5,58732.200000000004,5105.400000000001,39687.5
5456,M20315,M,303.1,312.6,1895,23.5,129,0,0,0,0,0,0,9.5,44532.5,3031.5,40325.4
5457,M20316,M,303.1,312.6,1567,32.9,132,0,0,0,0,0,0,9.5,51554.299999999996,4342.8,41263.200000000004
5458,M20317,M,303.0,312.5,1602,33.7,135,0,0,0,0,0,0,9.5,53987.4,4549.5,42187.5
5459,L52638,L,303.1,312.6,1514,42.1,138,0,0,0,0,0,0,9.5,63739.4,5809.8,43138.8
5460,L52639,L,303.1,312.5,1453,49.1,140,0,0,0,0,0,0,9.399999999999977,71342.3,6874.0,43750.0
5461,M20320,M,303.0,312.4,1526,36.1,142,0,0,0,0,0,0,9.399999999999977,55088.6,5126.2,44360.799999999996
5462,M20321,M,302.9,312.3,1339,52.1,145,0,0,0,0,0,0,9.400000000000034,69761.90000000001,7554.5,45283.5
5463,L52642,L,302.9,312.3,1889,22.8,148,0,0,0,0,0,0,9.400000000000034,43069.200000000004,3374.4,46220.4
5464,L52643,L,302.9,312.4,1561,34.8,150,0,0,0,0,0,0,9.5,54322.799999999996,5220.0,46860.0
5465,M20324,M,302.9,312.4,1659,33.1,152,0,0,0,0,0,0,9.5,54912.9,5031.2,47484.799999999996
5466,L52645,L,302.9,312.4,1424,49.5,155,0,0,0,0,0,0,9.5,70488.0,7672.5,48422.0
5467,M20326,M,302.9,312.3,1426,44.7,157,0,0,0,0,0,0,9.400000000000034,63742.200000000004,7017.900000000001,49031.1
5468,L52647,L,302.9,312.4,1383,51.4,160,0,0,0,0,0,0,9.5,71086.2,8224.0,49984.0
5469,L52648,L,302.8,312.3,1764,29.9,162,0,0,0,0,0,0,9.5,52743.6,4843.8,50592.6
5470,M20329,M,302.7,312.2,1439,42.5,164,0,0,0,0,0,0,9.5,61157.5,6970.0,51200.799999999996
5471,M20330,M,302.7,312.2,1585,35.5,167,0,0,0,0,0,0,9.5,56267.5,5928.5,52137.4
5472,L52651,L,302.7,312.3,1346,61.2,170,0,0,0,0,0,1,9.600000000000023,82375.2,10404.0,53091.0
5473,L52652,L,302.8,312.3,1386,57.8,172,0,0,0,0,0,0,9.5,80110.8,9941.6,53715.6
5474,L52653,L,302.7,312.2,1369,51.8,174,0,0,0,0,0,0,9.5,70914.2,9013.199999999999,54322.799999999996
5475,M20334,M,302.7,312.1,1378,46.9,176,0,0,0,0,0,0,9.400000000000034,64628.2,8254.4,54929.600000000006
5476,L52655,L,302.7,312.2,1336,46.8,179,0,0,0,0,0,0,9.5,62524.799999999996,8377.199999999999,55883.799999999996
5477,M20336,M,302.6,312.1,1445,42.0,181,0,0,0,0,0,0,9.5,60690.0,7602.0,56490.100000000006
5478,L52657,L,302.7,312.1,1763,26.5,184,0,0,0,0,0,0,9.400000000000034,46719.5,4876.0,57426.4
5479,L52658,L,302.7,312.2,1611,34.1,186,0,0,0,0,0,0,9.5,54935.100000000006,6342.6,58069.2
5480,M20339,M,302.7,312.1,1564,32.1,188,0,0,0,0,0,0,9.400000000000034,50204.4,6034.8,58674.8
5481,H34894,H,302.7,312.1,1478,36.0,191,0,0,0,0,0,0,9.400000000000034,53208.0,6876.0,59611.100000000006
5482,L52661,L,302.6,312.0,1781,28.5,196,0,0,0,0,0,0,9.399999999999977,50758.5,5586.0,61152.0
5483,L52662,L,302.6,312.1,1782,26.8,198,0,0,0,0,0,0,9.5,47757.6,5306.400000000001,61795.8
5484,M20343,M,302.6,312.1,2000,21.9,200,0,0,0,0,0,0,9.5,43800.0,4380.0,62420.00000000001
5485,M20344,M,302.5,312.0,1826,25.3,203,0,0,0,0,0,0,9.5,46197.8,5135.900000000001,63336.0
5486,L52665,L,302.6,312.1,1344,51.0,206,0,0,0,0,0,0,9.5,68544.0,10506.0,64292.600000000006
5487,L52666,L,302.6,312.2,1520,43.0,208,0,0,0,0,0,0,9.599999999999966,65360.0,8944.0,64937.6
5488,M20347,M,302.6,312.1,1611,39.9,210,0,0,0,0,0,0,9.5,64278.899999999994,8379.0,65541.0
5489,L52668,L,302.7,312.2,1450,52.1,213,1,0,0,0,1,0,9.5,75545.0,11097.300000000001,66498.59999999999
5490,L52669,L,302.6,312.1,1499,35.0,215,0,0,0,0,0,1,9.5,52465.0,7525.0,67101.5
5491,L52670,L,302.6,312.1,1288,68.5,0,1,0,0,1,0,0,9.5,88228.0,0.0,0.0
5492,M20351,M,302.7,312.2,1350,58.6,2,0,0,0,0,0,0,9.5,79110.0,117.2,624.4
5493,M20352,M,302.9,312.4,1334,50.9,5,0,0,0,0,0,0,9.5,67900.59999999999,254.5,1562.0
5494,L52673,L,302.8,312.4,1376,57.1,8,0,0,0,0,0,0,9.599999999999966,78569.6,456.8,2499.2
5495,L52674,L,302.8,312.4,1368,49.5,10,0,0,0,0,0,0,9.599999999999966,67716.0,495.0,3124.0
5496,H34909,H,302.9,312.5,1357,55.0,12,0,0,0,0,0,1,9.600000000000023,74635.0,660.0,3750.0
5497,M20356,M,302.9,312.5,1924,24.0,17,0,0,0,0,0,0,9.600000000000023,46176.0,408.0,5312.5
5498,M20357,M,302.9,312.5,1551,40.0,20,0,0,0,0,0,0,9.600000000000023,62040.0,800.0,6250.0
5499,M20358,M,302.9,312.5,1903,21.2,23,0,0,0,0,0,0,9.600000000000023,40343.6,487.59999999999997,7187.5
5500,H34913,H,302.9,312.3,1417,48.7,26,0,0,0,0,0,0,9.400000000000034,69007.90000000001,1266.2,8119.8
5501,L52680,L,302.7,312.1,1601,35.2,31,0,0,0,0,0,0,9.400000000000034,56355.200000000004,1091.2,9675.1
5502,L52681,L,302.7,312.1,1543,37.5,33,0,0,0,0,0,0,9.400000000000034,57862.5,1237.5,10299.300000000001
5503,L52682,L,302.6,312.1,1439,52.3,35,0,0,0,0,0,0,9.5,75259.7,1830.5,10923.5
5504,H34917,H,302.6,312.0,1657,29.3,37,0,0,0,0,0,0,9.399999999999977,48550.1,1084.1000000000001,11544.0
5505,L52684,L,302.8,312.2,1458,51.0,42,0,0,0,0,0,0,9.399999999999977,74358.0,2142.0,13112.4
5506,L52685,L,302.8,312.2,1746,27.4,44,0,0,0,0,0,0,9.399999999999977,47840.399999999994,1205.6,13736.8
5507,L52686,L,302.9,312.2,1677,30.5,46,0,0,0,0,0,0,9.300000000000011,51148.5,1403.0,14361.199999999999
5508,L52687,L,302.8,312.1,1520,39.9,48,0,0,0,0,0,0,9.300000000000011,60648.0,1915.1999999999998,14980.800000000001
5509,L52688,L,302.9,312.2,1367,55.1,50,0,0,0,0,0,0,9.300000000000011,75321.7,2755.0,15610.0
5510,L52689,L,302.8,312.2,1509,36.5,52,0,0,0,0,0,1,9.399999999999977,55078.5,1898.0,16234.4
5511,L52690,L,302.8,312.1,1418,51.4,54,0,0,0,0,0,0,9.300000000000011,72885.2,2775.6,16853.4
5512,L52691,L,302.8,312.1,1958,20.3,56,0,0,0,0,0,0,9.300000000000011,39747.4,1136.8,17477.600000000002
5513,L52692,L,302.8,312.2,1682,30.9,58,0,0,0,0,0,0,9.399999999999977,51973.799999999996,1792.1999999999998,18107.6
5514,M20373,M,302.8,312.2,1452,50.3,60,0,0,0,0,0,0,9.399999999999977,73035.59999999999,3018.0,18732.0
5515,L52694,L,302.7,312.0,1828,24.0,63,0,0,0,0,0,0,9.300000000000011,43872.0,1512.0,19656.0
5516,H34929,H,302.7,312.0,1484,41.5,65,0,0,0,0,0,0,9.300000000000011,61586.0,2697.5,20280.0
5517,L52696,L,302.6,312.0,1674,32.2,70,0,0,0,0,0,0,9.399999999999977,53902.8,2254.0,21840.0
5518,L52697,L,302.6,311.9,1448,49.5,72,0,0,0,0,0,0,9.299999999999955,71676.0,3564.0,22456.8
5519,M20378,M,302.5,311.8,2023,19.1,74,0,0,0,0,0,0,9.300000000000011,38639.3,1413.4,23073.2
5520,L52699,L,302.5,311.9,1452,47.4,77,0,0,0,0,0,0,9.399999999999977,68824.8,3649.7999999999997,24016.3
5521,M20380,M,302.6,312.0,1496,45.0,79,0,0,0,0,0,0,9.399999999999977,67320.0,3555.0,24648.0
5522,L52701,L,302.6,311.9,1397,46.9,82,0,0,0,0,0,0,9.299999999999955,65519.299999999996,3845.7999999999997,25575.8
5523,L52702,L,302.6,311.9,1453,39.1,84,0,0,0,0,0,0,9.299999999999955,56812.3,3284.4,26199.6
5524,M20383,M,302.5,311.9,1524,34.8,86,0,0,0,0,0,0,9.399999999999977,53035.2,2992.7999999999997,26823.399999999998
5525,L52704,L,302.6,311.9,1633,30.9,89,0,0,0,0,0,0,9.299999999999955,50459.7,2750.1,27759.1
5526,M20385,M,302.6,312.0,1363,45.7,91,0,0,0,0,0,0,9.399999999999977,62289.100000000006,4158.7,28392.0
5527,L52706,L,302.5,311.9,1520,44.9,94,0,0,0,0,0,0,9.399999999999977,68248.0,4220.599999999999,29318.6
5528,M20387,M,302.5,311.9,1532,38.8,96,0,0,0,0,0,0,9.399999999999977,59441.6,3724.7999999999997,29942.399999999998
5529,L52708,L,302.4,311.8,1384,50.9,99,0,0,0,0,0,0,9.400000000000034,70445.59999999999,5039.099999999999,30868.2
5530,M20389,M,302.4,311.8,1539,39.9,101,0,0,0,0,0,0,9.400000000000034,61406.1,4029.8999999999996,31491.800000000003
5531,M20390,M,302.3,311.8,1355,50.1,104,0,0,0,0,0,0,9.5,67885.5,5210.400000000001,32427.2
5532,M20391,M,302.3,311.7,1504,37.3,107,0,0,0,0,0,0,9.399999999999977,56099.2,3991.1,33351.9
5533,L52712,L,302.4,311.8,1476,46.6,110,0,0,0,0,0,0,9.400000000000034,68781.6,5126.0,34298.0
5534,L52713,L,302.4,311.7,1721,26.9,112,0,0,0,0,0,0,9.300000000000011,46294.899999999994,3012.7999999999997,34910.4
5535,M20394,M,302.3,311.7,1494,37.1,114,0,0,0,0,0,0,9.399999999999977,55427.4,4229.400000000001,35533.799999999996
5536,L52715,L,302.3,311.7,1465,43.5,117,0,0,0,0,0,0,9.399999999999977,63727.5,5089.5,36468.9
5537,M20396,M,302.3,311.8,1363,54.0,119,1,0,0,0,0,0,9.5,73602.0,6426.0,37104.200000000004
5538,L52717,L,302.4,311.8,1648,30.0,122,0,0,0,0,0,0,9.400000000000034,49440.0,3660.0,38039.6
5539,M20398,M,302.3,311.8,1879,23.0,124,0,0,0,0,0,0,9.5,43217.0,2852.0,38663.200000000004
5540,H34953,H,302.3,311.7,1482,39.0,127,0,0,0,0,0,0,9.399999999999977,57798.0,4953.0,39585.9
5541,L52720,L,302.4,311.8,1493,38.4,132,0,0,0,0,0,0,9.400000000000034,57331.2,5068.8,41157.6
5542,L52721,L,302.4,311.8,1433,42.2,134,0,0,0,0,0,0,9.400000000000034,60472.600000000006,5654.8,41781.200000000004
5543,L52722,L,302.3,311.7,1400,41.6,136,0,0,0,0,0,0,9.399999999999977,58240.0,5657.6,42391.2
5544,L52723,L,302.4,311.8,1255,59.0,138,0,0,0,0,0,0,9.400000000000034,74045.0,8142.0,43028.4
5545,L52724,L,302.2,311.7,1471,45.6,140,0,0,0,0,0,0,9.5,67077.6,6384.0,43638.0
5546,H34959,H,302.2,311.6,1357,44.2,142,0,0,0,0,0,0,9.400000000000034,59979.4,6276.400000000001,44247.200000000004
5547,L52726,L,302.3,311.7,1453,41.2,147,0,0,0,0,0,0,9.399999999999977,59863.600000000006,6056.400000000001,45819.9
5548,M20407,M,302.3,311.7,1540,28.9,149,0,0,0,0,0,0,9.399999999999977,44506.0,4306.099999999999,46443.299999999996
5549,L52728,L,302.3,311.8,1605,35.2,152,0,0,0,0,0,0,9.5,56496.00000000001,5350.400000000001,47393.6
5550,H34963,H,302.3,311.9,1374,52.4,154,0,0,0,0,0,0,9.599999999999966,71997.59999999999,8069.599999999999,48032.6
5551,M20410,M,302.3,311.9,1508,42.3,159,0,0,0,0,0,0,9.599999999999966,63788.399999999994,6725.7,49592.1
5552,H34965,H,302.4,311.9,1366,47.3,162,0,0,0,0,0,0,9.5,64611.799999999996,7662.599999999999,50527.799999999996
5553,H34966,H,302.5,312.0,1579,35.7,167,0,0,0,0,0,0,9.5,56370.3,5961.900000000001,52104.0
5554,L52733,L,302.5,311.9,1306,59.7,172,0,0,0,0,0,1,9.399999999999977,77968.2,10268.4,53646.799999999996
5555,M20414,M,302.5,312.0,1521,40.2,174,0,0,0,0,0,0,9.5,61144.200000000004,6994.8,54288.0
5556,L52735,L,302.5,312.0,1411,44.2,177,0,0,0,0,0,0,9.5,62366.200000000004,7823.400000000001,55224.0
5557,H34970,H,302.5,312.0,1357,42.0,179,0,0,0,0,0,0,9.5,56994.0,7518.0,55848.0
5558,M20417,M,302.5,312.0,1436,43.5,184,0,0,0,0,0,0,9.5,62466.0,8004.0,57408.0
5559,L52738,L,302.5,311.9,1553,40.1,187,0,0,0,0,0,0,9.399999999999977,62275.3,7498.7,58325.299999999996
5560,M20419,M,302.5,312.0,1451,43.2,189,0,0,0,0,0,0,9.5,62683.200000000004,8164.8,58968.0
5561,L52740,L,302.4,311.9,1541,37.9,192,0,0,0,0,0,0,9.5,58403.899999999994,7276.799999999999,59884.799999999996
5562,M20421,M,302.3,311.7,1341,46.3,194,0,0,0,0,0,0,9.399999999999977,62088.299999999996,8982.199999999999,60469.799999999996
5563,L52742,L,302.3,311.7,1648,32.1,197,0,0,0,0,0,0,9.399999999999977,52900.8,6323.700000000001,61404.899999999994
5564,M20423,M,302.3,311.7,1640,31.5,199,0,0,0,0,0,0,9.399999999999977,51660.0,6268.5,62028.299999999996
5565,L52744,L,302.4,311.8,1416,46.1,202,0,0,0,0,0,0,9.400000000000034,65277.6,9312.2,62983.600000000006
5566,L52745,L,302.4,311.9,1671,29.9,204,0,0,0,0,0,0,9.5,49962.899999999994,6099.599999999999,63627.6
5567,L52746,L,302.4,312.0,1457,45.5,206,0,0,0,0,0,0,9.600000000000023,66293.5,9373.0,64272.0
5568,M20427,M,302.5,312.0,1445,54.8,0,0,0,0,0,0,0,9.5,79186.0,0.0,0.0
5569,L52748,L,302.5,312.1,1534,38.6,3,0,0,0,0,0,0,9.600000000000023,59212.4,115.80000000000001,936.3000000000001
5570,L52749,L,302.4,312.0,1508,36.9,5,0,0,0,0,0,0,9.600000000000023,55645.2,184.5,1560.0
5571,M20430,M,302.4,312.1,1492,47.7,7,0,0,0,0,0,0,9.700000000000045,71168.40000000001,333.90000000000003,2184.7000000000003
5572,L52751,L,302.4,312.0,1562,37.9,10,0,0,0,0,0,0,9.600000000000023,59199.799999999996,379.0,3120.0
5573,L52752,L,302.4,312.0,1545,36.4,12,0,0,0,0,0,0,9.600000000000023,56238.0,436.79999999999995,3744.0
5574,L52753,L,302.5,312.2,1738,25.3,14,0,0,0,0,0,0,9.699999999999989,43971.4,354.2,4370.8
5575,L52754,L,302.4,312.0,1305,49.1,16,0,0,0,0,0,0,9.600000000000023,64075.5,785.6,4992.0
5576,H34989,H,302.4,312.0,1477,39.7,18,0,0,0,0,0,0,9.600000000000023,58636.9,714.6,5616.0
5577,H34990,H,302.4,312.0,1457,43.4,23,0,0,0,0,0,0,9.600000000000023,63233.799999999996,998.1999999999999,7176.0
5578,L52757,L,302.4,312.1,1455,40.4,28,0,0,0,0,0,0,9.700000000000045,58782.0,1131.2,8738.800000000001
5579,L52758,L,302.5,312.2,1574,38.7,30,0,0,0,0,0,0,9.699999999999989,60913.8,1161.0,9366.0
5580,L52759,L,302.6,312.2,1695,27.1,32,0,0,0,0,0,0,9.599999999999966,45934.5,867.2,9990.4
5581,M20440,M,302.6,312.2,1458,38.8,34,0,0,0,0,0,0,9.599999999999966,56570.399999999994,1319.1999999999998,10614.8
5582,M20441,M,302.5,312.1,1454,47.6,37,0,0,0,0,0,0,9.600000000000023,69210.40000000001,1761.2,11547.7
5583,L52762,L,302.5,312.0,2052,18.9,40,0,0,0,0,0,0,9.5,38782.799999999996,756.0,12480.0
5584,L52763,L,302.5,312.0,1673,29.9,42,0,0,0,0,0,0,9.5,50022.7,1255.8,13104.0
5585,L52764,L,302.4,311.9,1578,29.9,44,0,0,0,0,0,0,9.5,47182.2,1315.6,13723.599999999999
5586,M20445,M,302.5,312.0,1642,29.1,46,0,0,0,0,0,0,9.5,47782.200000000004,1338.6000000000001,14352.0
5587,M20446,M,302.4,311.8,1557,31.5,49,0,0,0,0,0,0,9.400000000000034,49045.5,1543.5,15278.2
5588,L52767,L,302.5,311.9,1481,42.9,52,0,0,0,0,0,0,9.399999999999977,63534.9,2230.7999999999997,16218.8
5589,M20448,M,302.5,311.8,1566,37.6,54,0,0,0,0,0,0,9.300000000000011,58881.600000000006,2030.4,16837.2
5590,M20449,M,302.5,311.9,1298,57.5,57,0,0,0,0,0,0,9.399999999999977,74635.0,3277.5,17778.3
5591,M20450,M,302.5,311.9,1340,59.4,60,0,0,0,0,0,0,9.399999999999977,79596.0,3564.0,18714.0
5592,L52771,L,302.5,312.0,1574,33.8,63,0,0,0,0,0,0,9.5,53201.2,2129.3999999999996,19656.0
5593,L52772,L,302.5,311.9,1437,46.7,65,0,0,0,0,0,0,9.399999999999977,67107.90000000001,3035.5,20273.5
5594,L52773,L,302.6,311.9,1354,48.0,67,0,0,0,0,0,0,9.299999999999955,64992.0,3216.0,20897.3
5595,L52774,L,302.6,311.9,1598,35.5,69,0,0,0,0,0,0,9.299999999999955,56729.0,2449.5,21521.1
5596,M20455,M,302.7,312.0,1944,21.4,71,0,0,0,0,0,0,9.300000000000011,41601.6,1519.3999999999999,22152.0
5597,M20456,M,302.7,312.0,1538,36.7,74,0,0,0,0,0,0,9.300000000000011,56444.600000000006,2715.8,23088.0
5598,L52777,L,302.7,312.0,1501,37.0,77,0,0,0,0,0,0,9.300000000000011,55537.0,2849.0,24024.0
5599,L52778,L,302.8,312.1,1441,52.1,79,0,0,0,0,0,0,9.300000000000011,75076.1,4115.900000000001,24655.9
5600,M20459,M,302.7,312.0,1652,31.0,81,0,0,0,0,0,0,9.300000000000011,51212.0,2511.0,25272.0
5601,L52780,L,302.8,312.1,1487,36.6,84,0,0,0,0,0,0,9.300000000000011,54424.200000000004,3074.4,26216.4
5602,L52781,L,302.9,312.2,1605,33.9,86,0,0,0,0,0,0,9.300000000000011,54409.5,2915.4,26849.2
5603,L52782,L,302.9,312.1,1334,54.7,88,0,0,0,0,0,0,9.200000000000045,72969.8,4813.6,27464.800000000003
5604,L52783,L,302.9,312.2,1340,57.8,90,0,0,0,0,0,0,9.300000000000011,77452.0,5202.0,28098.0
5605,L52784,L,302.9,312.2,1513,37.8,92,0,0,0,0,0,0,9.300000000000011,57191.399999999994,3477.6,28722.399999999998
5606,L52785,L,302.9,312.2,1510,41.4,94,0,0,0,0,0,0,9.300000000000011,62514.0,3891.6,29346.8
5607,L52786,L,302.9,312.2,1729,23.6,96,0,0,0,0,0,0,9.300000000000011,40804.4,2265.6000000000004,29971.199999999997
5608,M20467,M,302.9,312.2,1745,25.5,98,0,0,0,0,0,0,9.300000000000011,44497.5,2499.0,30595.6
5609,M20468,M,303.1,312.3,1623,31.6,101,0,0,0,0,0,0,9.199999999999989,51286.8,3191.6000000000004,31542.300000000003
5610,M20469,M,303.1,312.4,1378,50.1,104,0,0,0,0,0,0,9.299999999999955,69037.8,5210.400000000001,32489.6
5611,L52790,L,303.1,312.4,1407,41.2,107,0,0,0,0,0,0,9.299999999999955,57968.4,4408.400000000001,33426.799999999996
5612,M20471,M,303.0,312.3,1674,29.5,109,0,0,0,0,0,0,9.300000000000011,49383.0,3215.5,34040.700000000004
5613,L52792,L,303.0,312.3,1486,42.4,112,0,0,0,0,0,0,9.300000000000011,63006.4,4748.8,34977.6
5614,M20473,M,303.0,312.3,1483,38.8,114,0,0,0,0,0,0,9.300000000000011,57540.399999999994,4423.2,35602.200000000004
5615,H35028,H,303.0,312.2,1624,28.8,117,0,0,0,0,0,0,9.199999999999989,46771.200000000004,3369.6,36527.4
5616,M20475,M,303.0,312.2,1257,71.3,122,1,0,0,1,0,0,9.199999999999989,89624.09999999999,8698.6,38088.4
5617,L52796,L,303.0,312.3,1480,41.4,125,0,0,0,0,0,0,9.300000000000011,61272.0,5175.0,39037.5
5618,L52797,L,303.1,312.4,1404,61.5,127,1,0,0,1,0,0,9.299999999999955,86346.0,7810.5,39674.799999999996
5619,M20478,M,303.0,312.4,1645,29.6,129,0,0,0,0,0,0,9.399999999999977,48692.0,3818.4,40299.6
5620,L52799,L,303.0,312.3,1932,21.9,132,0,0,0,0,0,0,9.300000000000011,42310.799999999996,2890.7999999999997,41223.6
5621,L52800,L,303.0,312.3,1533,38.5,134,0,0,0,0,0,0,9.300000000000011,59020.5,5159.0,41848.200000000004
5622,M20481,M,302.9,312.2,1292,54.4,136,0,0,0,0,0,0,9.300000000000011,70284.8,7398.4,42459.2
5623,L52802,L,302.9,312.2,1571,40.6,139,0,0,0,0,0,0,9.300000000000011,63782.600000000006,5643.400000000001,43395.799999999996
5624,L52803,L,302.9,312.3,1578,36.3,141,0,0,0,0,0,0,9.400000000000034,57281.399999999994,5118.299999999999,44034.3
5625,M20484,M,302.8,312.2,1469,36.9,143,0,0,0,0,0,0,9.399999999999977,54206.1,5276.7,44644.6
5626,L52805,L,302.7,312.1,1728,24.4,146,0,0,0,0,0,0,9.400000000000034,42163.2,3562.3999999999996,45566.600000000006
5627,H35040,H,302.7,312.1,1603,32.5,148,0,0,0,0,0,0,9.400000000000034,52097.5,4810.0,46190.8
5628,L52807,L,302.7,312.1,1597,39.8,153,0,0,0,0,0,0,9.400000000000034,63560.6,6089.4,47751.3
5629,L52808,L,302.7,312.1,1688,32.0,155,0,0,0,0,0,0,9.400000000000034,54016.0,4960.0,48375.5
5630,L52809,L,302.7,312.2,1405,51.4,157,0,0,0,0,0,0,9.5,72217.0,8069.8,49015.4
5631,M20490,M,302.8,312.2,1615,32.9,159,0,0,0,0,0,0,9.399999999999977,53133.5,5231.099999999999,49639.799999999996
5632,L52811,L,302.8,312.2,1515,36.8,162,0,0,0,0,0,0,9.399999999999977,55751.99999999999,5961.599999999999,50576.4
5633,L52812,L,302.7,312.2,1376,52.8,164,0,0,0,0,0,0,9.5,72652.8,8659.199999999999,51200.799999999996
5634,L52813,L,302.7,312.2,1447,47.5,166,0,0,0,0,0,0,9.5,68732.5,7885.0,51825.2
5635,M20494,M,302.6,312.2,1353,56.5,168,0,0,0,0,0,0,9.599999999999966,76444.5,9492.0,52449.6
5636,L52815,L,302.6,312.1,1502,47.3,171,0,0,0,0,0,0,9.5,71044.59999999999,8088.299999999999,53369.100000000006
5637,L52816,L,302.6,312.0,1447,45.5,173,0,0,0,0,0,0,9.399999999999977,65838.5,7871.5,53976.0
5638,M20497,M,302.5,312.0,1487,46.1,175,0,0,0,0,0,0,9.5,68550.7,8067.5,54600.0
5639,L52818,L,302.6,312.1,1519,38.1,178,0,0,0,0,0,0,9.5,57873.9,6781.8,55553.8
5640,L52819,L,302.6,312.1,1668,28.7,180,0,0,0,0,0,1,9.5,47871.6,5166.0,56178.00000000001
5641,L52820,L,302.6,312.1,1420,51.6,182,0,0,0,0,0,0,9.5,73272.0,9391.2,56802.200000000004
5642,L52821,L,302.6,312.1,1473,37.3,184,0,0,0,0,0,0,9.5,54942.899999999994,6863.2,57426.4
5643,L52822,L,302.5,312.0,1495,38.8,186,0,0,0,0,0,0,9.5,58005.99999999999,7216.799999999999,58032.0
5644,L52823,L,302.5,312.0,1574,42.0,188,0,0,0,0,0,0,9.5,66108.0,7896.0,58656.0
5645,L52824,L,302.5,312.0,1383,51.3,190,0,0,0,0,0,0,9.5,70947.9,9747.0,59280.0
5646,M20505,M,302.5,312.0,1591,29.4,192,0,0,0,0,0,0,9.5,46775.399999999994,5644.799999999999,59904.0
5647,M20506,M,302.4,311.8,1644,37.2,195,0,0,0,0,0,0,9.400000000000034,61156.8,7254.000000000001,60801.0
5648,H35061,H,302.5,311.8,2370,14.7,198,0,0,0,0,0,0,9.300000000000011,34839.0,2910.6,61736.4
5649,L52828,L,302.5,311.9,1401,44.9,203,0,0,0,0,0,0,9.399999999999977,62904.9,9114.699999999999,63315.7
5650,M20509,M,302.5,311.9,1414,51.6,205,0,0,0,0,0,0,9.399999999999977,72962.40000000001,10578.0,63939.49999999999
5651,L52830,L,302.5,312.0,1456,46.3,208,0,0,0,0,0,0,9.5,67412.8,9630.4,64896.0
5652,M20511,M,302.5,312.0,1447,45.7,210,0,0,0,0,0,0,9.5,66127.90000000001,9597.0,65520.0
5653,L52832,L,302.4,311.8,1727,26.5,213,0,0,0,0,0,0,9.400000000000034,45765.5,5644.5,66413.40000000001
5654,L52833,L,302.4,311.7,1495,36.8,215,0,0,0,0,0,0,9.300000000000011,55015.99999999999,7911.999999999999,67015.5
5655,L52834,L,302.3,311.6,1544,34.3,0,0,0,0,0,0,0,9.300000000000011,52959.2,0.0,0.0
5656,L52835,L,302.3,311.5,1387,47.3,2,0,0,0,0,0,0,9.199999999999989,65605.09999999999,94.6,623.0
5657,M20516,M,302.3,311.5,1316,47.2,4,0,0,0,0,0,0,9.199999999999989,62115.200000000004,188.8,1246.0
5658,L52837,L,302.3,311.5,1794,26.1,7,0,0,0,0,0,0,9.199999999999989,46823.4,182.70000000000002,2180.5
5659,M20518,M,302.2,311.4,1372,55.1,9,0,0,0,0,0,0,9.199999999999989,75597.2,495.90000000000003,2802.6
5660,M20519,M,302.3,311.5,1674,30.0,12,0,0,0,0,0,0,9.199999999999989,50220.0,360.0,3738.0
5661,L52840,L,302.2,311.4,1477,41.7,15,0,0,0,0,0,0,9.199999999999989,61590.9,625.5,4671.0
5662,L52841,L,302.2,311.4,1397,53.0,17,0,0,0,0,0,0,9.199999999999989,74041.0,901.0,5293.799999999999
5663,L52842,L,302.2,311.5,1616,34.0,19,0,0,0,0,0,0,9.300000000000011,54944.0,646.0,5918.5
5664,M20523,M,302.3,311.5,1530,42.3,21,0,0,0,0,0,0,9.199999999999989,64718.99999999999,888.3,6541.5
5665,M20524,M,302.2,311.4,1539,35.1,24,0,0,0,0,0,0,9.199999999999989,54018.9,842.4000000000001,7473.599999999999
5666,L52845,L,302.3,311.4,1845,21.9,27,0,0,0,0,0,0,9.099999999999966,40405.5,591.3,8407.8
5667,L52846,L,302.2,311.4,1430,43.1,29,0,0,0,0,0,0,9.199999999999989,61633.0,1249.9,9030.599999999999
5668,L52847,L,302.2,311.4,2080,19.2,31,0,0,0,0,0,0,9.199999999999989,39936.0,595.1999999999999,9653.4
5669,M20528,M,302.2,311.4,1432,45.3,33,0,0,0,0,0,0,9.199999999999989,64869.6,1494.8999999999999,10276.199999999999
5670,M20529,M,302.2,311.5,1479,39.5,36,0,0,0,0,0,0,9.300000000000011,58420.5,1422.0,11214.0
5671,L52850,L,302.2,311.5,1424,45.2,39,0,0,0,0,0,0,9.300000000000011,64364.8,1762.8000000000002,12148.5
5672,H35085,H,302.2,311.6,1534,37.2,41,0,0,0,0,0,0,9.400000000000034,57064.8,1525.2,12775.6
5673,H35086,H,302.1,311.6,1701,26.2,46,0,0,0,0,0,0,9.5,44566.2,1205.2,14333.6
5674,L52853,L,302.2,311.6,1462,50.0,51,0,0,0,0,0,0,9.400000000000034,73100.0,2550.0,15891.6
5675,M20534,M,302.2,311.7,1393,42.5,53,0,0,0,0,0,0,9.5,59202.5,2252.5,16520.1
5676,M20535,M,302.3,311.7,1453,42.5,56,0,0,0,0,0,0,9.399999999999977,61752.5,2380.0,17455.2
5677,L52856,L,302.3,311.8,1565,37.8,59,0,0,0,0,0,0,9.5,59156.99999999999,2230.2,18396.2
5678,L52857,L,302.3,311.8,1281,51.7,61,0,0,0,0,0,0,9.5,66227.7,3153.7000000000003,19019.8
5679,M20538,M,302.2,311.7,1584,36.2,63,0,0,0,0,0,0,9.5,57340.8,2280.6000000000004,19637.1
5680,M20539,M,302.2,311.7,1466,49.0,66,0,0,0,0,0,0,9.5,71834.0,3234.0,20572.2
5681,M20540,M,302.2,311.6,1386,50.5,69,0,0,0,0,0,0,9.400000000000034,69993.0,3484.5,21500.4
5682,L52861,L,302.2,311.6,1383,44.3,72,0,0,0,0,0,0,9.400000000000034,61266.899999999994,3189.6,22435.2
5683,H35096,H,302.3,311.6,1441,53.9,74,0,0,0,0,0,0,9.300000000000011,77669.9,3988.6,23058.4
5684,M20543,M,302.2,311.6,1592,37.7,79,0,0,0,0,0,0,9.400000000000034,60018.4,2978.3,24616.4
5685,H35098,H,302.2,311.6,1594,36.8,82,0,0,0,0,0,0,9.400000000000034,58659.2,3017.6,25551.2
5686,L52865,L,302.2,311.5,1482,45.6,87,0,0,0,0,0,0,9.300000000000011,67579.2,3967.2000000000003,27100.5
5687,L52866,L,302.2,311.6,1658,31.4,89,0,0,0,0,0,0,9.400000000000034,52061.2,2794.6,27732.4
5688,L52867,L,302.3,311.7,2170,18.2,91,0,0,0,0,0,0,9.399999999999977,39494.0,1656.2,28364.7
5689,M20548,M,302.3,311.7,1423,44.6,93,0,0,0,0,0,0,9.399999999999977,63465.8,4147.8,28988.1
5690,L52869,L,302.4,311.8,1543,31.1,96,0,0,0,0,0,0,9.400000000000034,47987.3,2985.6000000000004,29932.800000000003
5691,L52870,L,302.3,311.8,1435,44.8,98,0,0,0,0,0,0,9.5,64287.99999999999,4390.4,30556.4
5692,L52871,L,302.4,311.8,1320,56.4,100,0,0,0,0,0,0,9.400000000000034,74448.0,5640.0,31180.0
5693,M20552,M,302.4,311.9,1313,55.7,102,0,0,0,0,0,0,9.5,73134.1,5681.400000000001,31813.8
5694,M20553,M,302.4,311.8,1453,42.1,105,0,0,0,0,0,0,9.400000000000034,61171.3,4420.5,32739.0
5695,L52874,L,302.4,311.8,1508,45.7,108,0,0,0,0,0,0,9.400000000000034,68915.6,4935.6,33674.4
5696,L52875,L,302.4,311.8,1451,42.0,110,0,0,0,0,0,0,9.400000000000034,60942.0,4620.0,34298.0
5697,H35110,H,302.5,311.9,1595,34.6,112,0,0,0,0,0,0,9.399999999999977,55187.0,3875.2000000000003,34932.799999999996
5698,L52877,L,302.5,311.9,1354,49.4,117,0,0,0,0,0,0,9.399999999999977,66887.59999999999,5779.8,36492.299999999996
5699,L52878,L,302.5,311.9,1265,59.8,119,0,0,0,0,0,0,9.399999999999977,75647.0,7116.2,37116.1
5700,L52879,L,302.4,311.9,1867,25.9,121,0,0,0,0,0,0,9.5,48355.299999999996,3133.8999999999996,37739.899999999994
5701,L52880,L,302.5,311.9,1497,41.6,123,0,0,0,0,0,0,9.399999999999977,62275.200000000004,5116.8,38363.7
5702,M20561,M,302.5,311.9,1347,54.3,125,0,0,0,0,0,0,9.399999999999977,73142.09999999999,6787.5,38987.5
5703,L52882,L,302.3,311.7,1544,43.2,128,0,0,0,0,0,0,9.399999999999977,66700.8,5529.6,39897.6
5704,H35117,H,302.3,311.7,1456,45.4,130,0,0,0,0,0,0,9.399999999999977,66102.4,5902.0,40521.0
5705,L52884,L,302.5,311.8,1335,52.7,135,0,0,0,0,0,0,9.300000000000011,70354.5,7114.5,42093.0
5706,L52885,L,302.4,311.9,1452,43.1,137,0,0,0,0,0,0,9.5,62581.200000000004,5904.7,42730.299999999996
5707,L52886,L,302.4,311.9,1290,70.0,139,1,0,0,1,0,0,9.5,90300.0,9730.0,43354.1
5708,L52887,L,302.4,311.8,1448,43.4,141,0,0,0,0,0,0,9.400000000000034,62843.2,6119.4,43963.8
5709,L52888,L,302.3,311.7,1611,38.6,143,0,0,0,0,0,0,9.399999999999977,62184.600000000006,5519.8,44573.1
5710,L52889,L,302.2,311.7,1556,38.6,145,0,0,0,0,0,0,9.5,60061.600000000006,5597.0,45196.5
5711,H35124,H,302.2,311.7,1413,46.5,147,0,0,0,0,0,0,9.5,65704.5,6835.5,45819.9
5712,L52891,L,302.2,311.6,1545,35.9,152,0,0,0,0,0,0,9.400000000000034,55465.5,5456.8,47363.200000000004
5713,L52892,L,302.2,311.7,1330,54.6,154,0,0,0,0,0,0,9.5,72618.0,8408.4,48001.799999999996
5714,L52893,L,302.2,311.9,1596,38.0,156,0,0,0,0,0,0,9.699999999999989,60648.0,5928.0,48656.399999999994
5715,L52894,L,302.2,311.8,1618,36.0,158,0,0,0,0,0,0,9.600000000000023,58248.0,5688.0,49264.4
5716,H35129,H,302.2,311.9,1597,35.8,160,0,0,0,0,0,0,9.699999999999989,57172.6,5728.0,49904.0
5717,L52896,L,302.3,312.0,1354,52.2,165,0,0,0,0,0,0,9.699999999999989,70678.8,8613.0,51480.0
5718,L52897,L,302.3,312.0,1746,28.1,167,0,0,0,0,0,0,9.699999999999989,49062.600000000006,4692.7,52104.0
5719,L52898,L,302.4,312.0,1621,32.5,169,0,0,0,0,0,0,9.600000000000023,52682.5,5492.5,52728.0
5720,L52899,L,302.3,312.0,1398,43.3,171,0,0,0,0,0,0,9.699999999999989,60533.399999999994,7404.299999999999,53352.0
5721,L52900,L,302.3,311.9,1434,51.9,173,0,0,0,0,0,0,9.599999999999966,74424.59999999999,8978.699999999999,53958.7
5722,M20581,M,302.3,311.8,1443,43.4,175,0,0,0,0,0,0,9.5,62626.2,7595.0,54565.0
5723,L52902,L,302.2,311.7,1488,44.6,178,0,0,0,0,0,0,9.5,66364.8,7938.8,55482.6
5724,M20583,M,302.3,311.8,1475,48.0,180,0,0,0,0,0,0,9.5,70800.0,8640.0,56124.0
5725,L52904,L,302.3,311.8,1433,50.3,183,0,0,0,0,0,0,9.5,72079.9,9204.9,57059.4
5726,M20585,M,302.3,311.8,1557,34.1,185,0,0,0,0,0,0,9.5,53093.700000000004,6308.5,57683.0
5727,M20586,M,302.4,311.9,1398,50.1,188,0,0,0,0,0,0,9.5,70039.8,9418.800000000001,58637.2
5728,M20587,M,302.3,311.8,1559,34.4,191,0,0,0,0,0,0,9.5,53629.6,6570.4,59553.8
5729,M20588,M,302.4,311.9,1422,46.4,194,0,0,0,0,0,0,9.5,65980.8,9001.6,60508.6
5730,M20589,M,302.3,311.8,1463,35.7,197,0,0,0,0,0,0,9.5,52229.100000000006,7032.900000000001,61424.600000000006
5731,L52910,L,302.3,311.7,1793,25.3,200,0,0,0,0,0,0,9.399999999999977,45362.9,5060.0,62340.0
5732,L52911,L,302.2,311.6,1872,20.4,202,0,0,0,0,0,0,9.400000000000034,38188.799999999996,4120.799999999999,62943.200000000004
5733,L52912,L,302.2,311.7,1412,44.5,204,0,0,0,0,0,0,9.5,62834.0,9078.0,63586.799999999996
5734,L52913,L,302.3,311.8,1487,43.2,206,0,0,0,0,0,0,9.5,64238.4,8899.2,64230.8
5735,L52914,L,302.3,311.8,1369,56.2,208,1,0,0,0,1,0,9.5,76937.8,11689.6,64854.4
5736,L52915,L,302.4,311.8,1673,30.1,210,0,0,0,0,0,0,9.400000000000034,50357.3,6321.0,65478.0
5737,M20596,M,302.4,311.9,1439,36.6,212,0,0,0,0,0,0,9.5,52667.4,7759.200000000001,66122.79999999999
5738,L52917,L,302.3,311.8,1574,42.8,215,0,0,0,0,0,0,9.5,67367.2,9202.0,67037.0
5739,L52918,L,302.3,311.7,1281,48.8,0,0,0,0,0,0,0,9.399999999999977,62512.799999999996,0.0,0.0
5740,M20599,M,302.2,311.7,1653,31.4,2,0,0,0,0,0,0,9.5,51904.2,62.8,623.4
5741,M20600,M,302.3,311.7,1535,38.3,5,0,0,0,0,0,0,9.399999999999977,58790.49999999999,191.5,1558.5
5742,M20601,M,302.3,311.7,1483,40.5,8,0,0,0,0,0,0,9.399999999999977,60061.5,324.0,2493.6
5743,L52922,L,302.3,311.7,1414,47.0,11,0,0,0,0,0,0,9.399999999999977,66458.0,517.0,3428.7
5744,M20603,M,302.2,311.6,1379,42.9,13,0,0,0,0,0,0,9.400000000000034,59159.1,557.6999999999999,4050.8
5745,H35158,H,302.2,311.5,1482,42.6,16,0,0,0,0,0,0,9.300000000000011,63133.200000000004,681.6,4984.0
5746,L52925,L,302.1,311.5,1987,20.1,21,0,0,0,0,0,0,9.399999999999977,39938.700000000004,422.1,6541.5
5747,M20606,M,302.1,311.5,1635,31.6,23,0,0,0,0,0,0,9.399999999999977,51666.0,726.8000000000001,7164.5
5748,L52927,L,302.1,311.5,1533,39.4,26,0,0,0,0,0,0,9.399999999999977,60400.2,1024.3999999999999,8099.0
5749,M20608,M,302.2,311.7,1576,34.0,28,0,0,0,0,0,0,9.5,53584.0,952.0,8727.6
5750,H35163,H,302.2,311.8,1330,62.4,31,0,0,0,0,0,0,9.600000000000023,82992.0,1934.3999999999999,9665.800000000001
5751,L52930,L,302.2,311.8,1981,21.8,36,0,0,0,0,0,0,9.600000000000023,43185.8,784.8000000000001,11224.800000000001
5752,H35165,H,302.3,311.8,1475,42.8,38,0,0,0,0,0,0,9.5,63129.99999999999,1626.3999999999999,11848.4
5753,H35166,H,302.3,311.8,1804,25.0,43,0,0,0,0,0,0,9.5,45100.0,1075.0,13407.4
5754,L52933,L,302.2,311.6,1416,54.1,48,0,0,0,0,0,0,9.400000000000034,76605.6,2596.8,14956.800000000001
5755,L52934,L,302.1,311.5,1727,27.7,50,0,0,0,0,0,0,9.399999999999977,47837.9,1385.0,15575.0
5756,L52935,L,302.1,311.4,1391,49.2,52,0,0,0,0,0,0,9.299999999999955,68437.2,2558.4,16192.8
5757,M20616,M,302.0,311.5,1366,52.3,54,0,0,0,0,0,0,9.5,71441.8,2824.2,16821.0
5758,L52937,L,301.9,311.3,1366,55.6,57,0,0,0,0,0,0,9.400000000000034,75949.6,3169.2000000000003,17744.100000000002
5759,L52938,L,301.9,311.3,1501,40.8,59,0,0,0,0,0,0,9.400000000000034,61240.799999999996,2407.2,18366.7
5760,L52939,L,301.8,311.3,1551,35.8,61,0,0,0,0,0,0,9.5,55525.799999999996,2183.7999999999997,18989.3
5761,M20620,M,301.9,311.3,1522,35.6,63,0,0,0,0,0,0,9.400000000000034,54183.200000000004,2242.8,19611.9
5762,L52941,L,301.9,311.2,1369,49.8,66,0,0,0,0,0,0,9.300000000000011,68176.2,3286.7999999999997,20539.2
5763,L52942,L,301.8,311.2,1334,52.3,68,0,0,0,0,0,0,9.399999999999977,69768.2,3556.3999999999996,21161.6
5764,H35177,H,301.8,311.2,1451,39.4,70,0,0,0,0,0,0,9.399999999999977,57169.4,2758.0,21784.0
5765,L52944,L,301.7,311.2,1589,37.9,75,0,0,0,0,0,0,9.5,60223.1,2842.5,23340.0
5766,L52945,L,301.7,311.3,1708,30.5,77,0,0,0,0,0,0,9.600000000000023,52094.0,2348.5,23970.100000000002
5767,M20626,M,301.7,311.2,1413,42.6,79,0,0,0,0,0,0,9.5,60193.8,3365.4,24584.8
5768,M20627,M,301.6,311.2,1415,46.5,82,0,0,0,0,0,0,9.599999999999966,65797.5,3813.0,25518.399999999998
5769,L52948,L,301.7,311.3,1421,45.9,85,0,0,0,0,0,0,9.600000000000023,65223.9,3901.5,26460.5
5770,L52949,L,301.7,311.3,1348,51.0,87,0,0,0,0,0,0,9.600000000000023,68748.0,4437.0,27083.100000000002
5771,L52950,L,301.6,311.2,1408,42.9,89,0,0,0,0,0,0,9.599999999999966,60403.2,3818.1,27696.8
5772,L52951,L,301.6,311.2,1525,43.7,91,0,0,0,0,0,0,9.599999999999966,66642.5,3976.7000000000003,28319.2
5773,L52952,L,301.6,311.3,1706,29.9,93,0,0,0,0,0,0,9.699999999999989,51009.399999999994,2780.7,28950.9
5774,H35187,H,301.6,311.2,1395,46.8,95,0,0,0,0,0,0,9.599999999999966,65285.99999999999,4446.0,29564.0
5775,L52954,L,301.5,311.1,1602,34.3,100,0,0,0,0,0,0,9.600000000000023,54948.6,3429.9999999999995,31110.000000000004
5776,L52955,L,301.6,311.1,1907,21.5,102,0,0,0,0,0,0,9.5,41000.5,2193.0,31732.2
5777,L52956,L,301.6,311.1,1325,49.2,104,0,0,0,0,0,0,9.5,65190.00000000001,5116.8,32354.4
5778,L52957,L,301.6,311.1,1408,44.4,106,0,0,0,0,0,0,9.5,62515.2,4706.4,32976.600000000006
5779,M20638,M,301.7,311.1,1489,41.4,108,0,0,0,0,0,0,9.400000000000034,61644.6,4471.2,33598.8
5780,L52959,L,301.6,311.1,1680,29.2,111,0,0,0,0,0,0,9.5,49056.0,3241.2,34532.100000000006
5781,L52960,L,301.7,311.2,1517,42.4,113,0,0,0,0,0,0,9.5,64320.799999999996,4791.2,35165.6
5782,M20641,M,301.7,311.1,1618,36.7,115,0,0,0,0,0,0,9.400000000000034,59380.600000000006,4220.5,35776.5
5783,L52962,L,301.7,311.1,1455,39.8,118,0,0,0,0,0,0,9.400000000000034,57908.99999999999,4696.4,36709.8
5784,H35197,H,301.8,311.1,1543,36.4,120,0,0,0,0,0,0,9.300000000000011,56165.2,4368.0,37332.0
5785,M20644,M,301.8,311.1,1399,41.8,125,0,0,0,0,0,0,9.300000000000011,58478.2,5225.0,38887.5
5786,L52965,L,301.7,311.1,1469,37.2,128,0,0,0,0,0,0,9.400000000000034,54646.8,4761.6,39820.8
5787,L52966,L,301.7,311.2,1521,36.7,130,0,0,0,0,0,0,9.5,55820.700000000004,4771.0,40456.0
5788,L52967,L,301.7,311.3,1584,38.8,132,0,0,0,0,0,0,9.600000000000023,61459.2,5121.599999999999,41091.6
5789,L52968,L,301.8,311.5,1443,43.3,134,0,0,0,0,0,0,9.699999999999989,62481.899999999994,5802.2,41741.0
5790,M20649,M,301.8,311.5,1416,49.0,136,0,0,0,0,0,0,9.699999999999989,69384.0,6664.0,42364.0
5791,M20650,M,301.7,311.2,1563,34.5,139,0,0,0,0,0,0,9.5,53923.5,4795.5,43256.799999999996
5792,M20651,M,301.8,311.3,1542,40.1,142,0,0,0,0,0,0,9.5,61834.200000000004,5694.2,44204.6
5793,M20652,M,301.8,311.3,1624,31.6,145,0,0,0,0,0,0,9.5,51318.4,4582.0,45138.5
5794,L52973,L,301.8,311.3,1471,44.2,148,0,0,0,0,0,0,9.5,65018.200000000004,6541.6,46072.4
5795,M20654,M,301.9,311.5,1492,40.8,150,0,0,0,0,0,0,9.600000000000023,60873.6,6120.0,46725.0
5796,M20655,M,301.9,311.4,1465,39.9,153,0,0,0,0,0,0,9.5,58453.5,6104.7,47644.2
5797,L52976,L,301.7,311.1,1399,55.1,156,0,0,0,0,0,0,9.400000000000034,77084.90000000001,8595.6,48531.600000000006
5798,L52977,L,301.6,311.0,1431,42.6,158,0,0,0,0,0,0,9.399999999999977,60960.6,6730.8,49138.0
5799,L52978,L,301.5,310.9,1600,39.0,160,0,0,0,0,0,0,9.399999999999977,62400.0,6240.0,49744.0
5800,L52979,L,301.5,310.8,1593,34.5,162,0,0,0,0,0,0,9.300000000000011,54958.5,5589.0,50349.6
5801,L52980,L,301.5,310.9,1469,44.7,164,0,0,0,0,0,0,9.399999999999977,65664.3,7330.8,50987.6
5802,L52981,L,301.5,310.8,1413,44.6,166,0,0,0,0,0,0,9.300000000000011,63019.8,7403.6,51592.8
5803,L52982,L,301.4,310.8,1490,38.0,168,0,0,0,0,0,0,9.400000000000034,56620.0,6384.0,52214.4
5804,L52983,L,301.5,310.9,1671,31.1,170,0,0,0,0,0,0,9.399999999999977,51968.100000000006,5287.0,52852.99999999999
5805,L52984,L,301.5,310.9,1365,46.5,172,0,0,0,0,0,0,9.399999999999977,63472.5,7998.0,53474.799999999996
5806,M20665,M,301.4,310.9,1557,39.3,174,0,0,0,0,0,0,9.5,61190.1,6838.2,54096.6
5807,L52986,L,301.4,310.9,1440,45.4,177,0,0,0,0,0,0,9.5,65376.0,8035.8,55029.299999999996
5808,M20667,M,301.4,310.9,1489,38.9,179,0,0,0,0,0,0,9.5,57922.1,6963.099999999999,55651.1
5809,L52988,L,301.4,311.0,1733,25.7,182,0,0,0,0,0,0,9.600000000000023,44538.1,4677.4,56602.0
5810,H35223,H,301.3,311.0,1580,36.6,184,0,0,0,0,0,0,9.699999999999989,57828.0,6734.400000000001,57224.0
5811,L52990,L,301.3,311.0,1856,21.9,189,0,0,0,0,0,0,9.699999999999989,40646.399999999994,4139.099999999999,58779.0
5812,L52991,L,301.3,311.1,1454,40.3,191,0,0,0,0,0,0,9.800000000000011,58596.2,7697.299999999999,59420.100000000006
5813,L52992,L,301.4,311.1,1495,36.3,193,0,0,0,0,0,0,9.700000000000045,54268.49999999999,7005.9,60042.3
5814,L52993,L,301.2,311.0,1761,29.1,195,0,0,0,0,0,0,9.800000000000011,51245.100000000006,5674.5,60645.0
5815,M20674,M,301.3,311.0,1402,47.5,197,0,0,0,0,0,0,9.699999999999989,66595.0,9357.5,61267.0
5816,L52995,L,301.2,311.0,1670,33.0,200,0,0,0,0,0,0,9.800000000000011,55110.0,6600.0,62200.0
5817,L52996,L,301.3,311.0,1582,35.6,202,0,0,0,0,0,0,9.699999999999989,56319.200000000004,7191.200000000001,62822.0
5818,L52997,L,301.3,311.0,1542,35.1,204,0,0,0,0,0,0,9.699999999999989,54124.200000000004,7160.400000000001,63444.0
5819,L52998,L,301.3,311.0,1539,36.9,206,0,0,0,0,0,0,9.699999999999989,56789.1,7601.4,64066.0
5820,L52999,L,301.3,311.0,1418,41.9,208,0,0,0,0,0,0,9.699999999999989,59414.2,8715.199999999999,64688.0
5821,L53000,L,301.3,311.1,1723,27.6,210,0,0,0,0,0,0,9.800000000000011,47554.8,5796.0,65331.00000000001
5822,L53001,L,301.3,311.1,1303,49.2,212,0,0,0,0,0,0,9.800000000000011,64107.600000000006,10430.400000000001,65953.20000000001
5823,M20682,M,301.3,311.0,1463,50.2,214,0,0,0,0,0,0,9.699999999999989,73442.6,10742.800000000001,66554.0
5824,L53003,L,301.2,311.0,1544,39.3,217,0,0,0,0,0,0,9.800000000000011,60679.2,8528.099999999999,67487.0
5825,L53004,L,301.2,311.0,1596,37.2,219,0,0,0,0,0,0,9.800000000000011,59371.200000000004,8146.8,68109.0
5826,L53005,L,301.3,311.1,1413,42.0,221,0,0,0,0,0,0,9.800000000000011,59346.0,9282.0,68753.1
5827,M20686,M,301.3,311.1,1492,41.2,223,0,0,0,0,0,0,9.800000000000011,61470.4,9187.6,69375.3
5828,L53007,L,301.3,311.1,1624,40.9,0,0,0,0,0,0,0,9.800000000000011,66421.59999999999,0.0,0.0
5829,L53008,L,301.3,311.1,1504,39.1,2,0,0,0,0,0,0,9.800000000000011,58806.4,78.2,622.2
5830,M20689,M,301.2,311.1,1574,34.3,4,0,0,0,0,0,0,9.900000000000034,53988.2,137.2,1244.4
5831,M20690,M,301.3,311.2,1438,42.4,7,0,0,0,0,0,0,9.899999999999977,60971.2,296.8,2178.4
5832,L53011,L,301.3,311.3,1474,50.7,10,0,0,0,0,0,0,10.0,74731.8,507.0,3113.0
5833,L53012,L,301.3,311.2,1675,32.1,12,0,0,0,0,0,0,9.899999999999977,53767.5,385.20000000000005,3734.3999999999996
5834,L53013,L,301.3,311.2,1457,44.5,14,0,0,0,0,0,0,9.899999999999977,64836.5,623.0,4356.8
5835,L53014,L,301.3,311.3,1434,49.8,16,0,0,0,0,0,0,10.0,71413.2,796.8,4980.8
5836,L53015,L,301.3,311.2,1668,30.1,18,0,0,0,0,0,0,9.899999999999977,50206.8,541.8000000000001,5601.599999999999
5837,L53016,L,301.2,311.1,1550,39.7,20,0,0,0,0,0,0,9.900000000000034,61535.00000000001,794.0,6222.0
5838,M20697,M,301.3,311.1,1834,25.4,22,0,0,0,0,0,0,9.800000000000011,46583.6,558.8,6844.200000000001
5839,M20698,M,301.4,311.2,1476,36.5,25,0,0,0,0,0,0,9.800000000000011,53874.0,912.5,7780.0
5840,M20699,M,301.4,311.2,1541,36.3,28,0,0,0,0,0,0,9.800000000000011,55938.299999999996,1016.3999999999999,8713.6
5841,M20700,M,301.3,311.1,1581,30.9,31,0,0,0,0,0,0,9.800000000000011,48852.899999999994,957.9,9644.1
5842,M20701,M,301.3,311.1,1678,30.7,34,0,0,0,0,0,0,9.800000000000011,51514.6,1043.8,10577.400000000001
5843,L53022,L,301.4,311.2,1355,50.6,37,0,0,0,0,0,0,9.800000000000011,68563.0,1872.2,11514.4
5844,L53023,L,301.5,311.2,1700,28.8,39,0,0,0,0,0,0,9.699999999999989,48960.0,1123.2,12136.8
5845,L53024,L,301.4,311.1,1462,37.1,41,0,0,0,0,0,0,9.700000000000045,54240.200000000004,1521.1000000000001,12755.1
5846,M20705,M,301.4,311.2,1727,26.5,43,0,0,0,0,0,0,9.800000000000011,45765.5,1139.5,13381.6
5847,L53026,L,301.4,311.3,1674,33.3,46,0,0,0,0,0,0,9.900000000000034,55744.2,1531.8,14319.800000000001
5848,L53027,L,301.4,311.3,1397,42.3,48,0,0,0,0,0,0,9.900000000000034,59093.1,2030.3999999999999,14942.400000000001
5849,L53028,L,301.4,311.3,2323,15.9,50,0,0,0,0,0,0,9.900000000000034,36935.700000000004,795.0,15565.0
5850,M20709,M,301.4,311.2,1434,47.6,52,0,0,0,0,0,0,9.800000000000011,68258.40000000001,2475.2000000000003,16182.4
5851,L53030,L,301.3,311.1,1560,35.3,55,0,0,0,0,0,0,9.800000000000011,55067.99999999999,1941.4999999999998,17110.5
5852,L53031,L,301.2,311.0,1573,32.8,57,0,0,0,0,0,0,9.800000000000011,51594.399999999994,1869.6,17727.0
5853,H35266,H,301.2,310.9,1798,22.3,59,0,0,0,0,0,0,9.699999999999989,40095.4,1315.7,18343.1
5854,L53033,L,301.2,311.0,1567,35.1,64,0,0,0,0,0,0,9.800000000000011,55001.700000000004,2246.4,19904.0
5855,L53034,L,301.2,310.9,1416,53.3,66,0,0,0,0,0,0,9.699999999999989,75472.8,3517.7999999999997,20519.399999999998
5856,M20715,M,301.2,310.9,1424,45.2,68,0,0,0,0,0,0,9.699999999999989,64364.8,3073.6000000000004,21141.199999999997
5857,H35270,H,301.2,310.9,1598,35.9,71,0,0,0,0,0,0,9.699999999999989,57368.2,2548.9,22073.899999999998
5858,L53037,L,301.3,310.9,1760,23.9,76,0,0,0,0,0,0,9.599999999999966,42064.0,1816.3999999999999,23628.399999999998
5859,L53038,L,301.3,311.0,1348,44.5,78,0,0,0,0,0,0,9.699999999999989,59986.0,3471.0,24258.0
5860,L53039,L,301.3,311.0,1542,33.6,80,0,0,0,0,0,0,9.699999999999989,51811.200000000004,2688.0,24880.0
5861,L53040,L,301.3,310.9,1566,33.1,82,0,0,0,0,0,0,9.599999999999966,51834.600000000006,2714.2000000000003,25493.8
5862,L53041,L,301.3,311.0,1554,47.7,84,0,0,0,0,0,0,9.699999999999989,74125.8,4006.8,26124.0
5863,L53042,L,301.4,311.0,1470,40.6,86,0,0,0,0,0,0,9.600000000000023,59682.0,3491.6,26746.0
5864,M20723,M,301.4,311.1,1758,25.4,88,0,0,0,0,0,0,9.700000000000045,44653.2,2235.2,27376.800000000003
5865,M20724,M,301.4,311.0,1486,36.5,91,0,0,0,0,0,0,9.600000000000023,54239.0,3321.5,28301.0
5866,M20725,M,301.5,311.1,1402,40.0,94,0,0,0,0,0,0,9.600000000000023,56080.0,3760.0,29243.4
5867,L53046,L,301.5,311.1,1459,45.1,97,0,0,0,0,0,0,9.600000000000023,65800.90000000001,4374.7,30176.7
5868,L53047,L,301.5,311.0,1494,45.3,99,0,0,0,0,0,0,9.5,67678.2,4484.7,30789.0
5869,L53048,L,301.5,311.1,1731,27.9,101,0,0,0,0,0,0,9.600000000000023,48294.899999999994,2817.8999999999996,31421.100000000002
5870,L53049,L,301.5,311.1,2076,18.7,103,0,0,0,0,0,0,9.600000000000023,38821.2,1926.1,32043.300000000003
5871,L53050,L,301.5,311.1,2055,16.8,105,0,0,0,0,0,0,9.600000000000023,34524.0,1764.0,32665.500000000004
5872,L53051,L,301.5,311.1,1469,49.5,107,0,0,0,0,0,0,9.600000000000023,72715.5,5296.5,33287.700000000004
5873,M20732,M,301.5,311.0,1504,42.6,109,0,0,0,0,0,0,9.5,64070.4,4643.400000000001,33899.0
5874,M20733,M,301.5,311.1,1396,43.5,112,0,0,0,0,0,0,9.600000000000023,60726.0,4872.0,34843.200000000004
5875,M20734,M,301.5,311.1,1660,33.8,115,0,0,0,0,0,0,9.600000000000023,56107.99999999999,3886.9999999999995,35776.5
5876,M20735,M,301.5,311.0,1577,39.7,118,0,0,0,0,0,0,9.5,62606.9,4684.6,36698.0
5877,L53056,L,301.5,311.1,1426,52.1,121,0,0,0,0,0,0,9.600000000000023,74294.6,6304.1,37643.100000000006
5878,L53057,L,301.5,311.1,1458,41.4,123,0,0,0,0,0,0,9.600000000000023,60361.2,5092.2,38265.3
5879,L53058,L,301.4,311.0,1533,45.8,125,0,0,0,0,0,0,9.600000000000023,70211.4,5725.0,38875.0
5880,L53059,L,301.4,311.0,1701,28.4,127,0,0,0,0,0,0,9.600000000000023,48308.399999999994,3606.7999999999997,39497.0
5881,L53060,L,301.5,311.1,1434,49.6,129,0,0,0,0,0,0,9.600000000000023,71126.40000000001,6398.400000000001,40131.9
5882,L53061,L,301.4,311.1,1952,22.7,131,0,0,0,0,0,0,9.700000000000045,44310.4,2973.7,40754.100000000006
5883,L53062,L,301.4,311.1,1469,36.9,133,0,0,0,0,0,0,9.700000000000045,54206.1,4907.7,41376.3
5884,L53063,L,301.4,311.1,1800,26.0,135,0,0,0,0,0,0,9.700000000000045,46800.0,3510.0,41998.5
5885,M20744,M,301.3,311.1,1438,43.0,137,0,0,0,0,0,0,9.800000000000011,61834.0,5891.0,42620.700000000004
5886,L53065,L,301.3,311.1,1647,28.2,140,0,0,0,0,0,0,9.800000000000011,46445.4,3948.0,43554.0
5887,L53066,L,301.4,311.1,1494,41.9,142,0,0,0,0,0,0,9.700000000000045,62598.6,5949.8,44176.200000000004
5888,H35301,H,301.4,311.1,1445,41.4,144,0,0,0,0,0,0,9.700000000000045,59823.0,5961.599999999999,44798.4
5889,M20748,M,301.5,311.1,1507,38.6,149,0,0,0,0,0,0,9.600000000000023,58170.200000000004,5751.400000000001,46353.9
5890,M20749,M,301.4,311.0,1234,55.8,152,0,0,0,0,0,0,9.600000000000023,68857.2,8481.6,47272.0
5891,L53070,L,301.4,311.0,1634,32.6,155,0,0,0,0,0,0,9.600000000000023,53268.4,5053.0,48205.0
5892,L53071,L,301.4,311.0,1334,53.3,157,0,0,0,0,0,0,9.600000000000023,71102.2,8368.1,48827.0
5893,L53072,L,301.4,311.1,1472,44.5,159,0,0,0,0,0,0,9.700000000000045,65504.0,7075.5,49464.9
5894,M20753,M,301.3,311.0,1410,52.7,161,0,0,0,0,0,0,9.699999999999989,74307.0,8484.7,50071.0
5895,L53074,L,301.2,310.9,1597,37.9,164,0,0,0,0,0,0,9.699999999999989,60526.299999999996,6215.599999999999,50987.6
5896,M20755,M,301.2,310.9,1460,46.7,166,0,0,0,0,0,0,9.699999999999989,68182.0,7752.200000000001,51609.399999999994
5897,L53076,L,301.1,310.8,1274,55.7,169,0,0,0,0,0,0,9.699999999999989,70961.8,9413.300000000001,52525.200000000004
5898,M20757,M,301.0,310.7,1517,40.2,171,0,0,0,0,0,0,9.699999999999989,60983.4,6874.200000000001,53129.7
5899,L53078,L,301.0,310.7,1300,57.2,174,0,0,0,0,0,0,9.699999999999989,74360.0,9952.800000000001,54061.799999999996
5900,H35313,H,300.9,310.6,1686,27.7,176,0,0,0,0,0,0,9.700000000000045,46702.2,4875.2,54665.600000000006
5901,M20760,M,300.9,310.7,1485,41.0,181,0,0,0,0,0,0,9.800000000000011,60885.0,7421.0,56236.7
5902,L53081,L,301.0,310.7,1464,45.8,184,0,0,0,0,0,0,9.699999999999989,67051.2,8427.199999999999,57168.799999999996
5903,L53082,L,300.9,310.6,1598,35.4,186,0,0,0,0,0,0,9.700000000000045,56569.2,6584.4,57771.600000000006
5904,L53083,L,300.9,310.5,1894,21.9,188,0,0,0,0,0,0,9.600000000000023,41478.6,4117.2,58374.0
5905,M20764,M,300.8,310.5,1330,59.0,190,0,0,0,0,0,0,9.699999999999989,78470.0,11210.0,58995.0
5906,H35319,H,300.8,310.5,1582,31.1,193,0,0,0,0,0,0,9.699999999999989,49200.200000000004,6002.3,59926.5
5907,L53086,L,300.7,310.3,1533,35.6,198,0,0,0,0,0,0,9.600000000000023,54574.8,7048.8,61439.4
5908,H35321,H,300.8,310.4,1419,46.4,200,0,0,0,0,0,0,9.599999999999966,65841.59999999999,9280.0,62079.99999999999
5909,M20768,M,300.8,310.3,1526,36.3,205,0,0,0,0,0,0,9.5,55393.799999999996,7441.499999999999,63611.5
5910,H35323,H,300.7,310.2,1364,65.3,208,1,1,0,1,1,0,9.5,89069.2,13582.4,64521.6
5911,M20770,M,300.8,310.3,1458,43.4,0,0,0,0,0,0,0,9.5,63277.2,0.0,0.0
5912,M20771,M,300.8,310.4,1288,64.0,3,0,0,0,0,0,0,9.599999999999966,82432.0,192.0,931.1999999999999
5913,M20772,M,300.7,310.3,1659,29.8,6,0,0,0,0,0,0,9.600000000000023,49438.200000000004,178.8,1861.8000000000002
5914,H35327,H,300.7,310.2,1479,52.3,9,0,0,0,0,0,0,9.5,77351.7,470.7,2791.7999999999997
5915,L53094,L,300.7,310.3,1592,36.0,14,0,0,0,0,0,0,9.600000000000023,57312.0,504.0,4344.2
5916,M20775,M,300.6,310.2,1532,38.7,16,0,0,0,0,0,0,9.599999999999966,59288.4,619.2,4963.2
5917,L53096,L,300.6,310.2,1555,41.9,19,0,0,0,0,0,0,9.599999999999966,65154.5,796.1,5893.8
5918,L53097,L,300.6,310.2,1341,52.6,21,0,0,0,0,0,0,9.599999999999966,70536.6,1104.6000000000001,6514.2
5919,L53098,L,300.6,310.1,1541,42.0,23,0,0,0,0,0,0,9.5,64722.0,966.0,7132.3
5920,L53099,L,300.6,310.3,1414,50.6,25,0,0,0,0,0,0,9.699999999999989,71548.40000000001,1265.0,7757.5
5921,L53100,L,300.5,310.2,1764,25.9,27,0,0,0,0,0,0,9.699999999999989,45687.6,699.3,8375.4
5922,L53101,L,300.5,310.3,1336,57.1,29,0,0,0,0,0,0,9.800000000000011,76285.6,1655.9,8998.7
5923,L53102,L,300.5,310.3,1435,43.3,31,0,0,0,0,0,0,9.800000000000011,62135.49999999999,1342.3,9619.300000000001
5924,M20783,M,300.4,310.3,1537,35.0,33,0,0,0,0,0,0,9.900000000000034,53795.0,1155.0,10239.9
5925,L53104,L,300.3,310.2,1369,48.8,36,0,0,0,0,0,0,9.899999999999977,66807.2,1756.8,11167.199999999999
5926,M20785,M,300.2,310.1,1619,31.3,38,0,0,0,0,0,0,9.900000000000034,50674.700000000004,1189.4,11783.800000000001
5927,L53106,L,300.2,310.1,1440,51.1,41,0,0,0,0,0,0,9.900000000000034,73584.0,2095.1,12714.1
5928,L53107,L,300.2,310.1,1649,30.5,43,0,0,0,0,0,0,9.900000000000034,50294.5,1311.5,13334.300000000001
5929,M20788,M,300.2,310.1,1550,38.7,45,0,0,0,0,0,0,9.900000000000034,59985.00000000001,1741.5000000000002,13954.500000000002
5930,L53109,L,300.3,310.2,1471,45.2,48,0,0,0,0,0,0,9.899999999999977,66489.2,2169.6000000000004,14889.599999999999
5931,L53110,L,300.3,310.3,1483,51.6,50,0,0,0,0,0,0,10.0,76522.8,2580.0,15515.0
5932,L53111,L,300.3,310.4,1336,54.4,52,0,0,0,0,0,0,10.099999999999966,72678.4,2828.7999999999997,16140.8
5933,L53112,L,300.5,310.5,1515,36.6,54,0,0,0,0,0,0,10.0,55449.0,1976.4,16767.0
5934,L53113,L,300.5,310.5,1373,47.4,56,0,0,0,0,0,0,10.0,65080.2,2654.4,17388.0
5935,H35348,H,300.6,310.5,1454,51.2,58,0,0,0,0,0,0,9.899999999999977,74444.8,2969.6000000000004,18009.0
5936,L53115,L,300.5,310.5,1646,34.5,63,0,0,0,0,0,0,10.0,56787.0,2173.5,19561.5
5937,M20796,M,300.5,310.4,1548,37.3,65,0,0,0,0,0,0,9.899999999999977,57740.399999999994,2424.5,20176.0
5938,M20797,M,300.6,310.5,1462,41.3,68,0,0,0,0,0,0,9.899999999999977,60380.6,2808.3999999999996,21114.0
5939,L53118,L,300.5,310.4,1702,33.1,71,0,0,0,0,0,0,9.899999999999977,56336.200000000004,2350.1,22038.399999999998
5940,L53119,L,300.5,310.5,1409,60.9,73,0,0,0,0,0,0,10.0,85808.09999999999,4445.7,22666.5
5941,M20800,M,300.6,310.6,1427,52.8,75,0,0,0,0,0,0,10.0,75345.59999999999,3960.0,23295.0
5942,L53121,L,300.6,310.7,1438,48.5,78,1,0,0,0,0,0,10.099999999999966,69743.0,3783.0,24234.6
5943,L53122,L,300.7,310.7,1450,43.4,80,0,0,0,0,0,0,10.0,62930.0,3472.0,24856.0
5944,L53123,L,300.7,310.7,1541,41.3,82,0,0,0,0,0,0,10.0,63643.299999999996,3386.6,25477.399999999998
5945,M20804,M,300.7,310.6,1484,38.0,84,0,0,0,0,0,0,9.900000000000034,56392.0,3192.0,26090.4
5946,M20805,M,300.8,310.8,1415,44.5,87,0,0,0,0,0,0,10.0,62967.5,3871.5,27039.600000000002
5947,L53126,L,300.7,310.8,1496,46.4,90,0,0,0,0,0,0,10.100000000000023,69414.4,4176.0,27972.0
5948,M20807,M,300.7,310.8,1465,45.2,92,0,0,0,0,0,0,10.100000000000023,66218.0,4158.400000000001,28593.600000000002
5949,L53128,L,300.7,310.8,2113,18.5,95,0,0,0,0,0,0,10.100000000000023,39090.5,1757.5,29526.0
5950,M20809,M,300.7,310.8,1506,44.0,97,0,0,0,0,0,0,10.100000000000023,66264.0,4268.0,30147.600000000002
5951,L53130,L,300.7,310.8,1689,28.9,100,0,0,0,0,0,0,10.100000000000023,48812.1,2890.0,31080.0
5952,L53131,L,300.7,310.9,1650,29.4,102,0,0,0,0,0,0,10.199999999999989,48510.0,2998.7999999999997,31711.8
5953,L53132,L,300.7,310.8,1563,33.8,104,0,0,0,0,0,0,10.100000000000023,52829.399999999994,3515.2,32323.2
5954,M20813,M,300.7,310.9,1486,38.9,106,0,0,0,0,0,0,10.199999999999989,57805.4,4123.4,32955.399999999994
5955,L53134,L,300.8,310.9,1732,25.7,109,0,0,0,0,0,0,10.099999999999966,44512.4,2801.2999999999997,33888.1
5956,L53135,L,300.7,310.8,1653,31.6,111,0,0,0,0,0,0,10.100000000000023,52234.8,3507.6000000000004,34498.8
5957,L53136,L,300.7,310.9,1535,37.1,113,0,0,0,0,0,0,10.199999999999989,56948.5,4192.3,35131.7
5958,L53137,L,300.7,310.9,1637,37.2,115,0,0,0,0,0,0,10.199999999999989,60896.4,4278.0,35753.5
5959,L53138,L,300.6,310.8,1533,38.5,117,0,0,0,0,0,0,10.199999999999989,59020.5,4504.5,36363.6
5960,L53139,L,300.6,310.8,1378,51.2,119,0,0,0,0,0,0,10.199999999999989,70553.6,6092.8,36985.200000000004
5961,L53140,L,300.5,310.7,1606,33.5,121,0,0,0,0,0,0,10.199999999999989,53801.0,4053.5,37594.7
5962,L53141,L,300.3,310.7,1539,32.3,123,0,0,0,0,0,0,10.399999999999977,49709.7,3972.8999999999996,38216.1
5963,L53142,L,300.5,310.8,1728,26.3,125,0,0,0,0,0,0,10.300000000000011,45446.4,3287.5,38850.0
5964,H35377,H,300.4,310.7,1656,36.3,127,0,0,0,0,0,0,10.300000000000011,60112.799999999996,4610.099999999999,39458.9
5965,H35378,H,300.5,310.8,1631,30.5,132,0,0,0,0,0,0,10.300000000000011,49745.5,4026.0,41025.6
5966,H35379,H,300.5,310.9,1447,46.5,137,0,0,0,0,0,0,10.399999999999977,67285.5,6370.5,42593.299999999996
5967,L53146,L,300.4,310.8,1396,49.3,142,0,0,0,0,0,0,10.400000000000034,68822.8,7000.599999999999,44133.6
5968,L53147,L,300.4,310.8,1390,52.5,144,0,0,0,0,0,0,10.400000000000034,72975.0,7560.0,44755.200000000004
5969,L53148,L,300.4,310.8,1348,56.0,146,0,0,0,0,0,0,10.400000000000034,75488.0,8176.0,45376.8
5970,M20829,M,300.4,310.8,1491,35.9,148,0,0,0,0,0,0,10.400000000000034,53526.9,5313.2,45998.4
5971,L53150,L,300.4,310.8,1520,37.6,151,0,0,0,0,0,0,10.400000000000034,57152.0,5677.6,46930.8
5972,L53151,L,300.5,310.8,1509,33.0,153,0,0,0,0,0,0,10.300000000000011,49797.0,5049.0,47552.4
5973,L53152,L,300.5,310.8,1445,46.6,155,0,0,0,0,0,0,10.300000000000011,67337.0,7223.0,48174.0
5974,L53153,L,300.5,310.8,1354,51.8,157,0,0,0,0,0,0,10.300000000000011,70137.2,8132.599999999999,48795.6
5975,L53154,L,300.5,310.7,1488,39.4,159,0,0,0,0,0,0,10.199999999999989,58627.2,6264.599999999999,49401.299999999996
5976,H35389,H,300.5,310.7,1654,28.6,161,0,0,0,0,0,0,10.199999999999989,47304.4,4604.6,50022.7
5977,H35390,H,300.5,310.6,1378,51.5,166,0,0,0,0,0,0,10.100000000000023,70967.0,8549.0,51559.600000000006
5978,L53157,L,300.6,310.7,1750,30.6,171,0,0,0,0,0,0,10.099999999999966,53550.0,5232.6,53129.7
5979,L53158,L,300.5,310.6,1448,46.3,173,0,0,0,0,0,0,10.100000000000023,67042.4,8009.9,53733.8
5980,H35393,H,300.6,310.7,1501,45.3,175,0,0,0,0,0,0,10.099999999999966,67995.3,7927.499999999999,54372.5
5981,M20840,M,300.6,310.7,1654,32.0,180,0,0,0,0,0,0,10.099999999999966,52928.0,5760.0,55926.0
5982,M20841,M,300.7,310.7,1347,46.5,183,0,0,0,0,0,0,10.0,62635.5,8509.5,56858.1
5983,L53162,L,300.7,310.8,1486,37.1,186,0,0,0,0,0,0,10.100000000000023,55130.6,6900.6,57808.8
5984,H35397,H,300.8,310.8,1466,45.2,188,0,0,0,0,0,0,10.0,66263.2,8497.6,58430.4
5985,H35398,H,300.7,310.8,1346,52.0,193,0,0,0,0,0,0,10.100000000000023,69992.0,10036.0,59984.4
5986,L53165,L,300.7,310.7,1314,42.4,198,0,0,0,0,0,0,10.0,55713.6,8395.199999999999,61518.6
5987,L53166,L,300.6,310.7,1440,52.5,200,0,0,0,0,0,0,10.099999999999966,75600.0,10500.0,62140.0
5988,L53167,L,300.7,310.8,1608,39.5,202,0,0,0,0,0,0,10.100000000000023,63516.0,7979.0,62781.600000000006
5989,H35402,H,300.7,310.8,1296,58.2,204,0,0,0,0,0,0,10.100000000000023,75427.2,11872.800000000001,63403.200000000004
5990,L53169,L,300.7,310.7,1507,46.1,209,0,0,0,0,0,0,10.0,69472.7,9634.9,64936.299999999996
5991,M20850,M,300.7,310.7,1343,51.6,211,0,0,0,0,0,0,10.0,69298.8,10887.6,65557.7
5992,L53171,L,300.7,310.7,1416,40.4,214,0,0,0,0,0,0,10.0,57206.4,8645.6,66489.8
5993,L53172,L,300.7,310.6,1288,47.2,216,0,0,0,0,0,0,9.900000000000034,60793.600000000006,10195.2,67089.6
5994,M20853,M,300.7,310.6,1407,42.4,218,0,0,0,0,0,0,9.900000000000034,59656.799999999996,9243.199999999999,67710.8
5995,L53174,L,300.6,310.4,1608,39.2,221,0,0,0,0,0,0,9.799999999999955,63033.600000000006,8663.2,68598.4
5996,L53175,L,300.6,310.3,1920,22.3,223,0,0,0,0,0,0,9.699999999999989,42816.0,4972.900000000001,69196.90000000001
5997,M20856,M,300.5,310.2,1386,48.2,225,0,0,0,0,0,0,9.699999999999989,66805.2,10845.0,69795.0
5998,M20857,M,300.5,310.2,1571,34.6,228,0,0,0,0,0,0,9.699999999999989,54356.600000000006,7888.8,70725.59999999999
5999,M20858,M,300.4,310.2,1613,36.9,231,0,0,0,0,0,0,9.800000000000011,59519.7,8523.9,71656.2
6000,M20859,M,300.4,310.2,1671,30.5,234,1,1,0,0,0,0,9.800000000000011,50965.5,7137.0,72586.8
6001,H35414,H,300.4,310.2,1431,43.2,0,0,0,0,0,0,0,9.800000000000011,61819.200000000004,0.0,0.0
6002,M20861,M,300.4,310.2,1380,47.3,5,0,0,0,0,0,0,9.800000000000011,65273.99999999999,236.5,1551.0
6003,L53182,L,300.5,310.3,1683,31.5,8,0,0,0,0,0,0,9.800000000000011,53014.5,252.0,2482.4
6004,L53183,L,300.4,310.2,1529,36.2,10,0,0,0,0,0,0,9.800000000000011,55349.8,362.0,3102.0
6005,L53184,L,300.5,310.4,1761,26.5,12,0,0,0,0,0,0,9.899999999999977,46666.5,318.0,3724.7999999999997
6006,L53185,L,300.6,310.5,1570,38.3,14,0,0,0,0,0,0,9.899999999999977,60130.99999999999,536.1999999999999,4347.0
6007,M20866,M,300.6,310.5,2156,18.0,16,0,0,0,0,0,0,9.899999999999977,38808.0,288.0,4968.0
6008,M20867,M,300.7,310.6,1349,54.5,19,0,0,0,0,0,0,9.900000000000034,73520.5,1035.5,5901.400000000001
6009,L53188,L,300.7,310.7,1431,39.3,22,0,0,0,0,0,0,10.0,56238.299999999996,864.5999999999999,6835.4
6010,L53189,L,300.6,310.6,1931,22.0,24,0,0,0,0,0,0,10.0,42482.0,528.0,7454.400000000001
6011,H35424,H,300.7,310.7,1428,43.4,26,0,0,0,0,0,0,10.0,61975.2,1128.3999999999999,8078.2
6012,L53191,L,300.8,310.8,1564,36.2,31,0,0,0,0,0,0,10.0,56616.8,1122.2,9634.800000000001
6013,H35426,H,300.8,310.9,1425,44.0,33,0,0,0,0,0,0,10.099999999999966,62700.0,1452.0,10259.699999999999
6014,L53193,L,300.7,310.8,1597,30.5,38,0,0,0,0,0,0,10.100000000000023,48708.5,1159.0,11810.4
6015,H35428,H,300.8,310.8,1618,32.8,40,0,0,0,0,0,0,10.0,53070.399999999994,1312.0,12432.0
6016,M20875,M,300.8,310.8,1520,38.0,45,0,0,0,0,0,0,10.0,57760.0,1710.0,13986.0
6017,L53196,L,300.7,310.7,1425,45.3,48,0,0,0,0,0,0,10.0,64552.49999999999,2174.3999999999996,14913.599999999999
6018,L53197,L,300.8,310.9,1398,38.2,50,0,0,0,0,0,0,10.099999999999966,53403.600000000006,1910.0000000000002,15544.999999999998
6019,M20878,M,300.8,310.9,1557,31.6,52,0,0,0,0,0,0,10.099999999999966,49201.200000000004,1643.2,16166.8
6020,L53199,L,300.7,310.8,1519,43.9,55,0,0,0,0,0,0,10.100000000000023,66684.09999999999,2414.5,17094.0
6021,L53200,L,300.7,310.8,1619,34.9,57,0,0,0,0,0,0,10.100000000000023,56503.1,1989.3,17715.600000000002
6022,L53201,L,300.7,310.8,1814,21.4,59,0,0,0,0,0,0,10.100000000000023,38819.6,1262.6,18337.2
6023,L53202,L,300.7,310.9,1521,39.4,61,0,0,0,0,0,0,10.199999999999989,59927.4,2403.4,18964.899999999998
6024,M20883,M,300.7,310.9,1369,51.2,63,0,0,0,0,0,0,10.199999999999989,70092.8,3225.6000000000004,19586.699999999997
6025,L53204,L,300.7,310.9,1356,65.3,66,1,0,0,1,0,0,10.199999999999989,88546.8,4309.8,20519.399999999998
6026,L53205,L,300.7,311.0,1336,53.3,68,0,0,0,0,0,0,10.300000000000011,71208.8,3624.3999999999996,21148.0
6027,L53206,L,300.7,311.0,1403,48.3,70,0,0,0,0,0,0,10.300000000000011,67764.9,3381.0,21770.0
6028,M20887,M,300.7,311.0,1413,44.3,72,0,0,0,0,0,0,10.300000000000011,62595.899999999994,3189.6,22392.0
6029,L53208,L,300.6,310.9,1472,47.6,75,0,0,0,0,0,0,10.299999999999955,70067.2,3570.0,23317.5
6030,M20889,M,300.7,310.8,1452,47.9,77,0,0,0,0,0,0,10.100000000000023,69550.8,3688.2999999999997,23931.600000000002
6031,L53210,L,300.6,310.7,1397,53.7,80,0,0,0,0,0,0,10.099999999999966,75018.90000000001,4296.0,24856.0
6032,L53211,L,300.6,310.7,1455,40.6,82,0,0,0,0,0,0,10.099999999999966,59073.0,3329.2000000000003,25477.399999999998
6033,L53212,L,300.7,310.8,1754,27.7,84,0,0,0,0,0,0,10.100000000000023,48585.799999999996,2326.7999999999997,26107.2
6034,L53213,L,300.6,310.9,1471,37.9,86,0,0,0,0,0,0,10.299999999999955,55750.9,3259.4,26737.399999999998
6035,M20894,M,300.6,310.8,1389,48.1,88,0,0,0,0,0,0,10.199999999999989,66810.90000000001,4232.8,27350.4
6036,M20895,M,300.6,310.9,1702,30.3,91,0,0,0,0,0,0,10.299999999999955,51570.6,2757.3,28291.899999999998
6037,M20896,M,300.6,311.0,1401,54.6,94,0,0,0,0,0,0,10.399999999999977,76494.6,5132.400000000001,29234.0
6038,L53217,L,300.7,311.1,1426,46.2,97,0,0,0,0,0,0,10.400000000000034,65881.2,4481.400000000001,30176.7
6039,L53218,L,300.7,311.0,1496,38.3,99,0,0,0,0,0,0,10.300000000000011,57296.799999999996,3791.7,30789.0
6040,L53219,L,300.6,310.9,1433,42.6,101,0,0,0,0,0,0,10.299999999999955,61045.8,4302.6,31400.899999999998
6041,M20900,M,300.7,311.1,1438,46.6,103,0,0,0,0,0,0,10.400000000000034,67010.8,4799.8,32043.300000000003
6042,M20901,M,300.7,311.0,1418,49.3,106,0,0,0,0,0,0,10.300000000000011,69907.4,5225.799999999999,32966.0
6043,M20902,M,300.8,311.0,1580,36.6,109,0,0,0,0,0,0,10.199999999999989,57828.0,3989.4,33899.0
6044,M20903,M,300.7,310.9,1468,41.8,112,0,0,0,0,0,0,10.199999999999989,61362.399999999994,4681.599999999999,34820.799999999996
6045,M20904,M,300.8,310.9,1522,41.7,115,0,0,0,0,0,0,10.099999999999966,63467.4,4795.5,35753.5
6046,L53225,L,300.8,310.9,1311,55.8,118,0,0,0,0,0,0,10.099999999999966,73153.8,6584.4,36686.2
6047,L53226,L,300.9,311.0,1316,56.5,120,0,0,0,0,0,0,10.100000000000023,74354.0,6780.0,37320.0
6048,H35461,H,300.9,311.0,1853,23.6,122,0,0,0,0,0,0,10.100000000000023,43730.8,2879.2000000000003,37942.0
6049,M20908,M,300.9,311.0,1556,38.8,127,0,0,0,0,0,0,10.100000000000023,60372.799999999996,4927.599999999999,39497.0
6050,M20909,M,300.9,311.0,1567,34.3,130,0,0,0,0,0,0,10.100000000000023,53748.1,4459.0,40430.0
6051,M20910,M,300.9,311.1,1546,37.7,133,0,0,0,0,0,0,10.200000000000045,58284.200000000004,5014.1,41376.3
6052,L53231,L,300.9,311.0,1382,51.2,136,0,0,0,0,0,0,10.100000000000023,70758.40000000001,6963.200000000001,42296.0
6053,L53232,L,300.9,311.0,2003,20.2,138,0,0,0,0,0,0,10.100000000000023,40460.6,2787.6,42918.0
6054,L53233,L,300.8,310.9,1748,29.9,140,0,0,0,0,0,0,10.099999999999966,52265.2,4186.0,43526.0
6055,H35468,H,300.7,310.8,1518,40.1,142,0,0,0,0,0,0,10.100000000000023,60871.8,5694.2,44133.6
6056,L53235,L,300.7,310.8,1475,42.0,147,0,0,0,0,0,0,10.100000000000023,61950.0,6174.0,45687.6
6057,L53236,L,300.8,310.8,1634,29.2,149,0,0,0,0,0,0,10.0,47712.799999999996,4350.8,46309.200000000004
6058,L53237,L,300.8,310.8,1689,32.9,151,0,0,0,0,0,0,10.0,55568.1,4967.9,46930.8
6059,M20918,M,300.9,310.9,1636,35.3,153,0,0,0,0,0,0,10.0,57750.799999999996,5400.9,47567.7
6060,L53239,L,300.9,311.0,2235,15.8,156,0,0,0,0,0,0,10.100000000000023,35313.0,2464.8,48516.0
6061,L53240,L,301.0,311.1,1615,35.6,158,0,0,0,0,0,0,10.100000000000023,57494.0,5624.8,49153.8
6062,H35475,H,301.1,311.1,1618,29.5,160,0,0,0,0,0,0,10.0,47731.0,4720.0,49776.0
6063,M20922,M,301.1,311.2,1407,53.0,165,0,0,0,0,0,0,10.099999999999966,74571.0,8745.0,51348.0
6064,L53243,L,301.1,311.1,1450,43.3,168,0,0,0,0,0,0,10.0,62784.99999999999,7274.4,52264.8
6065,L53244,L,301.1,311.1,1889,23.8,170,0,0,0,0,0,0,10.0,44958.200000000004,4046.0,52887.00000000001
6066,L53245,L,301.0,310.9,1568,38.2,172,0,0,0,0,0,0,9.899999999999977,59897.600000000006,6570.400000000001,53474.799999999996
6067,L53246,L,301.0,311.0,1804,25.8,174,0,0,0,0,0,0,10.0,46543.200000000004,4489.2,54114.0
6068,L53247,L,301.0,311.0,1582,37.5,176,0,0,0,0,0,0,10.0,59325.0,6600.0,54736.0
6069,M20928,M,301.0,310.9,2047,17.9,178,0,0,0,0,0,0,9.899999999999977,36641.299999999996,3186.2,55340.2
6070,L53249,L,300.9,310.9,1601,34.0,181,0,0,0,0,0,0,10.0,54434.0,6154.0,56272.899999999994
6071,L53250,L,300.9,310.9,1615,32.0,183,0,0,0,0,0,0,10.0,51680.0,5856.0,56894.7
6072,M20931,M,300.9,310.8,1452,43.6,185,0,0,0,0,0,0,9.900000000000034,63307.200000000004,8066.0,57498.0
6073,M20932,M,300.9,310.8,1695,30.2,188,0,0,0,0,0,0,9.900000000000034,51189.0,5677.599999999999,58430.4
6074,M20933,M,300.9,310.8,1790,26.2,191,0,0,0,0,0,0,9.900000000000034,46898.0,5004.2,59362.8
6075,M20934,M,301.0,310.8,1533,39.3,194,0,0,0,0,0,0,9.800000000000011,60246.899999999994,7624.2,60295.200000000004
6076,L53255,L,301.0,310.9,1813,28.5,197,0,0,0,0,0,0,9.899999999999977,51670.5,5614.5,61247.299999999996
6077,L53256,L,301.0,310.9,1492,36.7,199,0,0,0,0,0,0,9.899999999999977,54756.4,7303.3,61869.1
6078,L53257,L,300.9,310.7,1479,43.3,201,0,0,0,0,0,0,9.800000000000011,64040.7,8703.3,62450.7
6079,L53258,L,300.8,310.7,1339,59.1,203,1,0,0,0,1,0,9.899999999999977,79134.90000000001,11997.300000000001,63072.1
6080,M20939,M,300.8,310.7,1371,44.7,205,0,0,0,0,0,0,9.899999999999977,61283.700000000004,9163.5,63693.5
6081,L53260,L,300.9,310.7,1468,36.2,208,0,0,0,0,0,0,9.800000000000011,53141.600000000006,7529.6,64625.6
6082,L53261,L,300.9,310.7,1517,41.7,210,0,0,0,0,0,0,9.800000000000011,63258.9,8757.0,65247.0
6083,L53262,L,300.9,310.7,1352,46.4,212,0,0,0,0,0,0,9.800000000000011,62732.799999999996,9836.8,65868.4
6084,L53263,L,300.9,310.7,1389,50.0,214,0,0,0,0,0,0,9.800000000000011,69450.0,10700.0,66489.8
6085,M20944,M,300.8,310.6,1505,36.2,0,0,0,0,0,0,0,9.800000000000011,54481.00000000001,0.0,0.0
6086,L53265,L,300.9,310.6,1538,36.7,3,0,0,0,0,0,0,9.700000000000045,56444.600000000006,110.10000000000001,931.8000000000001
6087,L53266,L,300.9,310.8,1482,37.0,5,0,0,0,0,0,0,9.900000000000034,54834.0,185.0,1554.0
6088,M20947,M,300.9,310.8,1599,33.0,7,0,0,0,0,0,0,9.900000000000034,52767.0,231.0,2175.6
6089,L53268,L,300.9,310.8,1476,39.0,10,0,0,0,0,0,0,9.900000000000034,57564.0,390.0,3108.0
6090,L53269,L,300.9,310.7,1509,37.5,12,0,0,0,0,0,0,9.800000000000011,56587.5,450.0,3728.3999999999996
6091,L53270,L,300.9,310.8,1708,29.1,14,0,0,0,0,0,0,9.900000000000034,49702.8,407.40000000000003,4351.2
6092,L53271,L,300.9,310.7,1412,57.5,16,0,0,0,0,0,1,9.800000000000011,81190.0,920.0,4971.2
6093,L53272,L,300.9,310.7,1658,28.5,18,0,0,0,0,0,0,9.800000000000011,47253.0,513.0,5592.599999999999
6094,L53273,L,301.0,310.8,1375,57.2,20,0,0,0,0,0,0,9.800000000000011,78650.0,1144.0,6216.0
6095,M20954,M,300.9,310.8,1402,48.1,22,0,0,0,0,0,0,9.900000000000034,67436.2,1058.2,6837.6
6096,M20955,M,300.9,310.7,1452,47.3,25,0,0,0,0,0,0,9.800000000000011,68679.59999999999,1182.5,7767.5
6097,M20956,M,300.8,310.7,1483,40.8,28,0,0,0,0,0,0,9.899999999999977,60506.399999999994,1142.3999999999999,8699.6
6098,H35511,H,300.9,310.8,1477,38.4,31,0,0,0,0,0,0,9.900000000000034,56716.799999999996,1190.3999999999999,9634.800000000001
6099,M20958,M,300.8,310.7,1924,22.4,36,0,0,0,0,0,0,9.899999999999977,43097.6,806.4,11185.199999999999
6100,H35513,H,300.9,310.7,1609,28.7,39,0,0,0,0,0,0,9.800000000000011,46178.299999999996,1119.3,12117.3
6101,M20960,M,300.8,310.7,1886,21.1,44,0,0,0,0,0,0,9.899999999999977,39794.600000000006,928.4000000000001,13670.8
6102,L53281,L,300.7,310.6,1616,29.6,47,0,0,0,0,0,0,9.900000000000034,47833.600000000006,1391.2,14598.2
6103,L53282,L,300.7,310.7,1442,43.2,49,0,0,0,0,0,0,10.0,62294.4,2116.8,15224.3
6104,L53283,L,300.8,310.8,1407,45.1,51,0,0,0,0,0,0,10.0,63455.700000000004,2300.1,15850.800000000001
6105,M20964,M,300.8,310.8,1461,41.3,53,0,0,0,0,0,0,10.0,60339.299999999996,2188.8999999999996,16472.4
6106,M20965,M,300.8,310.9,1522,46.2,56,0,0,0,0,0,0,10.099999999999966,70316.40000000001,2587.2000000000003,17410.399999999998
6107,L53286,L,300.9,311.0,1432,48.1,59,0,0,0,0,0,0,10.100000000000023,68879.2,2837.9,18349.0
6108,L53287,L,300.9,311.0,1438,49.0,61,0,0,0,0,0,0,10.100000000000023,70462.0,2989.0,18971.0
6109,M20968,M,300.8,310.9,1678,28.1,63,0,0,0,0,0,0,10.099999999999966,47151.8,1770.3000000000002,19586.699999999997
6110,M20969,M,300.8,310.9,1514,38.7,66,0,0,0,0,0,0,10.099999999999966,58591.8,2554.2000000000003,20519.399999999998
6111,L53290,L,300.7,310.8,1534,41.3,69,0,0,0,0,0,0,10.100000000000023,63354.2,2849.7,21445.2
6112,M20971,M,300.7,310.8,1486,41.2,71,0,0,0,0,0,0,10.100000000000023,61223.200000000004,2925.2000000000003,22066.8
6113,L53292,L,300.7,310.8,1925,22.0,74,0,0,0,0,0,0,10.100000000000023,42350.0,1628.0,22999.2
6114,M20973,M,300.7,310.8,1724,30.0,76,0,0,0,0,0,0,10.100000000000023,51720.0,2280.0,23620.8
6115,M20974,M,300.8,310.8,1549,35.5,79,0,0,0,0,0,0,10.0,54989.5,2804.5,24553.2
6116,L53295,L,300.8,310.9,1457,47.7,82,0,0,0,0,0,0,10.099999999999966,69498.90000000001,3911.4,25493.8
6117,L53296,L,300.8,310.9,1453,43.9,84,0,0,0,0,0,0,10.099999999999966,63786.7,3687.6,26115.6
6118,L53297,L,300.8,311.0,1578,44.4,86,0,0,0,0,0,0,10.199999999999989,70063.2,3818.4,26746.0
6119,M20978,M,300.9,311.1,1325,61.4,88,0,0,0,0,0,0,10.200000000000045,81355.0,5403.2,27376.800000000003
6120,L53299,L,300.9,311.1,1471,39.3,91,0,0,0,0,0,0,10.200000000000045,57810.299999999996,3576.2999999999997,28310.100000000002
6121,M20980,M,300.9,311.2,1472,40.0,93,0,0,0,0,0,0,10.300000000000011,58880.0,3720.0,28941.6
6122,L53301,L,300.9,311.1,1457,37.4,96,0,0,0,0,0,0,10.200000000000045,54491.799999999996,3590.3999999999996,29865.600000000002
6123,L53302,L,301.0,311.0,1402,55.3,98,0,0,0,0,0,0,10.0,77530.59999999999,5419.4,30478.0
6124,L53303,L,300.9,310.9,1477,41.5,100,0,0,0,0,0,0,10.0,61295.5,4150.0,31089.999999999996
6125,M20984,M,300.9,310.9,1727,30.1,102,0,0,0,0,0,0,10.0,51982.700000000004,3070.2000000000003,31711.8
6126,L53305,L,300.9,310.9,1995,20.2,105,0,0,0,0,0,0,10.0,40299.0,2121.0,32644.499999999996
6127,L53306,L,300.9,310.9,1370,52.5,107,0,0,0,0,0,0,10.0,71925.0,5617.5,33266.299999999996
6128,L53307,L,300.9,310.9,1228,66.4,109,0,0,0,0,0,0,10.0,81539.20000000001,7237.6,33888.1
6129,L53308,L,300.9,311.0,1499,38.0,111,0,0,0,0,0,0,10.100000000000023,56962.0,4218.0,34521.0
6130,M20989,M,301.0,311.0,1508,46.9,113,0,0,0,0,0,0,10.0,70725.2,5299.7,35143.0
6131,L53310,L,301.0,310.9,1473,44.2,116,0,0,0,0,0,0,9.899999999999977,65106.600000000006,5127.200000000001,36064.399999999994
6132,H35545,H,301.0,311.0,1640,37.6,118,0,0,0,0,0,0,10.0,61664.0,4436.8,36698.0
6133,L53312,L,301.1,311.1,1429,42.5,123,0,0,0,0,0,0,10.0,60732.5,5227.5,38265.3
6134,L53313,L,301.1,311.1,1470,40.9,125,0,0,0,0,0,0,10.0,60123.0,5112.5,38887.5
6135,L53314,L,301.0,311.0,1581,37.0,127,0,0,0,0,0,0,10.0,58497.0,4699.0,39497.0
6136,L53315,L,301.0,310.9,1740,28.9,129,0,0,0,0,0,0,9.899999999999977,50286.0,3728.1,40106.1
6137,H35550,H,300.9,310.8,1390,40.6,131,0,0,0,0,0,0,9.900000000000034,56434.0,5318.6,40714.8
6138,M20997,M,300.9,310.8,1988,19.7,136,0,0,0,0,0,0,9.900000000000034,39163.6,2679.2,42268.8
6139,M20998,M,300.8,310.7,1452,43.0,139,0,0,0,0,0,0,9.899999999999977,62436.0,5977.0,43187.299999999996
6140,L53319,L,300.8,310.7,1586,33.4,142,0,0,0,0,0,0,9.899999999999977,52972.399999999994,4742.8,44119.4
6141,L53320,L,300.8,310.7,1589,34.3,144,0,0,0,0,0,0,9.899999999999977,54502.7,4939.2,44740.799999999996
6142,L53321,L,300.8,310.8,1486,45.7,146,0,0,0,0,0,0,10.0,67910.2,6672.200000000001,45376.8
6143,L53322,L,300.9,310.9,1755,27.9,148,0,0,0,0,0,0,10.0,48964.5,4129.2,46013.2
6144,M21003,M,301.0,310.9,1575,34.6,150,0,0,0,0,0,0,9.899999999999977,54495.0,5190.0,46635.0
6145,M21004,M,301.1,311.1,1615,37.7,153,0,0,0,0,0,0,10.0,60885.50000000001,5768.1,47598.3
6146,M21005,M,301.1,311.1,1436,41.8,156,0,0,0,0,0,0,10.0,60024.799999999996,6520.799999999999,48531.600000000006
6147,M21006,M,301.1,311.1,1470,40.6,159,0,0,0,0,0,0,10.0,59682.0,6455.400000000001,49464.9
6148,M21007,M,301.1,311.1,2089,19.8,162,0,0,0,0,0,0,10.0,41362.200000000004,3207.6,50398.200000000004
6149,L53328,L,301.1,311.2,1564,37.0,165,0,0,0,0,0,0,10.099999999999966,57868.0,6105.0,51348.0
6150,M21009,M,301.0,311.1,1420,47.4,167,0,0,0,0,0,0,10.100000000000023,67308.0,7915.8,51953.700000000004
6151,L53330,L,301.1,311.1,1711,29.1,170,0,0,0,0,0,0,10.0,49790.100000000006,4947.0,52887.00000000001
6152,L53331,L,301.1,311.2,1555,35.3,172,0,0,0,0,0,0,10.099999999999966,54891.49999999999,6071.599999999999,53526.4
6153,M21012,M,301.1,311.1,1592,35.7,174,0,0,0,0,0,0,10.0,56834.4,6211.8,54131.4
6154,L53333,L,301.0,311.1,1236,64.4,177,1,0,0,0,1,0,10.100000000000023,79598.40000000001,11398.800000000001,55064.700000000004
6155,M21014,M,301.0,310.9,1765,24.2,179,0,0,0,0,0,0,9.899999999999977,42713.0,4331.8,55651.1
6156,L53335,L,301.0,311.0,1634,31.2,182,0,0,0,0,0,0,10.0,50980.799999999996,5678.4,56602.0
6157,L53336,L,301.1,311.1,1508,41.5,184,0,0,0,0,0,0,10.0,62582.0,7636.0,57242.4
6158,L53337,L,301.1,311.2,1774,29.6,186,0,0,0,0,0,0,10.099999999999966,52510.4,5505.6,57883.2
6159,L53338,L,301.1,311.0,1677,29.1,188,0,0,0,0,0,0,9.899999999999977,48800.700000000004,5470.8,58468.0
6160,L53339,L,301.0,311.0,1399,58.0,190,1,0,0,0,1,0,10.0,81142.0,11020.0,59090.0
6161,L53340,L,301.0,310.9,1570,34.0,192,0,0,0,0,0,0,9.899999999999977,53380.0,6528.0,59692.799999999996
6162,L53341,L,301.0,310.9,1479,44.3,194,0,0,0,0,0,0,9.899999999999977,65519.7,8594.199999999999,60314.6
6163,L53342,L,301.0,310.8,1558,34.9,196,0,0,0,0,0,0,9.800000000000011,54374.2,6840.4,60916.8
6164,L53343,L,300.8,310.7,1358,48.1,198,0,0,0,0,0,0,9.899999999999977,65319.8,9523.800000000001,61518.6
6165,H35578,H,300.9,310.7,1656,30.7,200,0,0,0,0,0,0,9.800000000000011,50839.2,6140.0,62140.0
6166,L53345,L,300.9,310.7,1523,35.8,205,0,0,0,0,0,0,9.800000000000011,54523.399999999994,7338.999999999999,63693.5
6167,H35580,H,300.9,310.7,1403,40.6,207,0,0,0,0,0,0,9.800000000000011,56961.8,8404.2,64314.899999999994
6168,M21027,M,300.9,310.7,1362,51.6,212,0,0,0,0,0,0,9.800000000000011,70279.2,10939.2,65868.4
6169,M21028,M,300.7,310.6,1778,27.1,215,0,0,0,0,0,0,9.900000000000034,48183.8,5826.5,66779.0
6170,L53349,L,300.7,310.5,1448,38.2,218,0,0,0,0,0,0,9.800000000000011,55313.600000000006,8327.6,67689.0
6171,H35584,H,300.8,310.5,1559,40.1,220,0,0,0,0,0,0,9.699999999999989,62515.9,8822.0,68310.0
6172,L53351,L,300.8,310.6,1416,42.2,225,0,0,0,0,0,0,9.800000000000011,59755.200000000004,9495.0,69885.0
6173,L53352,L,300.8,310.6,1577,37.9,227,1,1,0,0,0,0,9.800000000000011,59768.299999999996,8603.3,70506.20000000001
6174,L53353,L,300.8,310.7,1633,27.8,0,0,0,0,0,0,0,9.899999999999977,45397.4,0.0,0.0
6175,L53354,L,300.9,310.7,1573,31.2,2,0,0,0,0,0,0,9.800000000000011,49077.6,62.4,621.4
6176,L53355,L,300.9,310.8,1517,44.3,4,0,0,0,0,0,0,9.900000000000034,67203.09999999999,177.2,1243.2
6177,L53356,L,301.0,310.9,1515,37.3,6,0,0,0,0,0,0,9.899999999999977,56509.49999999999,223.79999999999998,1865.3999999999999
6178,L53357,L,301.0,310.8,1527,45.3,8,0,0,0,0,0,0,9.800000000000011,69173.09999999999,362.4,2486.4
6179,L53358,L,301.1,310.9,1282,67.9,10,1,0,0,1,0,0,9.799999999999955,87047.8,679.0,3109.0
6180,M21039,M,301.1,310.9,1396,45.1,12,0,0,0,0,0,0,9.799999999999955,62959.6,541.2,3730.7999999999997
6181,L53360,L,301.0,310.9,1492,44.6,15,0,0,0,0,0,0,9.899999999999977,66543.2,669.0,4663.5
6182,L53361,L,301.0,310.8,1975,19.7,17,0,0,0,0,0,0,9.800000000000011,38907.5,334.9,5283.6
6183,L53362,L,301.0,310.8,1475,35.3,19,0,0,0,0,0,0,9.800000000000011,52067.49999999999,670.6999999999999,5905.2
6184,H35597,H,301.0,310.9,1495,37.3,21,0,0,0,0,0,0,9.899999999999977,55763.49999999999,783.3,6528.9
6185,L53364,L,301.0,311.0,1553,35.8,26,0,0,0,0,0,0,10.0,55597.399999999994,930.8,8086.0
6186,L53365,L,301.1,311.0,1918,21.7,28,0,0,0,0,0,0,9.899999999999977,41620.6,607.6,8708.0
6187,M21046,M,301.1,311.0,1413,46.6,30,0,0,0,0,0,0,9.899999999999977,65845.8,1398.0,9330.0
6188,L53367,L,301.0,311.0,1437,56.0,33,0,0,0,0,0,0,10.0,80472.0,1848.0,10263.0
6189,L53368,L,301.0,310.9,1450,45.9,35,0,0,0,0,0,0,9.899999999999977,66555.0,1606.5,10881.5
6190,M21049,M,301.0,310.9,1910,21.9,37,0,0,0,0,0,0,9.899999999999977,41829.0,810.3,11503.3
6191,L53370,L,300.9,310.9,1749,26.4,40,0,0,0,0,0,0,10.0,46173.6,1056.0,12436.0
6192,H35605,H,301.0,310.9,1916,22.0,42,0,0,0,0,0,0,9.899999999999977,42152.0,924.0,13057.8
6193,L53372,L,301.0,310.9,1428,45.3,47,0,0,0,0,0,0,9.899999999999977,64688.399999999994,2129.1,14612.3
6194,L53373,L,301.0,310.9,1578,38.4,49,0,0,0,0,0,0,9.899999999999977,60595.2,1881.6,15234.099999999999
6195,L53374,L,300.9,310.8,1571,39.9,51,0,0,0,0,0,0,9.900000000000034,62682.899999999994,2034.8999999999999,15850.800000000001
6196,L53375,L,300.9,310.8,1729,30.2,53,0,0,0,0,0,0,9.900000000000034,52215.799999999996,1600.6,16472.4
6197,L53376,L,300.9,310.8,1701,30.4,55,0,0,0,0,0,0,9.900000000000034,51710.399999999994,1672.0,17094.0
6198,L53377,L,300.9,310.8,1493,45.8,57,0,0,0,0,0,0,9.900000000000034,68379.4,2610.6,17715.600000000002
6199,M21058,M,301.0,310.9,1554,32.7,59,0,0,0,0,0,0,9.899999999999977,50815.8,1929.3000000000002,18343.1
6200,L53379,L,300.9,310.9,1497,43.2,62,0,0,0,0,0,0,10.0,64670.4,2678.4,19275.8
6201,L53380,L,301.0,310.9,1679,29.8,64,0,0,0,0,0,0,9.899999999999977,50034.200000000004,1907.2,19897.6
6202,M21061,M,301.0,310.9,1510,44.5,66,0,0,0,0,0,0,9.899999999999977,67195.0,2937.0,20519.399999999998
6203,L53382,L,301.0,310.9,1296,54.9,69,0,0,0,0,0,0,9.899999999999977,71150.4,3788.1,21452.1
6204,L53383,L,301.0,310.9,1404,41.8,71,0,0,0,0,0,0,9.899999999999977,58687.2,2967.7999999999997,22073.899999999998
6205,M21064,M,300.9,310.8,1519,34.9,73,0,0,0,0,0,0,9.900000000000034,53013.1,2547.7,22688.4
6206,M21065,M,300.9,310.7,1696,27.3,76,0,0,0,0,0,0,9.800000000000011,46300.8,2074.8,23613.2
6207,M21066,M,300.8,310.6,1669,28.4,79,0,0,0,0,0,0,9.800000000000011,47399.6,2243.6,24537.4
6208,L53387,L,300.7,310.6,1447,40.7,82,0,0,0,0,0,0,9.900000000000034,58892.9,3337.4,25469.2
6209,M21068,M,300.7,310.6,1418,46.3,84,0,0,0,0,0,0,9.900000000000034,65653.4,3889.2,26090.4
6210,L53389,L,300.7,310.6,1407,40.5,87,0,0,0,0,0,0,9.900000000000034,56983.5,3523.5,27022.2
6211,L53390,L,300.8,310.5,1434,44.5,89,0,0,0,0,0,0,9.699999999999989,63813.0,3960.5,27634.5
6212,L53391,L,300.8,310.6,1360,48.8,91,0,0,0,0,0,0,9.800000000000011,66368.0,4440.8,28264.600000000002
6213,L53392,L,300.8,310.6,1402,53.7,93,0,0,0,0,0,0,9.800000000000011,75287.40000000001,4994.1,28885.800000000003
6214,L53393,L,300.9,310.6,1552,34.9,95,0,0,0,0,0,0,9.700000000000045,54164.799999999996,3315.5,29507.000000000004
6215,L53394,L,300.9,310.7,1392,44.2,97,0,0,0,0,0,0,9.800000000000011,61526.4,4287.400000000001,30137.899999999998
6216,L53395,L,301.1,310.8,1521,41.0,99,0,0,0,0,0,0,9.699999999999989,62361.0,4059.0,30769.2
6217,L53396,L,301.1,310.8,1724,27.5,101,0,0,0,0,0,0,9.699999999999989,47410.0,2777.5,31390.800000000003
6218,M21077,M,301.0,310.7,1455,46.1,103,0,0,0,0,0,0,9.699999999999989,67075.5,4748.3,32002.1
6219,H35632,H,301.0,310.6,1366,50.6,106,0,0,0,0,0,0,9.600000000000023,69119.6,5363.6,32923.600000000006
6220,H35633,H,301.1,310.6,1407,43.9,111,0,0,0,0,0,0,9.5,61767.299999999996,4872.9,34476.600000000006
6221,L53400,L,301.1,310.8,1470,49.3,116,0,0,0,0,0,0,9.699999999999989,72471.0,5718.799999999999,36052.8
6222,M21081,M,301.2,310.9,1359,50.8,118,0,0,0,0,0,0,9.699999999999989,69037.2,5994.4,36686.2
6223,H35636,H,301.1,310.8,1792,25.8,121,0,0,0,0,0,0,9.699999999999989,46233.6,3121.8,37606.8
6224,M21083,M,301.1,310.9,1552,37.9,126,0,0,0,0,0,0,9.799999999999955,58820.799999999996,4775.4,39173.399999999994
6225,L53404,L,301.2,311.0,1612,32.9,129,0,0,0,0,0,0,9.800000000000011,53034.799999999996,4244.099999999999,40119.0
6226,M21085,M,301.2,311.0,1424,41.4,131,0,0,0,0,0,0,9.800000000000011,58953.6,5423.4,40741.0
6227,H35640,H,301.3,311.0,1341,59.3,134,0,0,0,0,0,0,9.699999999999989,79521.3,7946.2,41674.0
6228,L53407,L,301.2,310.8,1479,38.2,139,0,0,0,0,0,0,9.600000000000023,56497.8,5309.8,43201.200000000004
6229,L53408,L,301.2,310.9,1413,50.1,141,0,0,0,0,0,0,9.699999999999989,70791.3,7064.1,43836.899999999994
6230,L53409,L,301.3,310.9,2165,17.4,143,0,0,0,0,0,0,9.599999999999966,37671.0,2488.2,44458.7
6231,M21090,M,301.3,311.0,1641,33.0,145,0,0,0,0,0,0,9.699999999999989,54153.0,4785.0,45095.0
6232,M21091,M,301.3,311.0,1495,40.8,148,0,0,0,0,0,0,9.699999999999989,60995.99999999999,6038.4,46028.0
6233,L53412,L,301.3,311.0,1576,30.4,151,0,0,0,0,0,0,9.699999999999989,47910.399999999994,4590.4,46961.0
6234,L53413,L,301.2,310.9,1467,37.1,153,0,0,0,0,0,0,9.699999999999989,54425.700000000004,5676.3,47567.7
6235,L53414,L,301.2,310.8,1479,41.2,155,0,0,0,0,0,0,9.600000000000023,60934.8,6386.0,48174.0
6236,L53415,L,301.3,310.9,1596,33.9,157,0,0,0,0,0,0,9.599999999999966,54104.399999999994,5322.3,48811.299999999996
6237,M21096,M,301.3,310.9,1512,36.9,159,0,0,0,0,0,0,9.599999999999966,55792.799999999996,5867.099999999999,49433.1
6238,L53417,L,301.4,310.9,1414,38.8,162,0,0,0,0,0,0,9.5,54863.2,6285.599999999999,50365.799999999996
6239,L53418,L,301.3,310.8,1390,57.4,164,0,0,0,0,0,0,9.5,79786.0,9413.6,50971.200000000004
6240,L53419,L,301.2,310.7,1644,31.6,166,0,0,0,0,0,0,9.5,51950.4,5245.6,51576.2
6241,M21100,M,301.2,310.7,1394,42.8,168,0,0,0,0,0,0,9.5,59663.2,7190.4,52197.6
6242,L53421,L,301.1,310.5,1324,52.4,171,0,0,0,0,0,0,9.399999999999977,69377.59999999999,8960.4,53095.5
6243,L53422,L,301.0,310.4,1476,43.6,173,0,0,0,0,0,0,9.399999999999977,64353.6,7542.8,53699.2
6244,L53423,L,301.0,310.4,2204,16.6,175,0,0,0,0,0,0,9.399999999999977,36586.4,2905.0000000000005,54319.99999999999
6245,M21104,M,301.0,310.4,1665,30.9,177,0,0,0,0,0,0,9.399999999999977,51448.5,5469.3,54940.799999999996
6246,L53425,L,300.9,310.4,1445,41.7,180,0,0,0,0,0,0,9.5,60256.50000000001,7506.000000000001,55871.99999999999
6247,H35660,H,300.8,310.3,1457,46.8,182,0,0,0,0,0,0,9.5,68187.59999999999,8517.6,56474.6
6248,L53427,L,300.8,310.2,1492,46.3,187,0,0,0,0,0,0,9.399999999999977,69079.59999999999,8658.1,58007.4
6249,L53428,L,300.8,310.1,1405,61.2,189,1,0,0,1,1,0,9.300000000000011,85986.0,11566.800000000001,58608.9
6250,L53429,L,300.7,310.1,1542,35.5,191,0,0,0,0,0,0,9.400000000000034,54741.0,6780.5,59229.100000000006
6251,L53430,L,300.8,310.2,1520,37.7,193,0,0,0,0,0,0,9.399999999999977,57304.00000000001,7276.1,59868.6
6252,M21111,M,300.8,310.2,1598,36.5,195,0,0,0,0,0,0,9.399999999999977,58327.0,7117.5,60489.0
6253,L53432,L,300.8,310.3,1538,36.1,198,0,0,0,0,0,0,9.5,55521.8,7147.8,61439.4
6254,L53433,L,300.9,310.4,1615,30.9,200,0,0,0,0,0,0,9.5,49903.5,6180.0,62079.99999999999
6255,L53434,L,301.0,310.5,1408,47.0,202,0,0,0,0,0,0,9.5,66176.0,9494.0,62721.0
6256,L53435,L,301.0,310.5,1379,57.3,204,1,0,0,0,1,0,9.5,79016.7,11689.199999999999,63342.0
6257,L53436,L,301.0,310.6,1493,37.8,206,1,1,0,0,0,0,9.600000000000023,56435.399999999994,7786.799999999999,63983.600000000006
6258,L53437,L,301.1,310.7,1376,49.1,0,0,0,0,0,0,0,9.599999999999966,67561.6,0.0,0.0
6259,M21118,M,301.1,310.7,1583,40.7,2,0,0,0,0,0,0,9.599999999999966,64428.100000000006,81.4,621.4
6260,M21119,M,301.2,310.8,1396,47.4,5,0,0,0,0,0,0,9.600000000000023,66170.4,237.0,1554.0
6261,L53440,L,301.1,310.7,1436,45.3,8,0,0,0,0,0,0,9.599999999999966,65050.799999999996,362.4,2485.6
6262,L53441,L,301.1,310.6,1417,47.6,10,0,0,0,0,0,0,9.5,67449.2,476.0,3106.0
6263,L53442,L,301.0,310.6,1641,33.4,12,0,0,0,0,0,0,9.600000000000023,54809.399999999994,400.79999999999995,3727.2000000000003
6264,M21123,M,301.0,310.6,1698,27.3,14,0,0,0,0,0,0,9.600000000000023,46355.4,382.2,4348.400000000001
6265,L53444,L,300.9,310.4,1541,39.1,17,0,0,0,0,0,0,9.5,60253.100000000006,664.7,5276.799999999999
6266,L53445,L,300.8,310.3,1383,46.6,19,0,0,0,0,0,0,9.5,64447.8,885.4,5895.7
6267,L53446,L,300.8,310.4,1368,46.8,21,0,0,0,0,0,0,9.599999999999966,64022.399999999994,982.8,6518.4
6268,L53447,L,300.8,310.4,1570,35.2,23,0,0,0,0,0,0,9.599999999999966,55264.00000000001,809.6,7139.2
6269,L53448,L,300.9,310.5,1616,33.5,25,0,0,0,0,0,0,9.600000000000023,54136.0,837.5,7762.5
6270,M21129,M,300.9,310.5,1444,43.2,27,0,0,0,0,0,0,9.600000000000023,62380.8,1166.4,8383.5
6271,L53450,L,300.9,310.4,2021,18.8,30,0,0,0,0,0,0,9.5,37994.8,564.0,9312.0
6272,M21131,M,300.9,310.5,1702,29.3,32,0,0,0,0,0,0,9.600000000000023,49868.6,937.6,9936.0
6273,M21132,M,301.1,310.6,1429,52.7,35,0,0,0,0,0,0,9.5,75308.3,1844.5,10871.0
6274,L53453,L,301.2,310.8,1711,28.9,38,0,0,0,0,0,0,9.600000000000023,49447.899999999994,1098.2,11810.4
6275,M21134,M,301.2,310.7,1543,32.9,40,0,0,0,0,0,0,9.5,50764.7,1316.0,12428.0
6276,L53455,L,301.3,310.8,1628,32.2,43,0,0,0,0,0,0,9.5,52421.600000000006,1384.6000000000001,13364.4
6277,L53456,L,301.2,310.8,1233,64.6,45,0,0,0,0,0,0,9.600000000000023,79651.79999999999,2906.9999999999995,13986.0
6278,L53457,L,301.2,310.8,1461,40.6,47,0,0,0,0,0,0,9.600000000000023,59316.6,1908.2,14607.6
6279,L53458,L,301.2,310.7,1568,38.3,49,0,0,0,0,0,0,9.5,60054.399999999994,1876.6999999999998,15224.3
6280,L53459,L,301.3,310.8,1432,54.4,51,0,0,0,0,0,0,9.5,77900.8,2774.4,15850.800000000001
6281,M21140,M,301.2,310.7,1527,41.1,53,0,0,0,0,0,0,9.5,62759.700000000004,2178.3,16467.1
6282,M21141,M,301.3,310.8,1455,41.2,56,0,0,0,0,0,0,9.5,59946.00000000001,2307.2000000000003,17404.8
6283,M21142,M,301.3,310.8,1418,45.4,59,0,0,0,0,0,0,9.5,64377.2,2678.6,18337.2
6284,L53463,L,301.3,310.8,1719,29.5,62,0,0,0,0,0,0,9.5,50710.5,1829.0,19269.600000000002
6285,M21144,M,301.2,310.8,1734,31.3,64,0,0,0,0,0,0,9.600000000000023,54274.200000000004,2003.2,19891.2
6286,M21145,M,301.2,310.7,1426,46.1,67,0,0,0,0,0,0,9.5,65738.6,3088.7000000000003,20816.899999999998
6287,L53466,L,301.1,310.6,1611,35.2,70,0,0,0,0,0,0,9.5,56707.200000000004,2464.0,21742.0
6288,M21147,M,301.1,310.6,1479,41.1,72,0,0,0,0,0,0,9.5,60786.9,2959.2000000000003,22363.2
6289,L53468,L,301.0,310.5,1317,50.9,75,0,0,0,0,0,0,9.5,67035.3,3817.5,23287.5
6290,L53469,L,301.0,310.5,1248,61.4,77,0,0,0,0,0,0,9.5,76627.2,4727.8,23908.5
6291,L53470,L,301.0,310.5,1932,21.7,79,0,0,0,0,0,0,9.5,41924.4,1714.3,24529.5
6292,M21151,M,301.1,310.5,1547,35.8,81,0,0,0,0,0,0,9.399999999999977,55382.6,2899.7999999999997,25150.5
6293,L53472,L,301.0,310.4,1614,31.6,84,0,0,0,0,0,0,9.399999999999977,51002.4,2654.4,26073.6
6294,H35707,H,301.0,310.4,1512,44.9,86,0,0,0,0,0,0,9.399999999999977,67888.8,3861.4,26694.399999999998
6295,L53474,L,301.1,310.5,1529,38.7,91,0,0,0,0,0,0,9.399999999999977,59172.3,3521.7000000000003,28255.5
6296,H35709,H,301.1,310.6,1782,24.9,93,0,0,0,0,0,0,9.5,44371.799999999996,2315.7,28885.800000000003
6297,L53476,L,301.0,310.5,1429,39.4,98,0,0,0,0,0,0,9.5,56302.6,3861.2,30429.0
6298,M21157,M,301.1,310.5,1309,60.7,100,0,0,0,0,0,0,9.399999999999977,79456.3,6070.0,31050.0
6299,L53478,L,301.1,310.5,1428,44.1,103,0,0,0,0,0,0,9.399999999999977,62974.8,4542.3,31981.5
6300,L53479,L,301.2,310.6,1385,49.2,105,0,0,0,0,0,0,9.400000000000034,68142.0,5166.0,32613.000000000004
6301,L53480,L,301.2,310.7,1517,39.4,107,0,0,0,0,0,0,9.5,59769.799999999996,4215.8,33244.9
6302,M21161,M,301.2,310.6,1576,39.6,109,0,0,0,0,0,0,9.400000000000034,62409.600000000006,4316.400000000001,33855.4
6303,L53482,L,301.2,310.6,1437,51.2,112,0,0,0,0,0,0,9.400000000000034,73574.40000000001,5734.400000000001,34787.200000000004
6304,H35717,H,301.2,310.6,1457,50.5,114,0,0,0,0,0,0,9.400000000000034,73578.5,5757.0,35408.4
6305,L53484,L,301.1,310.5,1532,37.5,119,0,0,0,0,0,0,9.399999999999977,57450.0,4462.5,36949.5
6306,M21165,M,301.1,310.5,1603,32.6,121,0,0,0,0,0,0,9.399999999999977,52257.8,3944.6000000000004,37570.5
6307,L53486,L,301.0,310.4,1563,34.4,124,0,0,0,0,0,0,9.399999999999977,53767.2,4265.599999999999,38489.6
6308,L53487,L,301.0,310.3,1617,34.5,126,0,0,0,0,0,0,9.300000000000011,55786.5,4347.0,39097.8
6309,M21168,M,300.8,310.1,1686,26.9,128,0,0,0,0,0,0,9.300000000000011,45353.399999999994,3443.2,39692.8
6310,L53489,L,300.9,310.2,1382,50.4,131,0,0,0,0,0,0,9.300000000000011,69652.8,6602.4,40636.2
6311,L53490,L,300.9,310.1,2090,17.8,133,0,0,0,0,0,0,9.200000000000045,37202.0,2367.4,41243.3
6312,L53491,L,300.9,310.3,1446,44.5,135,0,0,0,0,0,0,9.400000000000034,64347.0,6007.5,41890.5
6313,M21172,M,300.9,310.2,1533,38.1,137,0,0,0,0,0,0,9.300000000000011,58407.3,5219.7,42497.4
6314,L53493,L,300.9,310.3,1440,47.6,140,0,0,0,0,0,0,9.400000000000034,68544.0,6664.0,43442.0
6315,M21174,M,301.0,310.4,1793,25.0,142,0,0,0,0,0,0,9.399999999999977,44825.0,3550.0,44076.799999999996
6316,M21175,M,301.0,310.4,1517,46.1,145,0,0,0,0,0,0,9.399999999999977,69933.7,6684.5,45008.0
6317,L53496,L,300.9,310.4,1544,36.0,148,0,0,0,0,0,0,9.5,55584.0,5328.0,45939.2
6318,L53497,L,300.9,310.3,1321,48.8,150,0,0,0,0,0,0,9.400000000000034,64464.799999999996,7320.0,46545.0
6319,M21178,M,300.9,310.3,1416,50.9,152,0,0,0,0,0,0,9.400000000000034,72074.4,7736.8,47165.6
6320,L53499,L,300.8,310.2,1514,40.0,155,0,0,0,0,0,0,9.399999999999977,60560.0,6200.0,48081.0
6321,M21180,M,300.8,310.2,1304,52.5,157,0,0,0,0,0,0,9.399999999999977,68460.0,8242.5,48701.4
6322,L53501,L,300.7,310.2,1286,64.9,160,0,0,0,0,0,0,9.5,83461.40000000001,10384.0,49632.0
6323,M21182,M,300.7,310.1,1483,40.2,162,0,0,0,0,0,0,9.400000000000034,59616.600000000006,6512.400000000001,50236.200000000004
6324,L53503,L,300.7,310.1,1351,46.9,165,0,0,0,0,0,0,9.400000000000034,63361.9,7738.5,51166.50000000001
6325,M21184,M,300.7,310.1,1367,52.6,167,0,0,0,0,0,0,9.400000000000034,71904.2,8784.2,51786.700000000004
6326,L53505,L,300.7,310.1,1721,32.3,170,0,0,0,0,0,0,9.400000000000034,55588.299999999996,5490.999999999999,52717.00000000001
6327,L53506,L,300.6,310.0,1455,40.4,172,0,0,0,0,0,0,9.399999999999977,58782.0,6948.8,53320.0
6328,L53507,L,300.6,310.0,1425,49.5,174,0,0,0,0,0,0,9.399999999999977,70537.5,8613.0,53940.0
6329,L53508,L,300.7,310.0,1672,29.7,176,0,0,0,0,0,0,9.300000000000011,49658.4,5227.2,54560.0
6330,M21189,M,300.7,310.0,1641,34.6,178,0,0,0,0,0,0,9.300000000000011,56778.600000000006,6158.8,55180.0
6331,M21190,M,300.5,310.0,1580,37.0,181,0,0,0,0,0,0,9.5,58460.0,6697.0,56110.0
6332,H35745,H,300.5,310.0,1495,47.4,184,0,0,0,0,0,0,9.5,70863.0,8721.6,57040.0
6333,M21192,M,300.5,309.9,1994,19.8,189,0,0,0,0,0,0,9.399999999999977,39481.200000000004,3742.2000000000003,58571.1
6334,M21193,M,300.4,309.9,1415,31.8,192,0,0,0,0,0,0,9.5,44997.0,6105.6,59500.799999999996
6335,M21194,M,300.4,309.8,1725,30.4,195,0,0,0,0,0,0,9.400000000000034,52440.0,5928.0,60411.0
6336,M21195,M,300.4,309.8,1430,43.4,198,0,0,0,0,0,0,9.400000000000034,62062.0,8593.199999999999,61340.4
6337,L53516,L,300.4,309.8,1395,48.1,201,0,0,0,0,0,0,9.400000000000034,67099.5,9668.1,62269.8
6338,M21197,M,300.4,309.8,1435,43.6,203,0,0,0,0,0,0,9.400000000000034,62566.0,8850.800000000001,62889.4
6339,L53518,L,300.4,309.9,1681,28.6,206,0,0,0,0,0,0,9.5,48076.600000000006,5891.6,63839.399999999994
6340,L53519,L,300.5,310.0,1451,48.6,208,0,0,0,0,0,0,9.5,70518.6,10108.800000000001,64480.0
6341,H35754,H,300.5,309.9,1397,45.9,210,1,1,0,0,0,0,9.399999999999977,64122.299999999996,9639.0,65078.99999999999
6342,M21201,M,300.4,309.8,1421,47.2,0,0,0,0,0,0,0,9.400000000000034,67071.2,0.0,0.0
6343,M21202,M,300.3,309.8,1444,42.0,3,0,0,0,0,0,0,9.5,60648.0,126.0,929.4000000000001
6344,L53523,L,300.2,309.8,1827,23.0,6,0,0,0,0,0,0,9.600000000000023,42021.0,138.0,1858.8000000000002
6345,H35758,H,300.2,309.8,1374,47.7,8,0,0,0,0,0,0,9.600000000000023,65539.8,381.6,2478.4
6346,L53525,L,300.2,309.8,1650,29.6,13,0,0,0,0,0,0,9.600000000000023,48840.0,384.8,4027.4
6347,L53526,L,300.2,309.7,1275,60.7,15,0,0,0,0,0,0,9.5,77392.5,910.5,4645.5
6348,L53527,L,300.2,309.7,1421,44.6,17,0,0,0,0,0,0,9.5,63376.6,758.2,5264.9
6349,L53528,L,300.2,309.8,1557,33.8,19,0,0,0,0,0,0,9.600000000000023,52626.6,642.1999999999999,5886.2
6350,L53529,L,300.1,309.8,1506,35.2,21,0,0,0,0,0,0,9.699999999999989,53011.200000000004,739.2,6505.8
6351,L53530,L,300.1,309.7,1362,49.1,23,0,0,0,0,0,0,9.599999999999966,66874.2,1129.3,7123.099999999999
6352,L53531,L,300.0,309.7,1542,47.1,25,0,0,0,0,0,0,9.699999999999989,72628.2,1177.5,7742.5
6353,L53532,L,300.0,309.6,1496,38.8,27,0,0,0,0,0,0,9.600000000000023,58044.799999999996,1047.6,8359.2
6354,M21213,M,300.0,309.6,1491,42.0,29,0,0,0,0,0,0,9.600000000000023,62622.0,1218.0,8978.400000000001
6355,L53534,L,300.1,309.6,1565,34.8,32,0,0,0,0,0,0,9.5,54461.99999999999,1113.6,9907.2
6356,L53535,L,300.1,309.7,1481,37.9,34,0,0,0,0,0,0,9.599999999999966,56129.9,1288.6,10529.8
6357,M21216,M,300.1,309.7,1420,48.4,36,0,0,0,0,0,0,9.599999999999966,68728.0,1742.3999999999999,11149.199999999999
6358,L53537,L,300.2,309.8,1398,54.8,39,0,0,0,0,0,0,9.600000000000023,76610.4,2137.2,12082.2
6359,M21218,M,300.2,309.8,1466,45.7,41,0,0,0,0,0,0,9.600000000000023,66996.2,1873.7,12701.800000000001
6360,L53539,L,300.1,309.8,1430,56.7,44,0,0,0,0,0,0,9.699999999999989,81081.0,2494.8,13631.2
6361,L53540,L,300.1,309.7,1441,40.1,46,0,0,0,0,0,0,9.599999999999966,57784.1,1844.6000000000001,14246.199999999999
6362,M21221,M,300.1,309.7,1348,57.3,48,0,0,0,0,0,0,9.599999999999966,77240.4,2750.3999999999996,14865.599999999999
6363,L53542,L,300.0,309.6,1738,28.7,51,0,0,0,0,0,0,9.600000000000023,49880.6,1463.7,15789.6
6364,M21223,M,300.0,309.6,1618,36.2,53,0,0,0,0,0,0,9.600000000000023,58571.600000000006,1918.6000000000001,16408.800000000003
6365,M21224,M,299.9,309.6,1489,41.7,56,0,0,0,0,0,0,9.700000000000045,62091.3,2335.2000000000003,17337.600000000002
6366,M21225,M,299.9,309.5,1412,57.9,59,0,0,0,0,0,0,9.600000000000023,81754.8,3416.1,18260.5
6367,M21226,M,299.9,309.5,2065,18.1,62,0,0,0,0,0,0,9.600000000000023,37376.5,1122.2,19189.0
6368,L53547,L,300.0,309.6,1571,33.1,65,0,0,0,0,0,0,9.600000000000023,52000.100000000006,2151.5,20124.0
6369,M21228,M,300.0,309.6,1423,48.7,67,0,0,0,0,0,0,9.600000000000023,69300.1,3262.9,20743.2
6370,H35783,H,300.0,309.5,1781,24.9,70,0,0,0,0,0,0,9.5,44346.899999999994,1743.0,21665.0
6371,L53550,L,300.1,309.6,1321,46.9,75,0,0,0,0,0,0,9.5,61954.9,3517.5,23220.0
6372,L53551,L,300.1,309.6,1546,36.7,77,0,0,0,0,0,0,9.5,56738.200000000004,2825.9,23839.2
6373,M21232,M,300.0,309.5,1879,22.4,79,0,0,0,0,0,0,9.5,42089.6,1769.6,24450.5
6374,H35787,H,300.0,309.5,1735,28.9,82,0,0,0,0,0,0,9.5,50141.5,2369.7999999999997,25379.0
6375,L53554,L,300.0,309.5,1506,38.8,87,0,0,0,0,0,0,9.5,58432.799999999996,3375.6,26926.5
6376,H35789,H,300.0,309.6,1629,32.3,89,0,0,0,0,0,0,9.600000000000023,52616.7,2874.7,27554.4
6377,L53556,L,300.0,309.6,1694,28.7,94,0,0,0,0,0,0,9.600000000000023,48617.799999999996,2697.7999999999997,29102.4
6378,L53557,L,300.1,309.6,1541,37.0,96,0,0,0,0,0,0,9.5,57017.0,3552.0,29721.600000000002
6379,L53558,L,300.0,309.6,1514,44.6,98,0,0,0,0,0,0,9.600000000000023,67524.40000000001,4370.8,30340.800000000003
6380,L53559,L,300.1,309.7,1485,45.9,100,0,0,0,0,0,0,9.599999999999966,68161.5,4590.0,30970.0
6381,L53560,L,300.2,309.8,1430,55.0,102,0,0,0,0,0,0,9.600000000000023,78650.0,5610.0,31599.600000000002
6382,L53561,L,300.2,309.7,1771,27.1,104,0,0,0,0,0,0,9.5,47994.100000000006,2818.4,32208.8
6383,L53562,L,300.2,309.8,1481,41.9,106,0,0,0,0,0,0,9.600000000000023,62053.9,4441.4,32838.8
6384,H35797,H,300.2,309.7,1483,43.8,108,0,0,0,0,0,0,9.5,64955.399999999994,4730.4,33447.6
6385,H35798,H,300.1,309.6,1463,45.1,113,0,0,0,0,0,0,9.5,65981.3,5096.3,34984.8
6386,L53565,L,300.1,309.7,1410,48.3,118,0,0,0,0,0,0,9.599999999999966,68103.0,5699.4,36544.6
6387,L53566,L,300.2,309.7,1656,34.3,120,0,0,0,0,0,0,9.5,56800.799999999996,4116.0,37164.0
6388,M21247,M,300.2,309.8,1487,39.2,122,0,0,0,0,0,0,9.600000000000023,58290.4,4782.400000000001,37795.6
6389,H35802,H,300.3,309.9,1509,46.6,125,0,0,0,0,0,0,9.599999999999966,70319.40000000001,5825.0,38737.5
6390,H35803,H,300.3,309.9,1677,30.1,130,0,0,0,0,0,0,9.599999999999966,50477.700000000004,3913.0,40287.0
6391,L53570,L,300.3,309.8,1450,55.0,135,0,0,0,0,0,0,9.5,79750.0,7425.0,41823.0
6392,M21251,M,300.2,309.7,1413,43.0,137,0,0,0,0,0,0,9.5,60759.0,5891.0,42428.9
6393,L53572,L,300.1,309.7,1680,33.8,140,0,0,0,0,0,0,9.599999999999966,56783.99999999999,4732.0,43358.0
6394,L53573,L,300.2,309.7,1678,30.5,142,0,0,0,0,0,0,9.5,51179.0,4331.0,43977.4
6395,M21254,M,300.2,309.7,1408,44.0,144,0,0,0,0,0,0,9.5,61952.0,6336.0,44596.799999999996
6396,M21255,M,300.1,309.6,1376,52.1,147,0,0,0,0,0,0,9.5,71689.6,7658.7,45511.200000000004
6397,L53576,L,300.0,309.6,1526,46.4,150,0,0,0,0,0,0,9.600000000000023,70806.4,6960.0,46440.0
6398,M21257,M,300.0,309.6,1587,32.6,152,0,0,0,0,0,0,9.600000000000023,51736.200000000004,4955.2,47059.200000000004
6399,L53578,L,300.1,309.7,1351,58.2,155,0,0,0,0,0,0,9.599999999999966,78628.2,9021.0,48003.5
6400,M21259,M,300.1,309.6,1501,38.0,157,0,0,0,0,0,0,9.5,57038.0,5966.0,48607.200000000004
6401,L53580,L,300.1,309.7,1601,35.8,160,0,0,0,0,0,0,9.599999999999966,57315.799999999996,5728.0,49552.0
6402,M21261,M,300.0,309.6,1573,39.7,162,0,0,0,0,0,0,9.600000000000023,62448.100000000006,6431.400000000001,50155.200000000004
6403,M21262,M,300.1,309.6,1584,36.7,165,0,0,0,0,0,0,9.5,58132.8,6055.500000000001,51084.00000000001
6404,L53583,L,300.1,309.6,1649,33.6,168,0,0,0,0,0,0,9.5,55406.4,5644.8,52012.8
6405,M21264,M,300.2,309.7,1183,61.4,170,0,0,0,0,0,0,9.5,72636.2,10438.0,52649.0
6406,L53585,L,300.1,309.7,2151,17.5,173,0,0,0,0,0,0,9.599999999999966,37642.5,3027.5,53578.1
6407,L53586,L,300.2,309.8,1526,45.6,175,0,0,0,0,0,0,9.600000000000023,69585.6,7980.0,54215.0
6408,M21267,M,300.3,309.9,1611,29.0,177,0,0,0,0,0,0,9.599999999999966,46719.0,5133.0,54852.299999999996
6409,L53588,L,300.3,309.9,1601,31.7,180,0,0,0,0,0,0,9.599999999999966,50751.7,5706.0,55781.99999999999
6410,L53589,L,300.3,310.0,1560,40.8,182,0,0,0,0,0,0,9.699999999999989,63647.99999999999,7425.599999999999,56420.0
6411,L53590,L,300.4,310.1,1544,41.9,184,0,0,0,0,0,0,9.700000000000045,64693.6,7709.599999999999,57058.4
6412,M21271,M,300.4,310.0,1560,42.3,186,0,0,0,0,0,0,9.600000000000023,65988.0,7867.799999999999,57660.0
6413,L53592,L,300.4,310.0,1423,44.2,189,0,0,0,0,0,0,9.600000000000023,62896.600000000006,8353.800000000001,58590.0
6414,L53593,L,300.4,310.1,1614,33.5,191,0,0,0,0,0,0,9.700000000000045,54069.0,6398.5,59229.100000000006
6415,M21274,M,300.4,310.1,1457,35.1,193,0,0,0,0,0,0,9.700000000000045,51140.700000000004,6774.3,59849.3
6416,L53595,L,300.4,310.1,1503,42.2,196,0,0,0,0,0,0,9.700000000000045,63426.600000000006,8271.2,60779.600000000006
6417,H35830,H,300.4,310.1,1484,38.0,198,0,0,0,0,0,0,9.700000000000045,56392.0,7524.0,61399.8
6418,L53597,L,300.3,309.9,1540,39.9,203,0,0,0,0,0,0,9.599999999999966,61446.0,8099.7,62909.7
6419,H35832,H,300.3,309.9,1405,52.1,205,0,0,0,0,0,0,9.599999999999966,73200.5,10680.5,63529.49999999999
6420,H35833,H,300.3,309.9,1394,46.7,210,1,1,0,0,0,0,9.599999999999966,65099.8,9807.0,65078.99999999999
6421,L53600,L,300.3,309.9,1518,36.4,0,0,0,0,0,0,0,9.599999999999966,55255.2,0.0,0.0
6422,L53601,L,300.3,309.9,1527,41.4,2,0,0,0,0,0,0,9.599999999999966,63217.799999999996,82.8,619.8
6423,L53602,L,300.3,309.9,1377,55.3,4,0,0,0,0,0,0,9.599999999999966,76148.09999999999,221.2,1239.6
6424,M21283,M,300.3,310.0,1537,37.5,6,0,0,0,0,0,0,9.699999999999989,57637.5,225.0,1860.0
6425,M21284,M,300.3,310.0,1409,43.2,9,0,0,0,0,0,0,9.699999999999989,60868.8,388.8,2790.0
6426,L53605,L,300.3,309.9,1393,56.1,12,0,0,0,0,0,0,9.599999999999966,78147.3,673.2,3718.7999999999997
6427,L53606,L,300.2,309.7,1448,36.8,14,0,0,0,0,0,0,9.5,53286.399999999994,515.1999999999999,4335.8
6428,L53607,L,300.2,309.8,1418,49.3,16,0,0,0,0,0,0,9.600000000000023,69907.4,788.8,4956.8
6429,M21288,M,300.2,309.8,1743,24.1,18,0,0,0,0,0,0,9.600000000000023,42006.3,433.8,5576.400000000001
6430,M21289,M,300.2,309.8,1394,47.4,21,0,0,0,0,0,0,9.600000000000023,66075.59999999999,995.4,6505.8
6431,L53610,L,300.3,309.8,1523,39.2,24,0,0,0,0,0,0,9.5,59701.600000000006,940.8000000000001,7435.200000000001
6432,L53611,L,300.2,309.8,1353,59.4,26,0,0,0,0,0,0,9.600000000000023,80368.2,1544.3999999999999,8054.8
6433,M21292,M,300.3,309.9,1447,46.5,28,0,0,0,0,0,0,9.599999999999966,67285.5,1302.0,8677.199999999999
6434,L53613,L,300.3,309.9,1570,34.0,31,0,0,0,0,0,0,9.599999999999966,53380.0,1054.0,9606.9
6435,M21294,M,300.3,309.9,1494,38.5,33,0,0,0,0,0,0,9.599999999999966,57519.0,1270.5,10226.699999999999
6436,L53615,L,300.3,309.9,1621,34.1,36,0,0,0,0,0,0,9.599999999999966,55276.100000000006,1227.6000000000001,11156.4
6437,L53616,L,300.4,310.0,1769,26.1,38,0,0,0,0,0,0,9.600000000000023,46170.9,991.8000000000001,11780.0
6438,L53617,L,300.4,310.0,1282,66.1,40,0,0,0,0,0,0,9.600000000000023,84740.2,2644.0,12400.0
6439,L53618,L,300.4,310.0,1581,30.3,42,0,0,0,0,0,0,9.600000000000023,47904.3,1272.6000000000001,13020.0
6440,L53619,L,300.6,310.1,1656,32.7,44,0,0,0,0,0,0,9.5,54151.200000000004,1438.8000000000002,13644.400000000001
6441,L53620,L,300.6,310.2,1648,31.7,46,0,0,0,0,0,0,9.599999999999966,52241.6,1458.2,14269.199999999999
6442,L53621,L,300.7,310.2,1639,31.4,48,0,0,0,0,0,0,9.5,51464.6,1507.1999999999998,14889.599999999999
6443,L53622,L,300.7,310.2,1348,54.8,50,0,0,0,0,0,0,9.5,73870.4,2740.0,15510.0
6444,L53623,L,300.8,310.3,1537,33.3,52,0,0,0,0,0,0,9.5,51182.1,1731.6,16135.6
6445,M21304,M,300.8,310.3,1270,61.0,54,0,0,0,0,0,0,9.5,77470.0,3294.0,16756.2
6446,L53625,L,300.7,310.3,1662,34.4,57,0,0,0,0,0,0,9.600000000000023,57172.799999999996,1960.8,17687.100000000002
6447,M21306,M,300.7,310.3,1471,40.2,59,0,0,0,0,0,0,9.600000000000023,59134.200000000004,2371.8,18307.7
6448,L53627,L,300.6,310.1,1337,45.8,62,0,0,0,0,0,0,9.5,61234.6,2839.6,19226.2
6449,H35862,H,300.7,310.2,1877,24.8,64,0,0,0,0,0,0,9.5,46549.6,1587.2,19852.8
6450,L53629,L,300.6,310.2,1519,44.6,69,0,0,0,0,0,0,9.599999999999966,67747.40000000001,3077.4,21403.8
6451,L53630,L,300.6,310.2,1378,47.3,71,0,0,0,0,0,0,9.599999999999966,65179.399999999994,3358.2999999999997,22024.2
6452,L53631,L,300.7,310.2,1696,27.5,73,0,0,0,0,0,0,9.5,46640.0,2007.5,22644.6
6453,L53632,L,300.7,310.1,1376,50.8,75,0,0,0,0,0,0,9.400000000000034,69900.8,3810.0,23257.5
6454,L53633,L,300.7,310.2,1807,24.2,77,0,0,0,0,0,0,9.5,43729.4,1863.3999999999999,23885.399999999998
6455,L53634,L,300.7,310.1,1598,32.8,79,0,0,0,0,0,0,9.400000000000034,52414.399999999994,2591.2,24497.9
6456,L53635,L,300.7,310.1,1565,40.2,81,0,0,0,0,0,0,9.400000000000034,62913.00000000001,3256.2000000000003,25118.100000000002
6457,L53636,L,300.7,310.2,1387,50.6,83,0,0,0,0,0,0,9.5,70182.2,4199.8,25746.6
6458,L53637,L,300.7,310.0,1395,48.0,85,0,0,0,0,0,0,9.300000000000011,66960.0,4080.0,26350.0
6459,M21318,M,300.6,310.0,1302,62.9,87,0,0,0,0,0,0,9.399999999999977,81895.8,5472.3,26970.0
6460,M21319,M,300.6,310.0,1397,55.2,90,0,0,0,0,0,0,9.399999999999977,77114.40000000001,4968.0,27900.0
6461,L53640,L,300.6,310.0,1313,52.9,93,0,0,0,0,0,0,9.399999999999977,69457.7,4919.7,28830.0
6462,L53641,L,300.6,310.0,1505,35.9,95,0,0,0,0,0,0,9.399999999999977,54029.5,3410.5,29450.0
6463,H35876,H,300.6,310.0,1483,44.0,97,0,0,0,0,0,0,9.399999999999977,65252.0,4268.0,30070.0
6464,H35877,H,300.5,310.0,1358,60.4,102,0,0,0,0,0,0,9.5,82023.2,6160.8,31620.0
6465,M21324,M,300.5,309.9,1735,27.0,107,0,0,0,0,0,0,9.399999999999977,46845.0,2889.0,33159.299999999996
6466,M21325,M,300.5,309.8,1416,48.5,110,0,0,0,0,0,0,9.300000000000011,68676.0,5335.0,34078.0
6467,L53646,L,300.4,309.7,1740,31.1,113,0,0,0,0,0,0,9.300000000000011,54114.0,3514.3,34996.1
6468,L53647,L,300.4,309.7,1692,27.4,115,0,0,0,0,0,0,9.300000000000011,46360.799999999996,3151.0,35615.5
6469,L53648,L,300.5,309.8,1507,42.5,117,0,0,0,0,0,0,9.300000000000011,64047.5,4972.5,36246.6
6470,M21329,M,300.4,309.6,1521,35.0,119,0,0,0,0,0,0,9.200000000000045,53235.0,4165.0,36842.4
6471,L53650,L,300.4,309.6,1379,54.5,122,0,0,0,0,0,0,9.200000000000045,75155.5,6649.0,37771.200000000004
6472,L53651,L,300.4,309.6,1523,38.5,124,0,0,0,0,0,0,9.200000000000045,58635.5,4774.0,38390.4
6473,H35886,H,300.4,309.6,1571,33.6,126,0,0,0,0,0,0,9.200000000000045,52785.600000000006,4233.6,39009.600000000006
6474,H35887,H,300.4,309.5,1547,50.7,131,0,0,0,0,0,0,9.100000000000023,78432.90000000001,6641.700000000001,40544.5
6475,M21334,M,300.5,309.7,1347,54.3,136,0,0,0,0,0,0,9.199999999999989,73142.09999999999,7384.799999999999,42119.2
6476,L53655,L,300.5,309.7,1560,30.2,139,0,0,0,0,0,0,9.199999999999989,47112.0,4197.8,43048.299999999996
6477,L53656,L,300.5,309.7,1384,48.6,141,0,0,0,0,0,0,9.199999999999989,67262.40000000001,6852.6,43667.7
6478,L53657,L,300.5,309.7,1841,24.6,143,0,0,0,0,0,0,9.199999999999989,45288.600000000006,3517.8,44287.1
6479,L53658,L,300.5,309.8,1663,29.1,145,1,0,0,0,0,0,9.300000000000011,48393.3,4219.5,44921.0
6480,L53659,L,300.6,309.8,1418,42.7,147,0,0,0,0,0,0,9.199999999999989,60548.600000000006,6276.900000000001,45540.6
6481,L53660,L,300.7,309.9,1775,26.6,149,0,0,0,0,0,0,9.199999999999989,47215.0,3963.4,46175.1
6482,L53661,L,300.7,309.8,1406,48.4,151,0,0,0,0,0,0,9.100000000000023,68050.4,7308.4,46779.8
6483,L53662,L,300.6,309.9,1480,43.7,153,0,0,0,0,0,0,9.299999999999955,64676.00000000001,6686.1,47414.7
6484,L53663,L,300.7,309.9,1412,45.3,155,0,0,0,0,0,0,9.199999999999989,63963.6,7021.5,48034.5
6485,H35898,H,300.6,309.8,1913,22.5,157,0,0,0,0,0,0,9.199999999999989,43042.5,3532.5,48638.6
6486,L53665,L,300.6,309.8,1629,37.6,162,0,0,0,0,0,0,9.199999999999989,61250.4,6091.2,50187.6
6487,L53666,L,300.5,309.8,1939,21.4,164,0,0,0,0,0,0,9.300000000000011,41494.6,3509.6,50807.200000000004
6488,H35901,H,300.6,309.8,1541,36.2,166,0,0,0,0,0,0,9.199999999999989,55784.200000000004,6009.200000000001,51426.8
6489,L53668,L,300.7,309.8,1330,54.4,171,0,0,0,0,0,0,9.100000000000023,72352.0,9302.4,52975.8
6490,M21349,M,300.7,309.8,1490,38.8,173,0,0,0,0,0,0,9.100000000000023,57811.99999999999,6712.4,53595.4
6491,L53670,L,300.7,309.9,1383,44.5,176,0,0,0,0,0,0,9.199999999999989,61543.5,7832.0,54542.399999999994
6492,L53671,L,300.8,310.0,1468,52.7,178,0,0,0,0,0,0,9.199999999999989,77363.6,9380.6,55180.0
6493,M21352,M,300.8,309.9,1444,46.0,180,0,0,0,0,0,0,9.099999999999966,66424.0,8280.0,55781.99999999999
6494,L53673,L,300.7,309.8,1363,53.1,183,0,0,0,0,0,0,9.100000000000023,72375.3,9717.300000000001,56693.4
6495,L53674,L,300.6,309.7,1617,33.2,185,0,0,0,0,0,0,9.099999999999966,53684.4,6142.000000000001,57294.5
6496,M21355,M,300.6,309.8,1694,31.1,187,0,0,0,0,0,0,9.199999999999989,52683.4,5815.7,57932.6
6497,L53676,L,300.7,309.9,1815,27.0,190,0,0,0,0,0,0,9.199999999999989,49005.0,5130.0,58880.99999999999
6498,L53677,L,300.8,309.9,1312,65.3,192,1,0,0,0,1,0,9.099999999999966,85673.59999999999,12537.599999999999,59500.799999999996
6499,H35912,H,300.8,309.9,2041,19.2,194,0,0,0,0,0,0,9.099999999999966,39187.2,3724.7999999999997,60120.6
6500,L53679,L,300.9,310.0,1671,26.8,199,0,0,0,0,0,0,9.100000000000023,44782.8,5333.2,61690.0
6501,M21360,M,300.9,310.0,1416,46.6,201,0,0,0,0,0,0,9.100000000000023,65985.6,9366.6,62310.0
6502,M21361,M,300.9,310.0,1600,36.0,204,0,0,0,0,0,0,9.100000000000023,57600.0,7344.0,63240.0
6503,L53682,L,300.9,310.0,2595,13.7,207,0,0,0,0,0,0,9.100000000000023,35551.5,2835.8999999999996,64170.0
6504,M21363,M,300.9,309.9,1465,42.9,209,0,0,0,0,0,0,9.0,62848.5,8966.1,64769.1
6505,M21364,M,301.0,310.1,1681,27.4,212,0,0,0,0,0,0,9.100000000000023,46059.399999999994,5808.799999999999,65741.20000000001
6506,L53685,L,301.1,310.1,1457,39.6,215,0,0,0,0,0,0,9.0,57697.200000000004,8514.0,66671.5
6507,H35920,H,301.0,310.1,1454,44.1,217,0,0,0,0,0,0,9.100000000000023,64121.4,9569.7,67291.70000000001
6508,L53687,L,301.0,310.1,1558,32.6,0,0,0,0,0,0,0,9.100000000000023,50790.8,0.0,0.0
6509,H35922,H,301.0,310.1,1756,30.7,2,0,0,0,0,0,0,9.100000000000023,53909.2,61.4,620.2
6510,L53689,L,301.1,310.1,1564,36.8,7,0,0,0,0,0,0,9.0,57555.2,257.59999999999997,2170.7000000000003
6511,L53690,L,301.1,310.2,1455,55.3,9,0,0,0,0,0,0,9.099999999999966,80461.5,497.7,2791.7999999999997
6512,M21371,M,301.2,310.1,2280,15.7,11,0,0,0,0,0,0,8.900000000000034,35796.0,172.7,3411.1000000000004
6513,M21372,M,301.1,310.0,1433,48.1,14,0,0,0,0,0,0,8.899999999999977,68927.3,673.4,4340.0
6514,L53693,L,301.1,310.0,1513,38.0,17,0,0,0,0,0,0,8.899999999999977,57494.0,646.0,5270.0
6515,L53694,L,301.0,309.9,1507,41.8,19,0,0,0,0,0,0,8.899999999999977,62992.6,794.1999999999999,5888.099999999999
6516,L53695,L,301.0,310.0,1480,43.5,21,0,0,0,0,0,0,9.0,64380.0,913.5,6510.0
6517,H35930,H,301.1,310.0,1470,40.1,23,0,0,0,0,0,0,8.899999999999977,58947.0,922.3000000000001,7130.0
6518,L53697,L,301.1,310.1,1540,36.6,28,0,0,0,0,0,0,9.0,56364.0,1024.8,8682.800000000001
6519,H35932,H,301.0,310.0,1212,67.9,30,0,0,0,0,0,0,9.0,82294.8,2037.0000000000002,9300.0
6520,L53699,L,301.1,310.1,1417,46.9,35,0,0,0,0,0,0,9.0,66457.3,1641.5,10853.5
6521,M21380,M,301.2,310.1,1666,34.9,37,0,0,0,0,0,0,8.900000000000034,58143.399999999994,1291.3,11473.7
6522,L53701,L,301.1,310.1,1666,27.2,40,0,0,0,0,0,0,9.0,45315.2,1088.0,12404.0
6523,L53702,L,301.1,310.1,1489,45.8,42,0,0,0,0,0,0,9.0,68196.2,1923.6,13024.2
6524,M21383,M,301.1,310.2,1850,27.7,44,0,0,0,0,0,0,9.099999999999966,51245.0,1218.8,13648.8
6525,L53704,L,301.1,310.4,1874,24.8,47,0,0,0,0,0,0,9.299999999999955,46475.200000000004,1165.6000000000001,14588.8
6526,L53705,L,301.1,310.4,1312,73.6,49,1,0,0,1,0,0,9.299999999999955,96563.2,3606.3999999999996,15209.599999999999
6527,L53706,L,301.2,310.4,1515,38.4,51,0,0,0,0,0,0,9.199999999999989,58176.0,1958.3999999999999,15830.4
6528,L53707,L,301.2,310.4,1516,44.4,53,0,0,0,0,0,0,9.199999999999989,67310.4,2353.2,16451.199999999997
6529,L53708,L,301.2,310.5,1546,40.0,55,0,0,0,0,0,0,9.300000000000011,61840.0,2200.0,17077.5
6530,L53709,L,301.3,310.6,1481,40.9,57,0,0,0,0,0,0,9.300000000000011,60572.9,2331.2999999999997,17704.2
6531,H35944,H,301.3,310.6,1605,32.5,59,0,0,0,0,0,0,9.300000000000011,52162.5,1917.5,18325.4
6532,H35945,H,301.2,310.7,1656,26.2,64,0,0,0,0,0,0,9.5,43387.2,1676.8,19884.8
6533,H35946,H,301.2,310.6,1352,52.0,69,0,0,0,0,0,0,9.400000000000034,70304.0,3588.0,21431.4
6534,L53713,L,301.3,310.7,1504,47.2,74,0,0,0,0,0,0,9.399999999999977,70988.8,3492.8,22991.8
6535,L53714,L,301.3,310.6,1436,44.2,76,0,0,0,0,0,0,9.300000000000011,63471.200000000004,3359.2000000000003,23605.600000000002
6536,H35949,H,301.2,310.5,1505,43.6,78,0,0,0,0,0,0,9.300000000000011,65618.0,3400.8,24219.0
6537,L53716,L,301.3,310.5,1406,47.1,83,0,0,0,0,0,0,9.199999999999989,66222.6,3909.3,25771.5
6538,M21397,M,301.3,310.5,1481,39.7,85,0,0,0,0,0,0,9.199999999999989,58795.700000000004,3374.5000000000005,26392.5
6539,L53718,L,301.4,310.7,1487,44.6,88,0,0,0,0,0,0,9.300000000000011,66320.2,3924.8,27341.6
6540,L53719,L,301.4,310.7,1436,54.1,90,0,0,0,0,0,0,9.300000000000011,77687.6,4869.0,27963.0
6541,M21400,M,301.4,310.7,1368,63.7,92,1,0,0,1,0,0,9.300000000000011,87141.6,5860.400000000001,28584.399999999998
6542,L53721,L,301.4,310.7,1509,38.3,95,0,0,0,0,0,0,9.300000000000011,57794.7,3638.4999999999995,29516.5
6543,L53722,L,301.4,310.8,1543,36.9,97,0,0,0,0,0,0,9.400000000000034,56936.7,3579.2999999999997,30147.600000000002
6544,L53723,L,301.4,310.8,1698,29.6,99,0,0,0,0,0,0,9.400000000000034,50260.8,2930.4,30769.2
6545,M21404,M,301.4,310.7,1470,46.5,101,0,0,0,0,0,0,9.300000000000011,68355.0,4696.5,31380.699999999997
6546,M21405,M,301.4,310.8,1738,30.3,104,0,0,0,0,0,0,9.400000000000034,52661.4,3151.2000000000003,32323.2
6547,M21406,M,301.4,310.8,1530,39.9,107,0,0,0,0,0,0,9.400000000000034,61047.0,4269.3,33255.6
6548,L53727,L,301.4,310.8,1740,29.2,110,0,0,0,0,0,0,9.400000000000034,50808.0,3212.0,34188.0
6549,L53728,L,301.4,310.8,1770,24.1,112,0,0,0,0,0,0,9.400000000000034,42657.0,2699.2000000000003,34809.6
6550,H35963,H,301.3,310.6,1527,44.0,114,0,0,0,0,0,0,9.300000000000011,67188.0,5016.0,35408.4
6551,L53730,L,301.3,310.7,1516,46.0,119,0,0,0,0,0,0,9.399999999999977,69736.0,5474.0,36973.299999999996
6552,L53731,L,301.4,310.7,1616,36.5,121,0,0,0,0,0,0,9.300000000000011,58984.0,4416.5,37594.7
6553,L53732,L,301.4,310.7,1786,26.1,123,0,0,0,0,0,0,9.300000000000011,46614.600000000006,3210.3,38216.1
6554,L53733,L,301.4,310.8,1389,52.7,125,0,0,0,0,0,0,9.400000000000034,73200.3,6587.5,38850.0
6555,M21414,M,301.4,310.7,1639,29.8,127,0,0,0,0,0,0,9.300000000000011,48842.200000000004,3784.6,39458.9
6556,H35969,H,301.5,310.7,1394,46.7,130,0,0,0,0,0,0,9.199999999999989,65099.8,6071.0,40391.0
6557,L53736,L,301.5,310.7,1686,27.9,135,0,0,0,0,0,0,9.199999999999989,47039.399999999994,3766.5,41944.5
6558,M21417,M,301.5,310.6,1638,31.9,137,0,0,0,0,0,0,9.100000000000023,52252.2,4370.3,42552.200000000004
6559,M21418,M,301.5,310.6,1447,41.9,140,0,0,0,0,0,0,9.100000000000023,60629.299999999996,5866.0,43484.0
6560,H35973,H,301.5,310.6,1512,39.0,143,0,0,0,0,0,0,9.100000000000023,58968.0,5577.0,44415.8
6561,L53740,L,301.6,310.8,1961,21.8,148,0,0,0,0,0,0,9.199999999999989,42749.8,3226.4,45998.4
6562,L53741,L,301.5,310.7,1596,35.4,150,0,0,0,0,0,0,9.199999999999989,56498.399999999994,5310.0,46605.0
6563,M21422,M,301.5,310.7,1871,21.3,152,0,0,0,0,0,0,9.199999999999989,39852.3,3237.6,47226.4
6564,L53743,L,301.5,310.7,1942,20.5,155,0,0,0,0,0,0,9.199999999999989,39811.0,3177.5,48158.5
6565,L53744,L,301.4,310.6,1557,38.2,157,0,0,0,0,0,0,9.200000000000045,59477.4,5997.400000000001,48764.200000000004
6566,L53745,L,301.4,310.6,1550,36.8,159,0,0,0,0,0,0,9.200000000000045,57039.99999999999,5851.2,49385.4
6567,L53746,L,301.3,310.6,1966,22.6,161,0,0,0,0,0,0,9.300000000000011,44431.600000000006,3638.6000000000004,50006.600000000006
6568,M21427,M,301.3,310.6,1499,36.1,163,0,0,0,0,0,0,9.300000000000011,54113.9,5884.3,50627.8
6569,L53748,L,301.3,310.6,1521,36.3,166,0,0,0,0,0,0,9.300000000000011,55212.299999999996,6025.799999999999,51559.600000000006
6570,M21429,M,301.4,310.7,1375,42.0,168,0,0,0,0,0,0,9.300000000000011,57750.0,7056.0,52197.6
6571,L53750,L,301.4,310.6,1634,31.1,171,0,0,0,0,0,0,9.200000000000045,50817.4,5318.1,53112.600000000006
6572,M21431,M,301.3,310.6,1378,49.4,173,0,0,0,0,0,0,9.300000000000011,68073.2,8546.199999999999,53733.8
6573,L53752,L,301.4,310.7,1428,53.7,176,0,0,0,0,0,0,9.300000000000011,76683.6,9451.2,54683.2
6574,M21433,M,301.4,310.6,1855,25.3,178,0,0,0,0,0,0,9.200000000000045,46931.5,4503.400000000001,55286.8
6575,L53754,L,301.4,310.6,1578,33.0,181,0,0,0,0,0,0,9.200000000000045,52074.0,5973.0,56218.600000000006
6576,M21435,M,301.4,310.5,1451,45.3,183,0,0,0,0,0,0,9.100000000000023,65730.3,8289.9,56821.5
6577,L53756,L,301.5,310.5,1644,34.9,186,0,0,0,0,0,0,9.0,57375.6,6491.4,57753.0
6578,L53757,L,301.4,310.4,1388,45.3,188,0,0,0,0,0,0,9.0,62876.399999999994,8516.4,58355.2
6579,L53758,L,301.4,310.4,1543,40.9,190,0,0,0,0,0,0,9.0,63108.7,7771.0,58975.99999999999
6580,L53759,L,301.3,310.4,1501,41.6,192,0,0,0,0,0,0,9.099999999999966,62441.6,7987.200000000001,59596.799999999996
6581,L53760,L,301.3,310.4,1507,39.1,194,0,0,0,0,0,0,9.099999999999966,58923.700000000004,7585.400000000001,60217.6
6582,L53761,L,301.4,310.4,1559,36.0,196,0,0,0,0,0,0,9.0,56124.0,7056.0,60838.399999999994
6583,L53762,L,301.5,310.5,1528,35.7,198,0,0,0,0,0,0,9.0,54549.600000000006,7068.6,61479.0
6584,M21443,M,301.5,310.5,1503,38.2,200,0,0,0,0,0,0,9.0,57414.600000000006,7640.000000000001,62100.0
6585,L53764,L,301.5,310.5,1372,44.0,203,0,0,0,0,0,0,9.0,60368.0,8932.0,63031.5
6586,M21445,M,301.5,310.5,1600,32.8,205,0,0,0,0,0,0,9.0,52479.99999999999,6723.999999999999,63652.5
6587,L53766,L,301.5,310.6,1453,44.0,208,0,0,0,0,0,0,9.100000000000023,63932.0,9152.0,64604.8
6588,M21447,M,301.6,310.7,1813,24.6,210,0,0,0,0,0,0,9.099999999999966,44599.8,5166.0,65247.0
6589,L53768,L,301.6,310.7,1457,40.4,213,0,0,0,0,0,0,9.099999999999966,58862.799999999996,8605.199999999999,66179.09999999999
6590,M21449,M,301.6,310.6,1553,38.9,0,0,0,0,0,0,0,9.0,60411.7,0.0,0.0
6591,L53770,L,301.7,310.7,1763,25.9,3,0,0,0,0,0,0,9.0,45661.7,77.69999999999999,932.0999999999999
6592,L53771,L,301.7,310.7,2023,20.9,5,0,0,0,0,0,0,9.0,42280.7,104.5,1553.5
6593,M21452,M,301.6,310.7,1457,47.8,7,0,0,0,0,0,0,9.099999999999966,69644.59999999999,334.59999999999997,2174.9
6594,L53773,L,301.6,310.7,1679,29.5,10,0,0,0,0,0,0,9.099999999999966,49530.5,295.0,3107.0
6595,L53774,L,301.6,310.6,2103,19.7,12,0,0,0,0,0,0,9.0,41429.1,236.39999999999998,3727.2000000000003
6596,M21455,M,301.5,310.7,1460,38.6,14,0,0,0,0,0,0,9.199999999999989,56356.0,540.4,4349.8
6597,M21456,M,301.5,310.7,1454,39.4,17,0,0,0,0,0,0,9.199999999999989,57287.6,669.8,5281.9
6598,L53777,L,301.5,310.6,1481,46.8,20,0,0,0,0,0,0,9.100000000000023,69310.8,936.0,6212.0
6599,L53778,L,301.5,310.7,1424,51.1,22,0,0,0,0,0,0,9.199999999999989,72766.40000000001,1124.2,6835.4
6600,L53779,L,301.6,310.7,1494,39.5,24,0,0,0,0,0,0,9.099999999999966,59013.0,948.0,7456.799999999999
6601,M21460,M,301.5,310.6,1424,47.0,26,0,0,0,0,0,0,9.100000000000023,66928.0,1222.0,8075.6
6602,M21461,M,301.5,310.7,1347,47.9,29,0,0,0,0,0,0,9.199999999999989,64521.299999999996,1389.1,9010.3
6603,L53782,L,301.5,310.6,1374,46.7,32,0,0,0,0,0,0,9.100000000000023,64165.8,1494.4,9939.2
6604,M21463,M,301.5,310.6,1403,47.4,34,0,0,0,0,0,0,9.100000000000023,66502.2,1611.6,10560.400000000001
6605,M21464,M,301.5,310.6,1573,37.4,37,0,0,0,0,0,0,9.100000000000023,58830.2,1383.8,11492.2
6606,M21465,M,301.6,310.6,1691,30.1,40,0,0,0,0,0,0,9.0,50899.100000000006,1204.0,12424.0
6607,H36020,H,301.5,310.5,1538,44.3,43,0,0,0,0,0,0,9.0,68133.4,1904.8999999999999,13351.5
6608,L53787,L,301.5,310.5,1556,39.1,48,0,0,0,0,0,0,9.0,60839.600000000006,1876.8000000000002,14904.0
6609,M21468,M,301.5,310.4,1593,36.8,50,0,0,0,0,0,0,8.899999999999977,58622.399999999994,1839.9999999999998,15519.999999999998
6610,L53789,L,301.5,310.4,1474,39.9,53,0,0,0,0,0,0,8.899999999999977,58812.6,2114.7,16451.199999999997
6611,L53790,L,301.5,310.4,1543,34.0,55,0,0,0,0,0,0,8.899999999999977,52462.0,1870.0,17072.0
6612,H36025,H,301.5,310.5,1587,33.8,57,0,0,0,0,0,0,9.0,53640.6,1926.6,17698.5
6613,L53792,L,301.6,310.6,1222,70.0,62,0,0,0,0,0,0,9.0,85540.0,4340.0,19257.2
6614,L53793,L,301.7,310.6,1513,41.1,64,0,0,0,0,0,0,8.900000000000034,62184.3,2630.4,19878.4
6615,L53794,L,301.7,310.6,1660,28.7,66,0,0,0,0,0,0,8.900000000000034,47642.0,1894.2,20499.600000000002
6616,L53795,L,301.7,310.6,1545,42.1,68,0,0,0,0,0,0,8.900000000000034,65044.5,2862.8,21120.800000000003
6617,M21476,M,301.7,310.6,1380,45.8,70,0,0,0,0,0,0,8.900000000000034,63203.99999999999,3206.0,21742.0
6618,L53797,L,301.6,310.6,1321,60.8,73,0,0,0,0,0,0,9.0,80316.8,4438.4,22673.800000000003
6619,M21478,M,301.6,310.6,1309,65.8,75,1,0,0,1,0,0,9.0,86132.2,4935.0,23295.0
6620,M21479,M,301.7,310.7,1627,31.3,78,0,0,0,0,0,0,9.0,50925.1,2441.4,24234.6
6621,M21480,M,301.6,310.7,1791,23.8,81,0,0,0,0,0,0,9.099999999999966,42625.8,1927.8,25166.7
6622,M21481,M,301.7,310.7,1861,21.8,84,0,0,0,0,0,0,9.0,40569.8,1831.2,26098.8
6623,L53802,L,301.7,310.7,1493,51.1,87,0,0,0,0,0,0,9.0,76292.3,4445.7,27030.899999999998
6624,M21483,M,301.7,310.7,1442,41.1,89,0,0,0,0,0,0,9.0,59266.200000000004,3657.9,27652.3
6625,L53804,L,301.7,310.7,1532,39.8,92,0,0,0,0,0,0,9.0,60973.6,3661.6,28584.399999999998
6626,M21485,M,301.6,310.7,1421,44.4,94,0,0,0,0,0,0,9.099999999999966,63092.4,4173.599999999999,29205.8
6627,L53806,L,301.6,310.6,1613,42.5,97,0,0,0,0,0,0,9.0,68552.5,4122.5,30128.2
6628,M21487,M,301.7,310.6,1876,22.1,99,0,0,0,0,0,0,8.900000000000034,41459.600000000006,2187.9,30749.4
6629,L53808,L,301.6,310.5,1593,34.5,102,0,0,0,0,0,0,8.899999999999977,54958.5,3519.0,31671.0
6630,L53809,L,301.6,310.5,1397,49.4,104,0,0,0,0,0,0,8.899999999999977,69011.8,5137.599999999999,32292.0
6631,M21490,M,301.6,310.5,1414,49.3,106,0,0,0,0,0,0,8.899999999999977,69710.2,5225.799999999999,32913.0
6632,M21491,M,301.5,310.4,1378,55.3,109,0,0,0,0,0,0,8.899999999999977,76203.4,6027.7,33833.6
6633,L53812,L,301.4,310.4,1301,51.2,112,0,0,0,0,0,0,9.0,66611.2,5734.400000000001,34764.799999999996
6634,M21493,M,301.5,310.5,1737,29.3,114,0,0,0,0,0,0,9.0,50894.1,3340.2000000000003,35397.0
6635,L53814,L,301.5,310.5,1396,44.5,117,0,0,0,0,0,0,9.0,62122.0,5206.5,36328.5
6636,L53815,L,301.5,310.5,1534,39.3,119,0,0,0,0,0,0,9.0,60286.2,4676.7,36949.5
6637,M21496,M,301.5,310.5,1774,25.5,121,0,0,0,0,0,0,9.0,45237.0,3085.5,37570.5
6638,H36051,H,301.5,310.5,1453,48.0,124,0,0,0,0,0,0,9.0,69744.0,5952.0,38502.0
6639,L53818,L,301.5,310.5,1453,44.2,129,0,0,0,0,0,0,9.0,64222.600000000006,5701.8,40054.5
6640,L53819,L,301.4,310.5,1380,48.4,131,0,0,0,0,0,0,9.100000000000023,66792.0,6340.4,40675.5
6641,L53820,L,301.4,310.4,1334,43.2,133,0,0,0,0,0,0,9.0,57628.8,5745.6,41283.2
6642,L53821,L,301.5,310.5,1702,28.7,135,0,0,0,0,0,0,9.0,48847.4,3874.5,41917.5
6643,L53822,L,301.6,310.6,1431,37.5,137,0,0,0,0,0,0,9.0,53662.5,5137.5,42552.200000000004
6644,M21503,M,301.5,310.5,1308,60.5,139,0,0,0,0,0,0,9.0,79134.0,8409.5,43159.5
6645,L53824,L,301.5,310.6,1565,43.9,142,0,0,0,0,0,0,9.100000000000023,68703.5,6233.8,44105.200000000004
6646,M21505,M,301.5,310.4,1486,39.6,144,0,0,0,0,0,0,8.899999999999977,58845.6,5702.400000000001,44697.6
6647,L53826,L,301.5,310.5,1479,34.2,147,0,0,0,0,0,0,9.0,50581.8,5027.400000000001,45643.5
6648,L53827,L,301.5,310.5,1927,22.4,149,0,0,0,0,0,0,9.0,43164.799999999996,3337.6,46264.5
6649,L53828,L,301.5,310.4,1488,41.1,151,0,0,0,0,0,0,8.899999999999977,61156.8,6206.1,46870.399999999994
6650,M21509,M,301.5,310.4,1350,54.9,153,0,0,0,0,0,0,8.899999999999977,74115.0,8399.699999999999,47491.2
6651,L53830,L,301.6,310.4,1561,35.3,156,0,0,0,0,0,0,8.799999999999955,55103.299999999996,5506.799999999999,48422.399999999994
6652,M21511,M,301.5,310.4,1276,55.6,158,0,0,0,0,0,0,8.899999999999977,70945.6,8784.800000000001,49043.2
6653,H36066,H,301.5,310.4,1580,35.7,161,0,0,0,0,0,0,8.899999999999977,56406.00000000001,5747.700000000001,49974.399999999994
6654,M21513,M,301.4,310.3,1610,29.1,166,0,0,0,0,0,0,8.900000000000034,46851.0,4830.6,51509.8
6655,L53834,L,301.4,310.3,2203,16.6,169,0,0,0,0,0,0,8.900000000000034,36569.8,2805.4,52440.700000000004
6656,L53835,L,301.4,310.3,1639,32.7,171,0,0,0,0,0,0,8.900000000000034,53595.3,5591.700000000001,53061.3
6657,M21516,M,301.4,310.4,1553,44.7,173,0,0,0,0,0,0,9.0,69419.1,7733.1,53699.2
6658,L53837,L,301.4,310.3,1374,47.6,176,0,0,0,0,0,0,8.900000000000034,65402.4,8377.6,54612.8
6659,L53838,L,301.4,310.4,1430,50.9,178,0,0,0,0,0,0,9.0,72787.0,9060.199999999999,55251.2
6660,L53839,L,301.3,310.3,1626,31.3,180,0,0,0,0,0,0,9.0,50893.8,5634.0,55854.0
6661,H36074,H,301.4,310.5,1421,43.8,182,0,0,0,0,0,0,9.100000000000023,62239.799999999996,7971.599999999999,56511.0
6662,M21521,M,301.3,310.4,1501,39.8,187,0,0,0,0,0,0,9.099999999999966,59739.799999999996,7442.599999999999,58044.799999999996
6663,M21522,M,301.3,310.4,2093,18.7,190,0,0,0,0,0,0,9.099999999999966,39139.1,3553.0,58975.99999999999
6664,L53843,L,301.3,310.4,1504,47.2,193,0,0,0,0,0,0,9.099999999999966,70988.8,9109.6,59907.2
6665,L53844,L,301.3,310.4,1538,38.4,195,0,0,0,0,0,0,9.099999999999966,59059.2,7488.0,60527.99999999999
6666,L53845,L,301.3,310.4,1440,41.5,197,0,0,0,0,0,0,9.099999999999966,59760.0,8175.5,61148.799999999996
6667,L53846,L,301.3,310.4,1414,51.4,199,0,0,0,0,0,0,9.099999999999966,72679.59999999999,10228.6,61769.6
6668,H36081,H,301.4,310.5,1536,39.9,201,0,0,0,0,0,0,9.100000000000023,61286.399999999994,8019.9,62410.5
6669,L53848,L,301.4,310.5,1476,39.2,206,0,0,0,0,0,0,9.100000000000023,57859.200000000004,8075.200000000001,63963.0
6670,L53849,L,301.4,310.5,1571,33.9,208,0,0,0,0,0,0,9.100000000000023,53256.899999999994,7051.2,64584.0
6671,L53850,L,301.5,310.6,1998,20.2,210,0,0,0,0,0,0,9.100000000000023,40359.6,4242.0,65226.00000000001
6672,L53851,L,301.5,310.6,1357,42.1,212,0,0,0,0,0,0,9.100000000000023,57129.700000000004,8925.2,65847.20000000001
6673,L53852,L,301.6,310.7,1424,50.5,214,0,0,0,0,0,0,9.099999999999966,71912.0,10807.0,66489.8
6674,L53853,L,301.6,310.7,1380,51.8,216,1,0,0,0,1,0,9.099999999999966,71484.0,11188.8,67111.2
6675,L53854,L,301.5,310.7,1618,35.5,218,0,0,0,0,0,0,9.199999999999989,57439.0,7739.0,67732.59999999999
6676,L53855,L,301.5,310.6,1579,28.0,220,0,0,0,0,0,0,9.100000000000023,44212.0,6160.0,68332.0
6677,L53856,L,301.5,310.7,1423,44.0,222,0,0,0,0,0,0,9.199999999999989,62612.0,9768.0,68975.4
6678,L53857,L,301.5,310.7,1435,38.5,224,0,0,0,0,0,0,9.199999999999989,55247.5,8624.0,69596.8
6679,M21538,M,301.5,310.7,1336,65.6,0,1,0,0,1,0,0,9.199999999999989,87641.59999999999,0.0,0.0
6680,L53859,L,301.6,310.8,1392,42.4,3,0,0,0,0,0,0,9.199999999999989,59020.799999999996,127.19999999999999,932.4000000000001
6681,L53860,L,301.5,310.8,1417,49.7,5,0,0,0,0,0,0,9.300000000000011,70424.90000000001,248.5,1554.0
6682,L53861,L,301.4,310.7,1425,45.1,7,0,0,0,0,0,0,9.300000000000011,64267.5,315.7,2174.9
6683,L53862,L,301.5,310.8,1512,38.9,9,0,0,0,0,0,0,9.300000000000011,58816.799999999996,350.09999999999997,2797.2000000000003
6684,L53863,L,301.5,310.9,1318,50.6,11,0,0,0,0,0,0,9.399999999999977,66690.8,556.6,3419.8999999999996
6685,L53864,L,301.6,310.9,1538,40.4,13,0,0,0,0,0,0,9.299999999999955,62135.2,525.1999999999999,4041.7
6686,L53865,L,301.6,310.9,1532,43.6,15,0,0,0,0,0,0,9.299999999999955,66795.2,654.0,4663.5
6687,L53866,L,301.7,311.0,1715,24.8,17,0,0,0,0,0,0,9.300000000000011,42532.0,421.6,5287.0
6688,L53867,L,301.7,311.0,1700,28.7,19,0,0,0,0,0,0,9.300000000000011,48790.0,545.3,5909.0
6689,L53868,L,301.7,311.0,1548,40.3,21,0,0,0,0,0,0,9.300000000000011,62384.399999999994,846.3,6531.0
6690,L53869,L,301.7,311.0,1546,43.0,23,0,0,0,0,0,0,9.300000000000011,66478.0,989.0,7153.0
6691,L53870,L,301.7,311.0,1343,49.2,25,0,0,0,0,0,0,9.300000000000011,66075.6,1230.0,7775.0
6692,M21551,M,301.7,311.0,1510,47.8,27,0,0,0,0,0,0,9.300000000000011,72178.0,1290.6,8397.0
6693,M21552,M,301.8,311.0,1839,23.6,30,0,0,0,0,0,0,9.199999999999989,43400.4,708.0,9330.0
6694,M21553,M,301.8,311.0,1756,26.7,33,0,0,0,0,0,0,9.199999999999989,46885.2,881.1,10263.0
6695,M21554,M,301.7,310.9,1300,62.7,36,0,0,0,0,0,0,9.199999999999989,81510.0,2257.2000000000003,11192.4
6696,M21555,M,301.7,311.0,1311,55.8,39,0,0,0,0,0,0,9.300000000000011,73153.8,2176.2,12129.0
6697,L53876,L,301.7,310.9,1636,31.3,42,0,0,0,0,0,0,9.199999999999989,51206.8,1314.6000000000001,13057.8
6698,L53877,L,301.6,310.9,1643,34.1,44,0,0,0,0,0,0,9.299999999999955,56026.3,1500.4,13679.599999999999
6699,L53878,L,301.6,310.8,1418,44.7,46,0,0,0,0,0,0,9.199999999999989,63384.600000000006,2056.2000000000003,14296.800000000001
6700,M21559,M,301.7,310.8,1516,40.4,48,0,0,0,0,0,0,9.100000000000023,61246.4,1939.1999999999998,14918.400000000001
6701,H36114,H,301.6,310.9,1419,50.2,51,0,0,0,0,0,0,9.299999999999955,71233.8,2560.2000000000003,15855.9
6702,L53881,L,301.6,310.9,1623,34.1,56,0,0,0,0,0,0,9.299999999999955,55344.3,1909.6000000000001,17410.399999999998
6703,M21562,M,301.6,310.8,1664,32.0,58,0,0,0,0,0,0,9.199999999999989,53248.0,1856.0,18026.4
6704,M21563,M,301.5,310.7,1744,28.2,61,0,0,0,0,0,0,9.199999999999989,49180.799999999996,1720.2,18952.7
6705,M21564,M,301.5,310.7,1510,36.0,64,0,0,0,0,0,0,9.199999999999989,54360.0,2304.0,19884.8
6706,M21565,M,301.5,310.6,1382,58.1,67,0,0,0,0,0,0,9.100000000000023,80294.2,3892.7000000000003,20810.2
6707,L53886,L,301.4,310.6,1381,46.1,70,0,0,0,0,0,0,9.200000000000045,63664.1,3227.0,21742.0
6708,L53887,L,301.3,310.6,1556,39.0,72,0,0,0,0,0,0,9.300000000000011,60684.0,2808.0,22363.2
6709,M21568,M,301.4,310.6,1464,37.4,74,0,0,0,0,0,0,9.200000000000045,54753.6,2767.6,22984.4
6710,L53889,L,301.4,310.6,1481,37.6,77,0,0,0,0,0,0,9.200000000000045,55685.6,2895.2000000000003,23916.2
6711,L53890,L,301.5,310.7,1323,49.7,79,0,0,0,0,0,0,9.199999999999989,65753.1,3926.3,24545.3
6712,L53891,L,301.5,310.7,1426,46.1,81,0,0,0,0,0,0,9.199999999999989,65738.6,3734.1,25166.7
6713,H36126,H,301.4,310.7,1516,36.4,83,0,0,0,0,0,0,9.300000000000011,55182.4,3021.2,25788.1
6714,L53893,L,301.3,310.6,1416,45.2,88,0,0,0,0,0,0,9.300000000000011,64003.200000000004,3977.6000000000004,27332.800000000003
6715,L53894,L,301.3,310.6,1440,53.8,90,0,0,0,0,0,0,9.300000000000011,77472.0,4842.0,27954.000000000004
6716,L53895,L,301.3,310.6,1576,30.4,92,0,0,0,0,0,0,9.300000000000011,47910.399999999994,2796.7999999999997,28575.2
6717,L53896,L,301.3,310.6,1387,53.6,94,0,0,0,0,0,0,9.300000000000011,74343.2,5038.400000000001,29196.4
6718,M21577,M,301.4,310.6,1464,48.6,96,0,0,0,0,0,0,9.200000000000045,71150.40000000001,4665.6,29817.600000000002
6719,L53898,L,301.4,310.6,2137,18.0,99,0,0,0,0,0,0,9.200000000000045,38466.0,1782.0,30749.4
6720,M21579,M,301.4,310.6,1431,40.6,101,0,0,0,0,0,0,9.200000000000045,58098.6,4100.6,31370.600000000002
6721,L53900,L,301.3,310.6,1458,48.0,104,0,0,0,0,0,0,9.300000000000011,69984.0,4992.0,32302.4
6722,L53901,L,301.4,310.7,1280,61.0,106,0,0,0,0,0,0,9.300000000000011,78080.0,6466.0,32934.2
6723,L53902,L,301.4,310.7,1657,28.7,108,0,0,0,0,0,0,9.300000000000011,47555.9,3099.6,33555.6
6724,M21583,M,301.4,310.6,1565,36.1,110,0,0,0,0,0,0,9.200000000000045,56496.5,3971.0,34166.0
6725,L53904,L,301.3,310.6,1560,36.8,113,0,0,0,0,0,0,9.300000000000011,57407.99999999999,4158.4,35097.8
6726,M21585,M,301.5,310.7,1359,47.1,115,0,0,0,0,0,0,9.199999999999989,64008.9,5416.5,35730.5
6727,L53906,L,301.5,310.8,1500,41.0,118,0,0,0,0,0,0,9.300000000000011,61500.0,4838.0,36674.4
6728,L53907,L,301.5,310.8,1785,25.5,120,0,0,0,0,0,0,9.300000000000011,45517.5,3060.0,37296.0
6729,L53908,L,301.5,310.9,1891,23.2,122,0,0,0,0,0,0,9.399999999999977,43871.2,2830.4,37929.799999999996
6730,H36143,H,301.5,310.9,1524,40.4,124,0,0,0,0,0,0,9.399999999999977,61569.6,5009.599999999999,38551.6
6731,M21590,M,301.6,311.0,1431,42.3,129,0,0,0,0,0,0,9.399999999999977,60531.299999999996,5456.7,40119.0
6732,L53911,L,301.6,310.9,1385,51.2,132,0,0,0,0,0,0,9.299999999999955,70912.0,6758.400000000001,41038.799999999996
6733,L53912,L,301.7,311.0,1503,44.8,134,0,0,0,0,0,0,9.300000000000011,67334.4,6003.2,41674.0
6734,M21593,M,301.7,311.0,1311,46.8,136,0,0,0,0,0,0,9.300000000000011,61354.799999999996,6364.799999999999,42296.0
6735,M21594,M,301.6,310.9,1575,40.1,139,0,0,0,0,0,0,9.299999999999955,63157.5,5573.900000000001,43215.1
6736,L53915,L,301.6,311.0,1485,40.1,142,0,0,0,0,0,0,9.399999999999977,59548.5,5694.2,44162.0
6737,L53916,L,301.7,311.0,1527,42.2,144,0,0,0,0,0,0,9.300000000000011,64439.4,6076.8,44784.0
6738,M21597,M,301.7,311.0,1537,33.5,146,0,0,0,0,0,0,9.300000000000011,51489.5,4891.0,45406.0
6739,H36152,H,301.8,311.1,1463,50.1,149,0,0,0,0,0,0,9.300000000000011,73296.3,7464.900000000001,46353.9
6740,L53919,L,301.7,311.2,1482,43.6,154,0,0,0,0,0,0,9.5,64615.200000000004,6714.400000000001,47924.799999999996
6741,L53920,L,301.8,311.2,1417,55.9,156,0,0,0,0,0,0,9.399999999999977,79210.3,8720.4,48547.2
6742,M21601,M,301.7,311.1,1506,39.5,158,0,0,0,0,0,0,9.400000000000034,59487.0,6241.0,49153.8
6743,H36156,H,301.7,311.2,1639,30.0,161,0,0,0,0,0,0,9.5,49170.0,4830.0,50103.2
6744,L53923,L,301.7,311.2,1418,38.0,166,0,0,0,0,0,0,9.5,53884.0,6308.0,51659.2
6745,M21604,M,301.7,311.0,1298,58.1,168,0,0,0,0,0,0,9.300000000000011,75413.8,9760.800000000001,52248.0
6746,M21605,M,301.8,311.1,1395,44.6,171,0,0,0,0,0,0,9.300000000000011,62217.0,7626.6,53198.100000000006
6747,M21606,M,301.7,311.1,1578,40.5,174,0,0,0,0,0,0,9.400000000000034,63909.0,7047.0,54131.4
6748,M21607,M,301.8,311.1,1597,29.8,177,0,0,0,0,0,0,9.300000000000011,47590.6,5274.6,55064.700000000004
6749,H36162,H,301.7,311.0,2016,19.3,180,0,0,0,0,0,0,9.300000000000011,38908.8,3474.0,55980.0
6750,L53929,L,301.7,311.0,1585,35.9,185,0,0,0,0,0,0,9.300000000000011,56901.5,6641.5,57535.0
6751,M21610,M,301.7,311.0,1505,44.0,187,0,0,0,0,0,0,9.300000000000011,66220.0,8228.0,58157.0
6752,M21611,M,301.7,311.0,1505,37.1,190,0,0,0,0,0,0,9.300000000000011,55835.5,7049.0,59090.0
6753,L53932,L,301.6,310.9,1706,29.5,193,0,0,0,0,0,0,9.299999999999955,50327.0,5693.5,60003.7
6754,L53933,L,301.6,310.9,1385,50.7,195,0,0,0,0,0,0,9.299999999999955,70219.5,9886.5,60625.49999999999
6755,L53934,L,301.8,311.1,1495,36.9,197,0,0,0,0,0,0,9.300000000000011,55165.5,7269.299999999999,61286.700000000004
6756,M21615,M,301.8,311.1,1663,31.6,199,0,0,0,0,0,0,9.300000000000011,52550.8,6288.400000000001,61908.9
6757,L53936,L,301.8,311.2,1840,26.6,202,0,0,0,0,0,0,9.399999999999977,48944.0,5373.200000000001,62862.399999999994
6758,L53937,L,301.8,311.2,1822,26.2,204,0,0,0,0,0,0,9.399999999999977,47736.4,5344.8,63484.799999999996
6759,L53938,L,301.7,311.1,1644,32.8,206,0,0,0,0,0,0,9.400000000000034,53923.2,6756.799999999999,64086.600000000006
6760,L53939,L,301.7,311.0,1441,44.3,208,1,1,0,0,0,0,9.300000000000011,63836.299999999996,9214.4,64688.0
6761,L53940,L,301.5,310.9,1451,40.6,0,0,0,0,0,0,0,9.399999999999977,58910.6,0.0,0.0
6762,L53941,L,301.5,310.9,1400,50.8,2,0,0,0,0,0,0,9.399999999999977,71120.0,101.6,621.8
6763,L53942,L,301.4,310.8,1362,53.2,4,0,0,0,0,0,0,9.400000000000034,72458.40000000001,212.8,1243.2
6764,M21623,M,301.4,310.8,1782,26.5,6,0,0,0,0,0,0,9.400000000000034,47223.0,159.0,1864.8000000000002
6765,L53944,L,301.4,310.9,1536,38.3,9,0,0,0,0,0,0,9.5,58828.799999999996,344.7,2798.1
6766,L53945,L,301.5,310.9,1580,32.3,11,0,0,0,0,0,0,9.399999999999977,51033.99999999999,355.29999999999995,3419.8999999999996
6767,M21626,M,301.4,311.0,1427,43.2,13,0,0,0,0,0,0,9.600000000000023,61646.4,561.6,4043.0
6768,L53947,L,301.3,310.9,1509,41.7,16,0,0,0,0,0,0,9.599999999999966,62925.3,667.2,4974.4
6769,H36182,H,301.3,310.8,1434,39.5,18,0,0,0,0,0,0,9.5,56643.0,711.0,5594.400000000001
6770,L53949,L,301.2,310.8,1392,52.6,23,0,0,0,0,0,0,9.600000000000023,73219.2,1209.8,7148.400000000001
6771,M21630,M,301.3,310.8,1509,40.1,25,0,0,0,0,0,0,9.5,60510.9,1002.5,7770.0
6772,M21631,M,301.2,310.7,1962,22.5,28,0,0,0,0,0,0,9.5,44145.0,630.0,8699.6
6773,L53952,L,301.3,310.7,1536,39.3,31,0,0,0,0,0,0,9.399999999999977,60364.799999999996,1218.3,9631.699999999999
6774,L53953,L,301.3,310.8,1381,47.9,33,0,0,0,0,0,0,9.5,66149.9,1580.7,10256.4
6775,H36188,H,301.2,310.7,1747,27.3,35,0,0,0,0,0,0,9.5,47693.1,955.5,10874.5
6776,L53955,L,301.2,310.6,1670,30.0,40,0,0,0,0,0,0,9.400000000000034,50100.0,1200.0,12424.0
6777,L53956,L,301.3,310.6,1451,47.5,42,0,0,0,0,0,0,9.300000000000011,68922.5,1995.0,13045.2
6778,L53957,L,301.2,310.7,1951,21.3,44,0,0,0,0,0,0,9.5,41556.3,937.2,13670.8
6779,M21638,M,301.3,310.7,1819,25.5,46,0,0,0,0,0,0,9.399999999999977,46384.5,1173.0,14292.199999999999
6780,M21639,M,301.3,310.8,1372,54.2,49,0,0,0,0,0,0,9.5,74362.40000000001,2655.8,15229.2
6781,L53960,L,301.3,310.8,1560,38.5,52,0,0,0,0,0,0,9.5,60060.0,2002.0,16161.6
6782,M21641,M,301.3,310.8,1494,35.3,54,0,0,0,0,0,0,9.5,52738.2,1906.1999999999998,16783.2
6783,L53962,L,301.3,310.8,1531,53.4,57,0,0,0,0,0,0,9.5,81755.4,3043.7999999999997,17715.600000000002
6784,L53963,L,301.3,310.8,1450,46.9,59,0,0,0,0,0,0,9.5,68005.0,2767.1,18337.2
6785,M21644,M,301.3,310.7,1391,52.5,61,0,0,0,0,0,0,9.399999999999977,73027.5,3202.5,18952.7
6786,L53965,L,301.2,310.6,1389,45.3,64,0,0,0,0,0,0,9.400000000000034,62921.7,2899.2,19878.4
6787,L53966,L,301.2,310.6,1409,50.9,66,0,0,0,0,0,0,9.400000000000034,71718.09999999999,3359.4,20499.600000000002
6788,H36201,H,301.1,310.6,1388,58.5,68,0,0,0,0,0,0,9.5,81198.0,3978.0,21120.800000000003
6789,M21648,M,301.1,310.6,1410,43.9,73,0,0,0,0,0,0,9.5,61899.0,3204.7,22673.800000000003
6790,M21649,M,301.1,310.5,1646,30.7,76,0,0,0,0,0,0,9.399999999999977,50532.2,2333.2,23598.0
6791,M21650,M,301.1,310.7,2219,16.7,79,0,0,0,0,0,0,9.599999999999966,37057.299999999996,1319.3,24545.3
6792,L53971,L,301.2,310.7,1551,41.2,82,0,0,0,0,0,0,9.5,63901.200000000004,3378.4,25477.399999999998
6793,L53972,L,301.2,310.6,1811,24.0,84,0,0,0,0,0,0,9.400000000000034,43464.0,2016.0,26090.4
6794,L53973,L,301.3,310.7,1608,31.4,86,0,0,0,0,0,0,9.399999999999977,50491.2,2700.4,26720.2
6795,L53974,L,301.3,310.8,1428,55.2,88,0,0,0,0,0,0,9.5,78825.6,4857.6,27350.4
6796,L53975,L,301.4,310.8,1477,50.4,90,0,0,0,0,0,0,9.400000000000034,74440.8,4536.0,27972.0
6797,M21656,M,301.3,310.7,1300,58.3,92,0,0,0,0,0,0,9.399999999999977,75790.0,5363.599999999999,28584.399999999998
6798,M21657,M,301.2,310.7,1615,34.9,95,0,0,0,0,0,0,9.5,56363.5,3315.5,29516.5
6799,L53978,L,301.2,310.7,1676,32.4,98,0,0,0,0,0,0,9.5,54302.399999999994,3175.2,30448.6
6800,M21659,M,301.1,310.7,2636,12.2,100,1,0,0,1,0,0,9.599999999999966,32159.199999999997,1220.0,31070.0
6801,M21660,M,301.1,310.6,1310,48.8,103,0,0,0,0,0,0,9.5,63927.99999999999,5026.4,31991.800000000003
6802,L53981,L,301.1,310.7,1334,48.2,106,0,0,0,0,0,0,9.599999999999966,64298.8,5109.200000000001,32934.2
6803,M21662,M,301.1,310.7,1621,31.0,108,0,0,0,0,0,0,9.599999999999966,50251.0,3348.0,33555.6
6804,M21663,M,301.1,310.7,1367,43.4,111,0,0,0,0,0,0,9.599999999999966,59327.799999999996,4817.4,34487.7
6805,L53984,L,301.0,310.6,1588,33.7,114,0,0,0,0,0,0,9.600000000000023,53515.600000000006,3841.8,35408.4
6806,M21665,M,301.0,310.7,1497,37.6,116,0,0,0,0,0,0,9.699999999999989,56287.200000000004,4361.6,36041.2
6807,L53986,L,301.1,310.8,1608,32.9,119,0,0,0,0,0,0,9.699999999999989,52903.2,3915.1,36985.200000000004
6808,L53987,L,301.0,310.8,1549,41.4,121,0,0,0,0,0,0,9.800000000000011,64128.6,5009.4,37606.8
6809,L53988,L,301.0,310.7,1391,45.0,123,0,0,0,0,0,0,9.699999999999989,62595.0,5535.0,38216.1
6810,L53989,L,300.9,310.8,1490,38.1,125,0,0,0,0,0,0,9.900000000000034,56769.0,4762.5,38850.0
6811,L53990,L,301.0,310.7,1727,34.5,127,0,0,0,0,0,0,9.699999999999989,59581.5,4381.5,39458.9
6812,L53991,L,300.9,310.6,1504,46.4,129,0,0,0,0,0,0,9.700000000000045,69785.59999999999,5985.599999999999,40067.4
6813,L53992,L,300.9,310.6,1350,53.8,131,0,0,0,0,0,0,9.700000000000045,72630.0,7047.799999999999,40688.600000000006
6814,M21673,M,300.9,310.7,1420,43.0,133,0,0,0,0,0,0,9.800000000000011,61060.0,5719.0,41323.1
6815,H36228,H,300.8,310.6,1465,44.1,136,0,0,0,0,0,0,9.800000000000011,64606.5,5997.6,42241.600000000006
6816,L53995,L,300.9,310.7,1427,44.1,141,0,0,0,0,0,0,9.800000000000011,62930.700000000004,6218.1,43808.7
6817,L53996,L,300.9,310.7,1477,43.2,143,0,0,0,0,0,0,9.800000000000011,63806.4,6177.6,44430.1
6818,M21677,M,301.0,310.7,1493,48.1,145,0,0,0,0,0,0,9.699999999999989,71813.3,6974.5,45051.5
6819,M21678,M,301.0,310.7,1657,29.9,148,0,0,0,0,0,0,9.699999999999989,49544.299999999996,4425.2,45983.6
6820,L53999,L,300.9,310.7,1359,46.0,151,0,0,0,0,0,0,9.800000000000011,62514.0,6946.0,46915.7
6821,L54000,L,300.8,310.6,1551,34.5,153,0,0,0,0,0,0,9.800000000000011,53509.5,5278.5,47521.8
6822,M21681,M,300.8,310.6,1545,37.5,155,0,0,0,0,0,0,9.800000000000011,57937.5,5812.5,48143.0
6823,M21682,M,300.9,310.6,1709,29.2,158,0,0,0,0,0,0,9.700000000000045,49902.799999999996,4613.599999999999,49074.8
6824,M21683,M,300.9,310.7,1268,56.3,161,0,0,0,0,0,0,9.800000000000011,71388.4,9064.3,50022.7
6825,L54004,L,300.9,310.7,1740,25.3,164,0,0,0,0,0,0,9.800000000000011,44022.0,4149.2,50954.799999999996
6826,L54005,L,301.0,310.9,1828,25.1,166,0,0,0,0,0,0,9.899999999999977,45882.8,4166.6,51609.399999999994
6827,L54006,L,301.0,310.9,1822,21.6,168,0,0,0,0,0,0,9.899999999999977,39355.200000000004,3628.8,52231.2
6828,M21687,M,301.0,310.9,1515,41.8,170,0,0,0,0,0,0,9.899999999999977,63326.99999999999,7105.999999999999,52852.99999999999
6829,L54008,L,301.0,310.9,1392,52.9,173,0,0,0,0,0,0,9.899999999999977,73636.8,9151.699999999999,53785.7
6830,H36243,H,300.9,310.9,1474,35.7,175,0,0,0,0,0,0,10.0,52621.8,6247.500000000001,54407.49999999999
6831,M21690,M,301.0,310.9,1359,53.4,180,0,0,0,0,0,0,9.899999999999977,72570.59999999999,9612.0,55961.99999999999
6832,L54011,L,301.1,311.0,1565,52.3,183,0,0,0,0,0,0,9.899999999999977,81849.5,9570.9,56913.0
6833,M21692,M,301.1,311.1,1384,42.5,185,0,0,0,0,0,0,10.0,58820.0,7862.5,57553.50000000001
6834,L54013,L,301.1,311.1,1387,53.1,188,0,0,0,0,0,0,10.0,73649.7,9982.800000000001,58486.8
6835,L54014,L,301.1,311.0,1378,51.1,190,0,0,0,0,0,0,9.899999999999977,70415.8,9709.0,59090.0
6836,L54015,L,301.0,310.9,1809,25.7,192,0,0,0,0,0,0,9.899999999999977,46491.299999999996,4934.4,59692.799999999996
6837,H36250,H,301.1,311.0,1339,52.8,194,0,0,0,0,0,0,9.899999999999977,70699.2,10243.199999999999,60334.0
6838,M21697,M,301.0,311.0,1423,38.6,199,0,0,0,0,0,0,10.0,54927.8,7681.400000000001,61889.0
6839,L54018,L,301.1,311.1,1570,41.6,202,0,0,0,0,0,0,10.0,65312.0,8403.2,62842.200000000004
6840,L54019,L,301.2,311.2,1558,34.1,204,0,0,0,0,0,0,10.0,53127.8,6956.400000000001,63484.799999999996
6841,L54020,L,301.1,311.1,1799,21.7,206,0,0,0,0,0,0,10.0,39038.299999999996,4470.2,64086.600000000006
6842,M21701,M,301.1,311.2,1591,35.0,208,0,0,0,0,0,0,10.099999999999966,55685.0,7280.0,64729.6
6843,L54022,L,301.2,311.2,1635,29.6,211,0,0,0,0,0,0,10.0,48396.0,6245.6,65663.2
6844,L54023,L,301.3,311.3,1509,42.5,213,0,0,0,0,0,0,10.0,64132.5,9052.5,66306.90000000001
6845,M21704,M,301.3,311.4,1838,23.2,215,0,0,0,0,0,0,10.099999999999966,42641.6,4988.0,66951.0
6846,M21705,M,301.3,311.5,1648,32.4,0,0,0,0,0,0,0,10.199999999999989,53395.2,0.0,0.0
6847,M21706,M,301.2,311.5,1498,49.5,3,0,0,0,0,0,0,10.300000000000011,74151.0,148.5,934.5
6848,L54027,L,301.2,311.4,1757,28.0,6,0,0,0,0,0,0,10.199999999999989,49196.0,168.0,1868.3999999999999
6849,M21708,M,301.1,311.3,1389,53.3,8,0,0,0,0,0,0,10.199999999999989,74033.7,426.4,2490.4
6850,L54029,L,301.1,311.3,1498,37.6,11,0,0,0,0,0,0,10.199999999999989,56324.8,413.6,3424.3
6851,M21710,M,301.0,311.2,1521,35.8,13,0,0,0,0,0,0,10.199999999999989,54451.799999999996,465.4,4045.6
6852,M21711,M,301.0,311.2,1394,41.3,16,0,0,0,0,0,0,10.199999999999989,57572.2,660.8,4979.2
6853,H36266,H,301.0,311.2,1602,32.7,19,0,0,0,0,0,0,10.199999999999989,52385.4,621.3000000000001,5912.8
6854,L54033,L,300.9,311.1,1417,40.7,24,0,0,0,0,0,0,10.200000000000045,57671.9,976.8000000000001,7466.400000000001
6855,L54034,L,301.0,311.2,1511,42.9,26,0,0,0,0,0,0,10.199999999999989,64821.9,1115.3999999999999,8091.2
6856,M21715,M,301.1,311.3,1654,30.7,28,0,0,0,0,0,0,10.199999999999989,50777.799999999996,859.6,8716.4
6857,M21716,M,301.1,311.3,1836,22.8,31,0,0,0,0,0,0,10.199999999999989,41860.8,706.8000000000001,9650.300000000001
6858,L54037,L,301.1,311.3,1622,35.6,34,0,0,0,0,0,0,10.199999999999989,57743.200000000004,1210.4,10584.2
6859,L54038,L,301.0,311.2,1467,45.4,36,0,0,0,0,0,0,10.199999999999989,66601.8,1634.3999999999999,11203.199999999999
6860,M21719,M,301.1,311.3,1909,22.7,38,0,0,0,0,0,0,10.199999999999989,43334.299999999996,862.6,11829.4
6861,L54040,L,301.1,311.2,1910,20.2,41,0,0,0,0,0,0,10.099999999999966,38582.0,828.1999999999999,12759.199999999999
6862,H36275,H,301.1,311.3,2207,16.6,43,0,0,0,0,0,0,10.199999999999989,36636.200000000004,713.8000000000001,13385.9
6863,M21722,M,301.1,311.2,1384,49.4,48,0,0,0,0,0,0,10.099999999999966,68369.59999999999,2371.2,14937.599999999999
6864,L54043,L,301.1,311.3,1630,29.5,51,0,0,0,0,0,0,10.199999999999989,48085.0,1504.5,15876.300000000001
6865,L54044,L,301.1,311.3,1268,60.0,53,0,0,0,0,0,0,10.199999999999989,76080.0,3180.0,16498.9
6866,L54045,L,301.1,311.4,1531,38.7,55,0,0,0,0,0,0,10.299999999999955,59249.700000000004,2128.5,17127.0
6867,M21726,M,301.0,311.3,1454,41.5,57,0,0,0,0,0,0,10.300000000000011,60341.0,2365.5,17744.100000000002
6868,L54047,L,301.0,311.3,1342,50.9,60,0,0,0,0,0,0,10.300000000000011,68307.8,3054.0,18678.0
6869,L54048,L,301.0,311.2,1363,46.3,62,0,0,0,0,0,0,10.199999999999989,63106.899999999994,2870.6,19294.399999999998
6870,L54049,L,301.0,311.2,1412,42.1,64,0,0,0,0,0,0,10.199999999999989,59445.200000000004,2694.4,19916.8
6871,H36284,H,301.0,311.3,1597,39.2,66,0,0,0,0,0,0,10.300000000000011,62602.4,2587.2000000000003,20545.8
6872,L54051,L,301.0,311.3,1349,47.0,71,0,0,0,0,0,0,10.300000000000011,63403.0,3337.0,22102.3
6873,L54052,L,301.0,311.3,1472,35.3,73,0,0,0,0,0,0,10.300000000000011,51961.6,2576.8999999999996,22724.9
6874,L54053,L,301.0,311.4,1478,39.5,75,0,0,0,0,0,0,10.399999999999977,58381.0,2962.5,23355.0
6875,H36288,H,300.9,311.3,1295,58.9,77,0,0,0,0,0,0,10.400000000000034,76275.5,4535.3,23970.100000000002
6876,M21735,M,300.8,311.2,1592,32.9,82,0,0,0,0,0,0,10.399999999999977,52376.799999999996,2697.7999999999997,25518.399999999998
6877,L54056,L,300.8,311.2,1430,54.4,85,0,0,0,0,0,0,10.399999999999977,77792.0,4624.0,26452.0
6878,M21737,M,300.8,311.2,1488,40.1,87,0,0,0,0,0,0,10.399999999999977,59668.8,3488.7000000000003,27074.399999999998
6879,H36292,H,300.9,311.2,1518,35.0,90,0,0,0,0,0,0,10.300000000000011,53130.0,3150.0,28008.0
6880,H36293,H,300.8,311.2,2237,17.0,95,0,0,0,0,0,0,10.399999999999977,38029.0,1615.0,29564.0
6881,M21740,M,300.9,311.3,1801,24.6,100,0,0,0,0,0,0,10.400000000000034,44304.600000000006,2460.0,31130.0
6882,L54061,L,301.0,311.4,1573,37.6,103,0,0,0,0,0,0,10.399999999999977,59144.8,3872.8,32074.199999999997
6883,L54062,L,300.9,311.4,2073,21.4,105,0,0,0,0,0,0,10.5,44362.2,2247.0,32696.999999999996
6884,L54063,L,300.9,311.3,1953,19.4,107,0,0,0,0,0,0,10.400000000000034,37888.2,2075.7999999999997,33309.1
6885,L54064,L,300.8,311.2,1492,39.0,109,0,0,0,0,0,0,10.399999999999977,58188.0,4251.0,33920.799999999996
6886,L54065,L,300.8,311.2,1397,48.7,111,0,0,0,0,0,0,10.399999999999977,68033.90000000001,5405.700000000001,34543.2
6887,M21746,M,300.8,311.3,1465,43.2,113,0,0,0,0,0,0,10.5,63288.00000000001,4881.6,35176.9
6888,L54067,L,300.8,311.3,1782,26.9,116,0,0,0,0,0,0,10.5,47935.799999999996,3120.3999999999996,36110.8
6889,M21748,M,300.9,311.4,1434,45.4,118,0,0,0,0,0,0,10.5,65103.6,5357.2,36745.2
6890,H36303,H,300.9,311.4,1387,42.7,121,0,0,0,0,0,0,10.5,59224.9,5166.700000000001,37679.399999999994
6891,M21750,M,300.9,311.4,1532,41.5,126,0,0,0,0,0,0,10.5,63578.0,5229.0,39236.399999999994
6892,L54071,L,300.9,311.5,1505,41.1,129,0,0,0,0,0,0,10.600000000000023,61855.5,5301.900000000001,40183.5
6893,L54072,L,301.0,311.6,1440,43.3,131,0,0,0,0,0,0,10.600000000000023,62351.99999999999,5672.299999999999,40819.600000000006
6894,L54073,L,301.0,311.6,1470,43.4,133,0,0,0,0,0,0,10.600000000000023,63798.0,5772.2,41442.8
6895,L54074,L,301.1,311.7,1408,46.3,135,0,0,0,0,0,0,10.599999999999966,65190.399999999994,6250.5,42079.5
6896,M21755,M,301.0,311.6,1357,45.6,137,0,0,0,0,0,0,10.600000000000023,61879.200000000004,6247.2,42689.200000000004
6897,M21756,M,301.0,311.6,1454,40.0,140,0,0,0,0,0,0,10.600000000000023,58160.0,5600.0,43624.0
6898,L54077,L,301.0,311.6,1352,63.5,143,0,0,0,0,0,0,10.600000000000023,85852.0,9080.5,44558.8
6899,M21758,M,301.0,311.6,1448,43.9,145,0,0,0,0,0,0,10.600000000000023,63567.2,6365.5,45182.0
6900,L54079,L,300.9,311.6,1671,33.5,148,0,0,0,0,0,0,10.700000000000045,55978.5,4958.0,46116.8
6901,L54080,L,301.0,311.7,1670,31.3,150,0,0,0,0,0,0,10.699999999999989,52271.0,4695.0,46755.0
6902,L54081,L,301.0,311.7,1547,34.5,152,0,0,0,0,0,0,10.699999999999989,53371.5,5244.0,47378.4
6903,L54082,L,301.0,311.6,1461,40.6,154,0,0,0,0,0,0,10.600000000000023,59316.6,6252.400000000001,47986.4
6904,M21763,M,301.0,311.6,1609,35.8,156,0,0,0,0,0,0,10.600000000000023,57602.2,5584.799999999999,48609.600000000006
6905,M21764,M,300.9,311.5,1704,31.3,159,0,0,0,0,0,0,10.600000000000023,53335.200000000004,4976.7,49528.5
6906,M21765,M,301.0,311.5,1550,34.9,162,0,0,0,0,0,0,10.5,54095.0,5653.8,50463.0
6907,M21766,M,301.0,311.5,1530,43.9,165,0,0,0,0,0,0,10.5,67167.0,7243.5,51397.5
6908,L54087,L,300.9,311.3,1449,40.2,168,0,0,0,0,0,0,10.400000000000034,58249.8,6753.6,52298.4
6909,L54088,L,300.9,311.3,1613,32.7,170,0,0,0,0,0,0,10.400000000000034,52745.100000000006,5559.000000000001,52921.0
6910,L54089,L,300.8,311.2,1376,48.1,172,0,0,0,0,0,0,10.399999999999977,66185.6,8273.2,53526.4
6911,L54090,L,300.8,311.2,1434,45.6,174,0,0,0,0,0,0,10.399999999999977,65390.4,7934.400000000001,54148.799999999996
6912,L54091,L,300.8,311.1,1480,41.1,176,0,0,0,0,0,0,10.300000000000011,60828.0,7233.6,54753.600000000006
6913,M21772,M,300.8,311.2,1634,31.9,178,0,0,0,0,0,0,10.399999999999977,52124.6,5678.2,55393.6
6914,L54093,L,300.8,311.2,1481,38.5,181,0,0,0,0,0,1,10.399999999999977,57018.5,6968.5,56327.2
6915,H36328,H,300.9,311.3,1668,28.9,183,0,0,0,0,0,0,10.400000000000034,48205.2,5288.7,56967.9
6916,L54095,L,301.0,311.4,1484,36.2,188,0,0,0,0,0,0,10.399999999999977,53720.8,6805.6,58543.2
6917,M21776,M,300.9,311.3,1603,31.8,190,0,0,0,0,0,0,10.400000000000034,50975.4,6042.0,59147.0
6918,L54097,L,301.0,311.4,1481,37.5,193,0,0,0,0,0,0,10.399999999999977,55537.5,7237.5,60100.2
6919,L54098,L,301.0,311.5,1559,31.8,195,0,0,0,0,0,0,10.5,49576.200000000004,6201.0,60742.5
6920,L54099,L,301.0,311.5,1444,39.8,197,0,0,0,0,0,0,10.5,57471.2,7840.599999999999,61365.5
6921,M21780,M,301.2,311.6,1423,48.0,199,0,0,0,0,0,0,10.400000000000034,68304.0,9552.0,62008.4
6922,L54101,L,301.1,311.6,1432,48.1,202,0,0,0,0,0,0,10.5,68879.2,9716.2,62943.200000000004
6923,L54102,L,301.2,311.7,1463,48.3,204,0,0,0,0,0,0,10.5,70662.9,9853.199999999999,63586.799999999996
6924,L54103,L,301.2,311.7,1433,49.3,206,0,0,0,0,0,0,10.5,70646.9,10155.8,64210.2
6925,L54104,L,301.2,311.6,1461,52.9,208,1,0,0,0,1,0,10.400000000000034,77286.9,11003.199999999999,64812.8
6926,M21785,M,301.1,311.6,1266,55.5,210,0,0,0,0,0,0,10.5,70263.0,11655.0,65436.00000000001
6927,H36340,H,301.1,311.6,1417,53.4,0,0,0,0,0,0,0,10.5,75667.8,0.0,0.0
6928,L54107,L,301.1,311.6,1488,43.4,5,0,0,0,0,0,0,10.5,64579.2,217.0,1558.0
6929,L54108,L,301.1,311.7,1816,24.5,7,0,0,0,0,0,0,10.599999999999966,44492.0,171.5,2181.9
6930,M21789,M,301.0,311.6,1301,55.0,9,0,0,0,0,0,0,10.600000000000023,71555.0,495.0,2804.4
6931,M21790,M,300.9,311.5,1836,21.8,12,0,0,0,0,0,0,10.600000000000023,40024.8,261.6,3738.0
6932,M21791,M,300.8,311.4,1521,39.9,15,0,0,0,0,0,0,10.599999999999966,60687.9,598.5,4671.0
6933,L54112,L,300.8,311.4,1322,67.2,18,1,0,0,1,0,0,10.599999999999966,88838.40000000001,1209.6000000000001,5605.2
6934,L54113,L,300.8,311.4,1492,40.6,20,0,0,0,0,0,0,10.599999999999966,60575.200000000004,812.0,6228.0
6935,L54114,L,300.8,311.4,1536,40.9,22,0,0,0,0,0,0,10.599999999999966,62822.399999999994,899.8,6850.799999999999
6936,L54115,L,300.7,311.2,1878,24.3,24,0,0,0,0,0,0,10.5,45635.4,583.2,7468.799999999999
6937,L54116,L,300.6,311.1,1471,40.7,26,0,0,0,0,0,0,10.5,59869.700000000004,1058.2,8088.6
6938,H36351,H,300.6,311.1,1452,40.2,28,0,0,0,0,0,0,10.5,58370.4,1125.6000000000001,8710.800000000001
6939,L54118,L,300.7,311.2,1452,44.4,33,0,0,0,0,0,0,10.5,64468.799999999996,1465.2,10269.6
6940,M21799,M,300.7,311.3,1348,53.0,35,0,0,0,0,0,0,10.600000000000023,71444.0,1855.0,10895.5
6941,H36354,H,300.8,311.4,1453,44.6,38,0,0,0,0,0,0,10.599999999999966,64803.8,1694.8,11833.199999999999
6942,L54121,L,300.8,311.4,1316,57.6,43,0,0,0,0,0,0,10.599999999999966,75801.6,2476.8,13390.199999999999
6943,M21802,M,300.8,311.4,1732,26.9,45,0,0,0,0,0,0,10.599999999999966,46590.799999999996,1210.5,14012.999999999998
6944,L54123,L,300.7,311.3,1522,35.2,48,0,0,0,0,0,0,10.600000000000023,53574.4,1689.6000000000001,14942.400000000001
6945,M21804,M,300.7,311.3,1487,39.8,50,0,0,0,0,0,0,10.600000000000023,59182.6,1989.9999999999998,15565.0
6946,M21805,M,300.8,311.4,1852,22.2,53,0,0,0,0,0,0,10.599999999999966,41114.4,1176.6,16504.199999999997
6947,L54126,L,300.7,311.2,1486,46.8,56,0,0,0,0,0,0,10.5,69544.8,2620.7999999999997,17427.2
6948,M21807,M,300.7,311.3,1562,37.1,58,0,0,0,0,0,0,10.600000000000023,57950.200000000004,2151.8,18055.4
6949,L54128,L,300.7,311.2,1457,51.4,61,0,0,0,0,0,0,10.5,74889.8,3135.4,18983.2
6950,M21809,M,300.7,311.2,1769,26.5,63,0,0,0,0,0,0,10.5,46878.5,1669.5,19605.6
6951,H36364,H,300.7,311.3,1374,53.1,66,0,0,0,0,0,0,10.600000000000023,72959.40000000001,3504.6,20545.8
6952,L54131,L,300.8,311.3,1524,43.5,71,0,0,0,0,0,0,10.5,66294.0,3088.5,22102.3
6953,L54132,L,300.8,311.3,1498,40.2,73,0,0,0,0,0,0,10.5,60219.600000000006,2934.6000000000004,22724.9
6954,L54133,L,300.8,311.3,1462,41.4,75,0,0,0,0,0,0,10.5,60526.799999999996,3105.0,23347.5
6955,M21814,M,300.8,311.2,1429,52.3,77,0,0,0,0,0,0,10.399999999999977,74736.7,4027.1,23962.399999999998
6956,L54135,L,300.7,311.2,1399,47.9,80,0,0,0,0,0,0,10.5,67012.09999999999,3832.0,24896.0
6957,M21816,M,300.8,311.2,1434,39.1,82,0,0,0,0,0,0,10.399999999999977,56069.4,3206.2000000000003,25518.399999999998
6958,L54137,L,300.7,311.1,1324,52.2,85,0,0,0,0,0,0,10.400000000000034,69112.8,4437.0,26443.500000000004
6959,L54138,L,300.6,311.0,1563,40.7,87,0,0,0,0,0,0,10.399999999999977,63614.100000000006,3540.9,27057.0
6960,L54139,L,300.6,311.0,1543,34.7,89,0,0,0,0,0,0,10.399999999999977,53542.100000000006,3088.3,27679.0
6961,L54140,L,300.7,311.0,1413,52.0,91,0,0,0,0,0,1,10.300000000000011,73476.0,4732.0,28301.0
6962,M21821,M,300.7,311.0,1378,41.2,93,0,0,0,0,0,0,10.300000000000011,56773.600000000006,3831.6000000000004,28923.0
6963,M21822,M,300.7,311.1,1373,49.9,96,0,0,0,0,0,0,10.400000000000034,68512.7,4790.4,29865.600000000002
6964,H36377,H,300.7,311.0,1981,19.9,99,0,0,0,0,0,0,10.300000000000011,39421.899999999994,1970.1,30789.0
6965,M21824,M,300.7,311.0,1263,52.3,104,0,0,0,0,0,0,10.300000000000011,66054.9,5439.2,32344.0
6966,L54145,L,300.7,311.0,1312,52.1,107,0,0,0,0,0,0,10.300000000000011,68355.2,5574.7,33277.0
6967,L54146,L,300.7,311.0,1969,20.7,109,0,0,0,0,0,0,10.300000000000011,40758.299999999996,2256.2999999999997,33899.0
6968,M21827,M,300.8,311.2,1365,51.7,111,0,0,0,0,0,0,10.399999999999977,70570.5,5738.700000000001,34543.2
6969,L54148,L,300.9,311.2,1789,25.5,114,0,0,0,0,0,0,10.300000000000011,45619.5,2907.0,35476.799999999996
6970,M21829,M,300.8,311.1,1583,32.1,116,0,0,0,0,0,0,10.300000000000011,50814.3,3723.6000000000004,36087.600000000006
6971,L54150,L,300.7,311.0,1436,44.9,119,0,0,0,0,0,0,10.300000000000011,64476.4,5343.099999999999,37009.0
6972,M21831,M,300.7,311.0,1559,42.8,121,0,0,0,0,0,0,10.300000000000011,66725.2,5178.799999999999,37631.0
6973,L54152,L,300.7,311.0,1377,49.9,124,0,0,0,0,0,0,10.300000000000011,68712.3,6187.599999999999,38564.0
6974,L54153,L,300.7,311.0,1462,41.9,126,0,0,0,0,0,0,10.300000000000011,61257.799999999996,5279.4,39186.0
6975,L54154,L,300.7,311.0,1318,48.2,128,0,0,0,0,0,0,10.300000000000011,63527.600000000006,6169.6,39808.0
6976,M21835,M,300.7,311.0,1378,51.6,130,0,0,0,0,0,0,10.300000000000011,71104.8,6708.0,40430.0
6977,L54156,L,300.6,310.9,1344,46.7,133,0,0,0,0,0,0,10.299999999999955,62764.8,6211.1,41349.7
6978,L54157,L,300.7,311.1,2377,14.3,135,0,0,0,0,0,0,10.400000000000034,33991.1,1930.5,41998.5
6979,L54158,L,300.7,311.1,1427,50.3,137,0,0,0,0,0,0,10.400000000000034,71778.09999999999,6891.099999999999,42620.700000000004
6980,L54159,L,300.9,311.2,1353,60.4,139,0,0,0,0,0,0,10.300000000000011,81721.2,8395.6,43256.799999999996
6981,L54160,L,300.8,311.3,1505,45.5,141,0,0,0,0,0,0,10.5,68477.5,6415.5,43893.3
6982,H36395,H,300.8,311.2,1612,32.5,143,0,0,0,0,0,0,10.399999999999977,52390.0,4647.5,44501.6
6983,L54162,L,300.7,311.1,1440,43.0,148,0,0,0,0,0,0,10.400000000000034,61920.0,6364.0,46042.8
6984,M21843,M,300.7,311.0,1334,53.9,150,0,0,0,0,0,0,10.300000000000011,71902.59999999999,8085.0,46650.0
6985,M21844,M,300.7,311.0,1706,25.0,153,0,0,0,0,0,0,10.300000000000011,42650.0,3825.0,47583.0
6986,H36399,H,300.8,311.1,1698,24.8,156,0,0,0,0,0,0,10.300000000000011,42110.4,3868.8,48531.600000000006
6987,L54166,L,300.7,311.1,1688,30.7,161,0,0,0,0,0,0,10.400000000000034,51821.6,4942.7,50087.100000000006
6988,L54167,L,300.7,311.1,2437,13.8,163,0,0,0,0,0,0,10.400000000000034,33630.6,2249.4,50709.3
6989,L54168,L,300.7,311.1,1478,46.8,165,0,0,0,0,0,0,10.400000000000034,69170.4,7721.999999999999,51331.50000000001
6990,M21849,M,300.7,311.1,1608,35.3,167,0,0,0,0,0,0,10.400000000000034,56762.399999999994,5895.099999999999,51953.700000000004
6991,L54170,L,300.7,311.1,2478,13.4,170,1,0,0,1,0,0,10.400000000000034,33205.200000000004,2278.0,52887.00000000001
6992,L54171,L,300.8,311.1,1509,33.4,172,0,0,0,0,0,0,10.300000000000011,50400.6,5744.8,53509.200000000004
6993,L54172,L,300.7,311.0,1596,36.9,174,0,0,0,0,0,0,10.300000000000011,58892.399999999994,6420.599999999999,54114.0
6994,M21853,M,300.7,311.0,1740,25.6,176,0,0,0,0,0,0,10.300000000000011,44544.0,4505.6,54736.0
6995,L54174,L,300.6,310.8,1375,53.2,179,0,0,0,0,0,0,10.199999999999989,73150.0,9522.800000000001,55633.200000000004
6996,M21855,M,300.6,310.7,1705,31.2,181,0,0,0,0,0,0,10.099999999999966,53196.0,5647.2,56236.7
6997,M21856,M,300.5,310.6,1621,32.0,184,0,0,0,0,0,0,10.100000000000023,51872.0,5888.0,57150.4
6998,M21857,M,300.6,310.7,1566,38.2,187,0,0,0,0,0,0,10.099999999999966,59821.200000000004,7143.400000000001,58100.9
6999,M21858,M,300.6,310.7,1388,42.9,190,0,0,0,0,0,0,10.099999999999966,59545.2,8151.0,59033.0
7000,M21859,M,300.6,310.7,1457,36.7,193,0,0,0,0,0,0,10.099999999999966,53471.9,7083.1,59965.1
7001,M21860,M,300.6,310.6,1463,45.5,196,0,0,0,0,0,0,10.0,66566.5,8918.0,60877.600000000006
7002,L54181,L,300.5,310.5,1564,38.2,199,0,0,0,0,0,0,10.0,59744.8,7601.8,61789.5
7003,H36416,H,300.5,310.6,1411,47.2,201,0,0,0,0,0,0,10.100000000000023,66599.2,9487.2,62430.600000000006
7004,L54183,L,300.5,310.6,1540,46.7,206,0,0,0,0,0,0,10.100000000000023,71918.0,9620.2,63983.600000000006
7005,L54184,L,300.5,310.6,1950,20.3,208,0,0,0,0,0,0,10.100000000000023,39585.0,4222.400000000001,64604.8
7006,M21865,M,300.6,310.7,1339,52.9,0,0,0,0,0,0,0,10.099999999999966,70833.09999999999,0.0,0.0
7007,H36420,H,300.6,310.6,1419,39.6,3,0,0,0,0,0,0,10.0,56192.4,118.80000000000001,931.8000000000001
7008,L54187,L,300.5,310.6,1499,45.2,8,0,0,0,0,0,0,10.100000000000023,67754.8,361.6,2484.8
7009,L54188,L,300.5,310.6,1368,49.6,10,0,0,0,0,0,0,10.100000000000023,67852.8,496.0,3106.0
7010,L54189,L,300.5,310.5,1536,36.2,12,0,0,0,0,0,0,10.0,55603.200000000004,434.40000000000003,3726.0
7011,M21870,M,300.5,310.5,1469,42.9,14,0,0,0,0,0,0,10.0,63020.1,600.6,4347.0
7012,L54191,L,300.5,310.5,2633,12.2,17,1,0,0,1,0,0,10.0,32122.6,207.39999999999998,5278.5
7013,L54192,L,300.4,310.4,1298,61.4,19,0,0,0,0,0,0,10.0,79697.2,1166.6,5897.599999999999
7014,M21873,M,300.4,310.4,1544,36.3,21,0,0,0,0,0,0,10.0,56047.2,762.3,6518.4
7015,H36428,H,300.5,310.5,1403,47.7,24,0,0,0,0,0,0,10.0,66923.1,1144.8000000000002,7452.0
7016,L54195,L,300.5,310.5,1452,42.9,29,0,0,0,0,0,0,10.0,62290.799999999996,1244.1,9004.5
7017,L54196,L,300.6,310.5,1509,43.1,31,0,0,0,0,0,0,9.899999999999977,65037.9,1336.1000000000001,9625.5
7018,M21877,M,300.7,310.6,1474,37.0,33,0,0,0,0,0,0,9.900000000000034,54538.0,1221.0,10249.800000000001
7019,M21878,M,300.7,310.7,1377,46.7,36,0,0,0,0,0,0,10.0,64305.9,1681.2,11185.199999999999
7020,L54199,L,300.8,310.8,1741,27.1,39,0,0,0,0,0,0,10.0,47181.100000000006,1056.9,12121.2
7021,L54200,L,300.8,310.8,1460,53.8,41,0,0,0,0,0,0,10.0,78548.0,2205.7999999999997,12742.800000000001
7022,H36435,H,300.7,310.6,1631,32.6,43,0,0,0,0,0,0,9.900000000000034,53170.600000000006,1401.8,13355.800000000001
7023,L54202,L,300.7,310.5,1561,33.2,48,0,0,0,0,0,0,9.800000000000011,51825.200000000004,1593.6000000000001,14904.0
7024,M21883,M,300.7,310.6,1572,38.5,50,0,0,0,0,0,0,9.900000000000034,60522.0,1925.0,15530.000000000002
7025,L54204,L,300.6,310.6,2127,18.7,53,0,0,0,0,0,0,10.0,39774.9,991.0999999999999,16461.800000000003
7026,H36439,H,300.6,310.6,1448,44.7,55,0,0,0,0,0,0,10.0,64725.600000000006,2458.5,17083.0
7027,L54206,L,300.6,310.7,1543,39.6,60,0,0,0,0,0,0,10.099999999999966,61102.8,2376.0,18642.0
7028,L54207,L,300.6,310.6,1508,34.8,62,0,0,0,0,0,0,10.0,52478.399999999994,2157.6,19257.2
7029,M21888,M,300.6,310.6,1403,50.4,64,0,0,0,0,0,0,10.0,70711.2,3225.6,19878.4
7030,L54209,L,300.6,310.6,1454,39.7,67,0,0,0,0,0,0,10.0,57723.8,2659.9,20810.2
7031,L54210,L,300.7,310.8,1772,27.3,69,0,0,0,0,0,0,10.100000000000023,48375.6,1883.7,21445.2
7032,L54211,L,300.7,310.8,1479,49.1,71,0,0,0,0,0,0,10.100000000000023,72618.90000000001,3486.1,22066.8
7033,L54212,L,300.7,310.9,1723,31.0,73,0,0,0,0,0,0,10.199999999999989,53413.0,2263.0,22695.699999999997
7034,M21893,M,300.7,310.8,1469,46.4,75,0,0,0,0,0,0,10.100000000000023,68161.59999999999,3480.0,23310.0
7035,H36448,H,300.6,310.6,1830,26.2,78,0,0,0,0,0,0,10.0,47946.0,2043.6,24226.800000000003
7036,L54215,L,300.6,310.6,1497,38.2,83,0,0,0,0,0,0,10.0,57185.4,3170.6000000000004,25779.800000000003
7037,L54216,L,300.7,310.6,1540,52.7,85,0,0,0,0,0,0,9.900000000000034,81158.0,4479.5,26401.000000000004
7038,L54217,L,300.6,310.6,1514,39.5,87,0,0,0,0,0,0,10.0,59803.0,3436.5,27022.2
7039,L54218,L,300.7,310.6,1654,34.2,89,0,0,0,0,0,0,9.900000000000034,56566.8,3043.8,27643.4
7040,H36453,H,300.6,310.5,1519,37.0,91,0,0,0,0,0,0,9.899999999999977,56203.0,3367.0,28255.5
7041,L54220,L,300.7,310.6,1720,30.3,96,0,0,0,0,0,0,9.900000000000034,52116.0,2908.8,29817.600000000002
7042,L54221,L,300.6,310.5,1470,37.7,98,0,0,0,0,0,0,9.899999999999977,55419.00000000001,3694.6000000000004,30429.0
7043,L54222,L,300.6,310.5,1642,29.9,100,0,0,0,0,0,0,9.899999999999977,49095.799999999996,2990.0,31050.0
7044,M21903,M,300.7,310.6,2006,19.1,102,0,0,0,0,0,0,9.900000000000034,38314.600000000006,1948.2,31681.2
7045,M21904,M,300.7,310.6,1505,35.6,105,0,0,0,0,0,0,9.900000000000034,53578.0,3738.0,32613.000000000004
7046,M21905,M,300.7,310.6,1609,27.6,108,0,0,0,0,0,0,9.900000000000034,44408.4,2980.8,33544.8
7047,M21906,M,300.7,310.5,1863,22.2,111,0,0,0,0,0,0,9.800000000000011,41358.6,2464.2,34465.5
7048,L54227,L,300.6,310.4,1401,42.6,114,0,0,0,0,0,0,9.799999999999955,59682.6,4856.400000000001,35385.6
7049,L54228,L,300.6,310.4,2007,19.8,116,0,0,0,0,0,0,9.799999999999955,39738.6,2296.8,36006.399999999994
7050,L54229,L,300.6,310.4,1494,47.3,118,0,0,0,0,0,0,9.799999999999955,70666.2,5581.4,36627.2
7051,L54230,L,300.6,310.4,1457,47.7,120,0,0,0,0,0,0,9.799999999999955,69498.90000000001,5724.0,37248.0
7052,L54231,L,300.6,310.4,1556,37.7,122,0,0,0,0,0,0,9.799999999999955,58661.200000000004,4599.400000000001,37868.799999999996
7053,H36466,H,300.6,310.4,1510,42.8,124,0,0,0,0,0,0,9.799999999999955,64627.99999999999,5307.2,38489.6
7054,H36467,H,300.7,310.5,1567,38.7,129,0,0,0,0,0,0,9.800000000000011,60642.9,4992.3,40054.5
7055,H36468,H,300.7,310.5,1476,43.1,134,0,0,0,0,0,0,9.800000000000011,63615.6,5775.400000000001,41607.0
7056,L54235,L,300.8,310.6,1663,30.6,139,0,0,0,0,0,0,9.800000000000011,50887.8,4253.400000000001,43173.4
7057,M21916,M,300.8,310.5,1409,50.6,141,0,0,0,0,0,0,9.699999999999989,71295.40000000001,7134.6,43780.5
7058,L54237,L,300.8,310.6,1666,36.2,144,0,0,0,0,0,0,9.800000000000011,60309.200000000004,5212.8,44726.4
7059,L54238,L,300.7,310.6,1520,45.9,146,0,0,0,0,0,0,9.900000000000034,69768.0,6701.4,45347.600000000006
7060,L54239,L,300.6,310.5,1644,33.8,148,0,0,0,0,0,0,9.899999999999977,55567.2,5002.4,45954.0
7061,H36474,H,300.6,310.4,1479,35.6,150,0,0,0,0,0,0,9.799999999999955,52652.4,5340.0,46560.0
7062,L54241,L,300.6,310.4,1446,49.7,155,0,0,0,0,0,0,9.799999999999955,71866.2,7703.5,48112.0
7063,M21922,M,300.6,310.4,1407,51.1,157,0,0,0,0,0,0,9.799999999999955,71897.7,8022.7,48732.799999999996
7064,L54243,L,300.7,310.4,1234,51.7,160,0,0,0,0,0,0,9.699999999999989,63797.8,8272.0,49664.0
7065,M21924,M,300.8,310.5,1696,29.7,162,0,0,0,0,0,0,9.699999999999989,50371.2,4811.4,50301.0
7066,L54245,L,300.8,310.6,1384,52.9,165,0,0,0,0,0,0,9.800000000000011,73213.59999999999,8728.5,51249.00000000001
7067,M21926,M,300.8,310.7,1572,36.2,167,0,0,0,0,0,0,9.899999999999977,56906.4,6045.400000000001,51886.9
7068,M21927,M,300.8,310.7,1386,42.1,170,0,0,0,0,0,0,9.899999999999977,58350.6,7157.0,52819.0
7069,L54248,L,300.8,310.7,1461,42.8,173,0,0,0,0,0,0,9.899999999999977,62530.799999999996,7404.4,53751.1
7070,L54249,L,300.8,310.7,1525,39.4,175,0,0,0,0,0,0,9.899999999999977,60085.0,6895.0,54372.5
7071,L54250,L,300.7,310.7,1333,61.0,177,0,0,0,0,0,0,10.0,81313.0,10797.0,54993.9
7072,H36485,H,300.7,310.6,1505,40.6,179,0,0,0,0,0,0,9.900000000000034,61103.0,7267.400000000001,55597.4
7073,M21932,M,300.7,310.6,1439,41.7,184,0,0,0,0,0,0,9.900000000000034,60006.3,7672.8,57150.4
7074,L54253,L,300.7,310.6,1491,43.2,187,0,0,0,0,0,0,9.900000000000034,64411.200000000004,8078.400000000001,58082.200000000004
7075,M21934,M,300.7,310.6,1488,39.2,189,0,0,0,0,0,0,9.900000000000034,58329.600000000006,7408.8,58703.4
7076,L54255,L,300.7,310.5,1536,47.4,192,0,0,0,0,0,0,9.800000000000011,72806.4,9100.8,59616.0
7077,L54256,L,300.7,310.5,1960,21.0,194,0,0,0,0,0,0,9.800000000000011,41160.0,4074.0,60237.0
7078,M21937,M,300.7,310.5,1594,31.0,196,0,0,0,0,0,0,9.800000000000011,49414.0,6076.0,60858.0
7079,L54258,L,300.7,310.5,1357,52.6,199,0,0,0,0,0,0,9.800000000000011,71378.2,10467.4,61789.5
7080,L54259,L,300.7,310.5,1445,41.1,201,0,0,0,0,0,0,9.800000000000011,59389.5,8261.1,62410.5
7081,L54260,L,300.7,310.4,1543,47.3,203,0,0,0,0,0,0,9.699999999999989,72983.9,9601.9,63011.2
7082,L54261,L,300.7,310.4,1366,52.6,205,0,0,0,0,0,0,9.699999999999989,71851.6,10783.0,63631.99999999999
7083,L54262,L,300.7,310.3,1458,40.0,207,0,0,0,0,0,0,9.600000000000023,58320.0,8280.0,64232.100000000006
7084,L54263,L,300.7,310.4,1416,61.8,209,1,0,0,1,1,0,9.699999999999989,87508.8,12916.199999999999,64873.6
7085,L54264,L,300.6,310.3,1794,24.4,211,0,0,0,0,0,0,9.699999999999989,43773.6,5148.4,65473.3
7086,L54265,L,300.6,310.3,1484,41.0,213,0,0,0,0,0,0,9.699999999999989,60844.0,8733.0,66093.90000000001
7087,L54266,L,300.6,310.4,2514,13.4,215,0,0,0,0,0,0,9.799999999999955,33687.6,2881.0,66736.0
7088,L54267,L,300.6,310.3,1648,30.5,217,1,1,0,0,0,0,9.699999999999989,50264.0,6618.5,67335.1
7089,M21948,M,300.6,310.3,1614,32.7,0,0,0,0,0,0,0,9.699999999999989,52777.8,0.0,0.0
7090,L54269,L,300.6,310.2,1622,34.1,3,0,0,0,0,0,0,9.599999999999966,55310.200000000004,102.30000000000001,930.5999999999999
7091,M21950,M,300.6,310.2,1478,40.1,5,0,0,0,0,0,0,9.599999999999966,59267.8,200.5,1551.0
7092,L54271,L,300.6,310.2,1318,51.0,8,0,0,0,0,0,0,9.599999999999966,67218.0,408.0,2481.6
7093,L54272,L,300.7,310.2,1493,35.9,10,0,0,0,0,0,0,9.5,53598.7,359.0,3102.0
7094,H36507,H,300.7,310.3,1369,50.7,12,0,0,0,0,0,0,9.600000000000023,69408.3,608.4000000000001,3723.6000000000004
7095,L54274,L,300.6,310.2,1447,45.9,17,0,0,0,0,0,0,9.599999999999966,66417.3,780.3,5273.4
7096,L54275,L,300.6,310.1,1485,49.9,19,0,0,0,0,0,0,9.5,74101.5,948.1,5891.900000000001
7097,L54276,L,300.6,310.2,1489,47.8,21,0,0,0,0,0,0,9.599999999999966,71174.2,1003.8,6514.2
7098,M21957,M,300.6,310.2,1233,52.3,23,0,0,0,0,0,0,9.599999999999966,64485.899999999994,1202.8999999999999,7134.599999999999
7099,L54278,L,300.7,310.2,1642,32.6,26,0,0,0,0,0,0,9.5,53529.200000000004,847.6,8065.2
7100,M21959,M,300.7,310.2,1373,44.1,28,0,0,0,0,0,0,9.5,60549.3,1234.8,8685.6
7101,L54280,L,300.7,310.2,1569,32.8,31,0,0,0,0,0,0,9.5,51463.2,1016.8,9616.199999999999
7102,L54281,L,300.8,310.2,1850,22.8,33,0,0,0,0,0,0,9.399999999999977,42180.0,752.4,10236.6
7103,M21962,M,300.8,310.3,1494,42.2,35,0,0,0,0,0,0,9.5,63046.8,1477.0,10860.5
7104,H36517,H,300.8,310.3,1777,30.1,38,0,0,0,0,0,0,9.5,53487.700000000004,1143.8,11791.4
7105,L54284,L,300.9,310.4,1454,43.1,43,0,0,0,0,0,0,9.5,62667.4,1853.3,13347.199999999999
7106,L54285,L,300.9,310.4,1536,34.2,45,0,0,0,0,0,0,9.5,52531.200000000004,1539.0000000000002,13967.999999999998
7107,L54286,L,300.8,310.5,1482,39.0,47,0,0,0,0,0,0,9.699999999999989,57798.0,1833.0,14593.5
7108,H36521,H,300.9,310.5,1512,41.2,49,0,0,0,0,0,0,9.600000000000023,62294.4,2018.8000000000002,15214.5
7109,M21968,M,300.8,310.5,1511,35.8,54,0,0,0,0,0,0,9.699999999999989,54093.799999999996,1933.1999999999998,16767.0
7110,L54289,L,300.9,310.5,1599,40.5,57,0,0,0,0,0,0,9.600000000000023,64759.5,2308.5,17698.5
7111,M21970,M,300.8,310.4,1518,36.0,59,0,0,0,0,0,0,9.599999999999966,54648.0,2124.0,18313.6
7112,M21971,M,300.8,310.4,1450,39.4,62,0,0,0,0,0,0,9.599999999999966,57130.0,2442.7999999999997,19244.8
7113,L54292,L,300.9,310.4,1427,47.0,65,0,0,0,0,0,0,9.5,67069.0,3055.0,20176.0
7114,L54293,L,300.9,310.4,1561,32.7,67,0,0,0,0,0,0,9.5,51044.700000000004,2190.9,20796.8
7115,H36528,H,300.9,310.4,1457,43.8,69,0,0,0,0,0,0,9.5,63816.6,3022.2,21417.6
7116,M21975,M,301.0,310.6,1460,53.6,74,0,0,0,0,0,0,9.600000000000023,78256.0,3966.4,22984.4
7117,L54296,L,301.0,310.5,1601,33.2,77,0,0,0,0,0,0,9.5,53153.200000000004,2556.4,23908.5
7118,L54297,L,300.9,310.5,1570,40.1,79,0,0,0,0,0,0,9.600000000000023,62957.0,3167.9,24529.5
7119,L54298,L,300.9,310.5,1565,35.9,81,0,0,0,0,0,0,9.600000000000023,56183.5,2907.9,25150.5
7120,L54299,L,301.0,310.5,1378,44.4,83,0,0,0,0,0,0,9.5,61183.2,3685.2,25771.5
7121,L54300,L,300.9,310.5,2288,16.1,85,0,0,0,0,0,0,9.600000000000023,36836.8,1368.5000000000002,26392.5
7122,M21981,M,300.9,310.4,1375,44.7,87,0,0,0,0,0,0,9.5,61462.50000000001,3888.9,27004.8
7123,L54302,L,300.9,310.4,1788,27.8,90,0,0,0,0,0,0,9.5,49706.4,2502.0,27935.999999999996
7124,M21983,M,300.9,310.4,1576,40.4,92,0,0,0,0,0,0,9.5,63670.399999999994,3716.7999999999997,28556.8
7125,M21984,M,300.8,310.3,1868,24.5,95,0,0,0,0,0,0,9.5,45766.0,2327.5,29478.5
7126,L54305,L,300.7,310.1,1261,56.6,98,0,0,0,0,0,0,9.400000000000034,71372.6,5546.8,30389.800000000003
7127,M21986,M,300.6,310.0,1542,33.9,100,0,0,0,0,0,0,9.399999999999977,52273.799999999996,3390.0,31000.0
7128,L54307,L,300.6,310.0,1438,53.8,103,0,0,0,0,0,0,9.399999999999977,77364.4,5541.4,31930.0
7129,L54308,L,300.6,310.0,1511,36.9,105,0,0,0,0,0,0,9.399999999999977,55755.9,3874.5,32550.0
7130,L54309,L,300.6,310.0,1635,31.0,107,0,0,0,0,0,0,9.399999999999977,50685.0,3317.0,33170.0
7131,L54310,L,300.6,309.9,1428,48.8,109,0,0,0,0,0,0,9.299999999999955,69686.4,5319.2,33779.1
7132,M21991,M,300.5,309.8,1410,44.4,111,0,0,0,0,0,0,9.300000000000011,62604.0,4928.4,34387.8
7133,L54312,L,300.5,309.9,1423,47.9,114,0,0,0,0,0,0,9.399999999999977,68161.7,5460.599999999999,35328.6
7134,M21993,M,300.5,309.9,1552,41.3,116,0,0,0,0,0,0,9.399999999999977,64097.6,4790.799999999999,35948.399999999994
7135,M21994,M,300.5,310.0,1406,50.2,119,0,0,0,0,0,0,9.5,70581.2,5973.8,36890.0
7136,L54315,L,300.5,309.9,1443,48.3,122,0,0,0,0,0,0,9.399999999999977,69696.9,5892.599999999999,37807.799999999996
7137,M21996,M,300.5,309.9,1343,63.7,124,0,0,0,0,0,0,9.399999999999977,85549.1,7898.8,38427.6
7138,M21997,M,300.6,310.0,1486,41.2,127,0,0,0,0,0,0,9.399999999999977,61223.200000000004,5232.400000000001,39370.0
7139,L54318,L,300.6,310.1,1297,50.0,130,0,0,0,0,0,0,9.5,64850.0,6500.0,40313.0
7140,L54319,L,300.6,310.1,1495,42.3,132,0,0,0,0,0,0,9.5,63238.49999999999,5583.599999999999,40933.200000000004
7141,L54320,L,300.5,309.9,1382,46.5,134,0,0,0,0,0,0,9.399999999999977,64263.0,6231.0,41526.6
7142,M22001,M,300.4,309.8,1356,44.4,136,0,0,0,0,0,0,9.400000000000034,60206.4,6038.4,42132.8
7143,H36556,H,300.3,309.7,1452,41.5,139,0,0,0,0,0,0,9.399999999999977,60258.0,5768.5,43048.299999999996
7144,H36557,H,300.3,309.7,1582,30.8,144,0,0,0,0,0,0,9.399999999999977,48725.6,4435.2,44596.799999999996
7145,M22004,M,300.4,309.8,1517,40.3,149,0,0,0,0,0,0,9.400000000000034,61135.1,6004.7,46160.200000000004
7146,L54325,L,300.5,310.0,1413,44.5,152,0,0,0,0,0,0,9.5,62878.5,6764.0,47120.0
7147,L54326,L,300.4,309.9,1496,31.8,154,0,0,0,0,0,0,9.5,47572.8,4897.2,47724.6
7148,L54327,L,300.3,309.8,1466,41.2,156,0,0,0,0,0,0,9.5,60399.200000000004,6427.200000000001,48328.8
7149,M22008,M,300.3,309.8,1617,40.8,158,0,0,0,0,0,0,9.5,65973.59999999999,6446.4,48948.4
7150,L54329,L,300.2,309.8,1506,41.8,161,0,0,0,0,0,0,9.600000000000023,62950.799999999996,6729.799999999999,49877.8
7151,L54330,L,300.2,309.8,1401,49.3,163,0,0,0,0,0,0,9.600000000000023,69069.3,8035.9,50497.4
7152,H36565,H,300.2,309.9,1906,22.9,165,0,0,0,0,0,0,9.699999999999989,43647.399999999994,3778.4999999999995,51133.49999999999
7153,L54332,L,300.2,309.9,1566,36.4,170,0,0,0,0,0,0,9.699999999999989,57002.399999999994,6188.0,52682.99999999999
7154,L54333,L,300.2,310.0,1493,47.3,172,0,0,0,0,0,0,9.800000000000011,70618.9,8135.599999999999,53320.0
7155,L54334,L,300.3,310.1,1483,39.9,174,0,0,0,0,0,0,9.800000000000011,59171.7,6942.599999999999,53957.4
7156,M22015,M,300.2,309.9,1569,31.2,176,0,0,0,0,0,0,9.699999999999989,48952.799999999996,5491.2,54542.399999999994
7157,M22016,M,300.2,310.0,1664,30.7,179,0,0,0,0,0,0,9.800000000000011,51084.799999999996,5495.3,55490.0
7158,L54337,L,300.2,310.0,1486,40.1,182,0,0,0,0,0,0,9.800000000000011,59588.6,7298.2,56420.0
7159,L54338,L,300.2,310.0,1389,53.6,184,0,0,0,0,0,0,9.800000000000011,74450.40000000001,9862.4,57040.0
7160,L54339,L,300.1,310.0,1511,41.7,186,0,0,0,0,0,0,9.899999999999977,63008.700000000004,7756.200000000001,57660.0
7161,M22020,M,300.2,310.1,1485,40.5,188,0,0,0,0,0,0,9.900000000000034,60142.5,7614.0,58298.8
7162,L54341,L,300.2,310.2,1440,42.9,191,0,0,0,0,0,0,10.0,61776.0,8193.9,59248.2
7163,L54342,L,300.2,310.2,1378,43.9,193,0,0,0,0,0,0,10.0,60494.2,8472.699999999999,59868.6
7164,M22023,M,300.1,310.1,1501,39.3,195,0,0,0,0,0,0,10.0,58989.299999999996,7663.499999999999,60469.50000000001
7165,M22024,M,300.2,310.1,1474,44.0,198,0,0,0,0,0,0,9.900000000000034,64856.0,8712.0,61399.8
7166,L54345,L,300.2,310.1,1392,47.9,201,0,0,0,0,0,0,9.900000000000034,66676.8,9627.9,62330.100000000006
7167,M22026,M,300.3,310.2,1429,44.7,203,0,0,0,0,0,0,9.899999999999977,63876.3,9074.1,62970.6
7168,L54347,L,300.3,310.3,1362,60.3,206,1,0,0,0,1,0,10.0,82128.59999999999,12421.8,63921.8
7169,L54348,L,300.3,310.3,1704,29.5,0,0,0,0,0,0,0,10.0,50268.0,0.0,0.0
7170,L54349,L,300.3,310.2,1492,52.3,2,0,0,0,0,0,0,9.899999999999977,78031.59999999999,104.6,620.4
7171,M22030,M,300.3,310.2,1442,39.5,4,0,0,0,0,0,0,9.899999999999977,56959.0,158.0,1240.8
7172,M22031,M,300.2,310.2,1438,51.5,7,0,0,0,0,0,0,10.0,74057.0,360.5,2171.4
7173,M22032,M,300.1,310.1,1402,46.6,10,0,0,0,0,0,0,10.0,65333.200000000004,466.0,3101.0
7174,L54353,L,300.1,310.1,1684,30.8,13,0,0,0,0,0,0,10.0,51867.200000000004,400.40000000000003,4031.3
7175,L54354,L,300.2,310.2,1530,48.5,15,0,0,0,0,0,0,10.0,74205.0,727.5,4653.0
7176,L54355,L,300.1,310.1,1569,43.5,17,0,0,0,0,0,0,10.0,68251.5,739.5,5271.700000000001
7177,L54356,L,300.1,310.1,1650,31.6,19,0,0,0,0,0,0,10.0,52140.0,600.4,5891.900000000001
7178,L54357,L,300.2,310.2,1415,49.6,21,0,0,0,0,0,0,10.0,70184.0,1041.6000000000001,6514.2
7179,L54358,L,300.2,310.2,1600,31.5,23,0,0,0,0,0,0,10.0,50400.0,724.5,7134.599999999999
7180,L54359,L,300.2,310.1,1523,42.3,25,0,0,0,0,0,0,9.900000000000034,64422.899999999994,1057.5,7752.500000000001
7181,M22040,M,300.2,310.2,1628,30.3,27,0,0,0,0,0,0,10.0,49328.4,818.1,8375.4
7182,L54361,L,300.2,310.3,1331,52.1,30,0,0,0,0,0,0,10.100000000000023,69345.1,1563.0,9309.0
7183,L54362,L,300.3,310.3,2158,16.8,32,0,0,0,0,0,0,10.0,36254.4,537.6,9929.6
7184,L54363,L,300.2,310.3,1445,50.9,34,0,0,0,0,0,0,10.100000000000023,73550.5,1730.6,10550.2
7185,M22044,M,300.2,310.3,1593,36.1,36,0,0,0,0,0,0,10.100000000000023,57507.3,1299.6000000000001,11170.800000000001
7186,L54365,L,300.3,310.4,1672,29.2,39,0,0,0,0,0,0,10.099999999999966,48822.4,1138.8,12105.599999999999
7187,M22046,M,300.4,310.5,1644,31.4,41,0,0,0,0,0,0,10.100000000000023,51621.6,1287.3999999999999,12730.5
7188,L54367,L,300.4,310.5,1402,54.3,44,0,0,0,0,0,0,10.100000000000023,76128.59999999999,2389.2,13662.0
7189,L54368,L,300.4,310.4,1286,56.8,46,0,0,0,0,0,0,10.0,73044.8,2612.7999999999997,14278.4
7190,L54369,L,300.4,310.4,1486,46.3,48,0,0,0,0,0,0,10.0,68801.8,2222.3999999999996,14899.199999999999
7191,L54370,L,300.3,310.3,1345,46.3,50,0,0,0,0,0,0,10.0,62273.49999999999,2315.0,15515.0
7192,L54371,L,300.3,310.3,1629,34.1,52,0,0,0,0,0,0,10.0,55548.9,1773.2,16135.6
7193,M22052,M,300.2,310.2,1429,43.8,54,0,0,0,0,0,0,10.0,62590.2,2365.2,16750.8
7194,L54373,L,300.1,310.1,1306,64.7,57,0,0,0,0,0,0,10.0,84498.2,3687.9,17675.7
7195,L54374,L,300.1,310.1,1380,52.6,59,0,0,0,0,0,0,10.0,72588.0,3103.4,18295.9
7196,M22055,M,300.1,310.1,1443,49.3,61,0,0,0,0,0,0,10.0,71139.9,3007.2999999999997,18916.100000000002
7197,H36610,H,300.1,310.1,1426,42.7,64,0,0,0,0,0,0,10.0,60890.200000000004,2732.8,19846.4
7198,L54377,L,300.0,310.0,1486,41.8,69,0,0,0,0,0,0,10.0,62114.799999999996,2884.2,21390.0
7199,M22058,M,300.0,309.9,1530,34.5,71,0,0,0,0,0,0,9.899999999999977,52785.0,2449.5,22002.899999999998
7200,L54379,L,300.0,309.9,1507,41.4,74,0,0,0,0,0,0,9.899999999999977,62389.799999999996,3063.6,22932.6
7201,L54380,L,300.0,309.9,1608,33.4,76,0,0,0,0,0,0,9.899999999999977,53707.2,2538.4,23552.399999999998
7202,L54381,L,300.0,309.8,1474,40.6,78,0,0,0,0,0,0,9.800000000000011,59844.4,3166.8,24164.4
7203,L54382,L,300.0,309.7,1326,61.9,80,0,0,0,0,0,0,9.699999999999989,82079.4,4952.0,24776.0
7204,M22063,M,299.8,309.6,1434,48.0,82,0,0,0,0,0,0,9.800000000000011,68832.0,3936.0,25387.2
7205,L54384,L,299.8,309.6,1526,41.7,85,0,0,0,0,0,0,9.800000000000011,63634.200000000004,3544.5000000000005,26316.000000000004
7206,L54385,L,299.8,309.7,1483,39.6,87,0,0,0,0,0,0,9.899999999999977,58726.8,3445.2000000000003,26943.899999999998
7207,L54386,L,299.8,309.7,1457,51.9,89,0,0,0,0,0,0,9.899999999999977,75618.3,4619.099999999999,27563.3
7208,M22067,M,299.7,309.6,1540,34.4,91,0,0,0,0,0,0,9.900000000000034,52976.0,3130.4,28173.600000000002
7209,L54388,L,299.8,309.7,1707,29.1,94,0,0,0,0,0,0,9.899999999999977,49673.700000000004,2735.4,29111.8
7210,L54389,L,299.8,309.7,1624,34.2,96,0,0,0,0,0,0,9.899999999999977,55540.8,3283.2000000000003,29731.199999999997
7211,M22070,M,299.8,309.6,1331,50.2,98,0,0,0,0,0,0,9.800000000000011,66816.2,4919.6,30340.800000000003
7212,L54391,L,299.8,309.7,1431,40.3,101,0,0,0,0,0,0,9.899999999999977,57669.299999999996,4070.2999999999997,31279.699999999997
7213,M22072,M,299.8,309.7,1705,28.5,103,0,0,0,0,0,0,9.899999999999977,48592.5,2935.5,31899.1
7214,M22073,M,299.8,309.8,1427,45.2,106,0,0,0,0,0,0,10.0,64500.4,4791.200000000001,32838.8
7215,M22074,M,299.9,309.8,1625,41.2,109,0,0,0,0,0,0,9.900000000000034,66950.0,4490.8,33768.200000000004
7216,L54395,L,299.9,309.8,1477,47.7,112,0,0,0,0,0,0,9.900000000000034,70452.90000000001,5342.400000000001,34697.6
7217,M22076,M,300.0,309.9,1651,28.1,114,0,0,0,0,0,0,9.899999999999977,46393.100000000006,3203.4,35328.6
7218,L54397,L,299.9,309.8,1716,28.2,117,0,0,0,0,0,0,9.900000000000034,48391.2,3299.4,36246.6
7219,H36632,H,299.9,309.8,1400,48.7,119,0,0,0,0,0,0,9.900000000000034,68180.0,5795.3,36866.200000000004
7220,M22079,M,299.8,309.7,1556,37.7,124,0,0,0,0,0,0,9.899999999999977,58661.200000000004,4674.8,38402.799999999996
7221,L54400,L,299.8,309.7,1429,42.6,127,0,0,0,0,0,0,9.899999999999977,60875.4,5410.2,39331.9
7222,H36635,H,299.7,309.6,1433,49.6,129,0,0,0,0,0,0,9.900000000000034,71076.8,6398.400000000001,39938.4
7223,M22082,M,299.8,309.7,1320,61.7,134,0,0,0,0,0,0,9.899999999999977,81444.0,8267.800000000001,41499.799999999996
7224,L54403,L,299.8,309.6,1374,51.6,137,0,0,0,0,0,0,9.800000000000011,70898.40000000001,7069.2,42415.200000000004
7225,L54404,L,299.8,309.6,1598,31.0,139,0,0,0,0,0,0,9.800000000000011,49538.0,4309.0,43034.4
7226,M22085,M,299.8,309.7,1910,21.8,141,0,0,0,0,0,0,9.899999999999977,41638.0,3073.8,43667.7
7227,L54406,L,299.7,309.6,1399,51.3,144,0,0,0,0,0,0,9.900000000000034,71768.7,7387.2,44582.4
7228,L54407,L,299.7,309.6,1720,27.1,146,0,0,0,0,0,0,9.900000000000034,46612.0,3956.6000000000004,45201.600000000006
7229,H36642,H,299.8,309.7,1368,47.4,148,0,0,0,0,0,0,9.899999999999977,64843.2,7015.2,45835.6
7230,L54409,L,299.8,309.8,1749,33.4,153,0,0,0,0,0,0,10.0,58416.6,5110.2,47399.4
7231,L54410,L,299.8,309.8,1542,39.4,155,0,0,0,0,0,0,10.0,60754.799999999996,6107.0,48019.0
7232,L54411,L,299.8,309.9,1553,36.6,157,0,0,0,0,0,0,10.099999999999966,56839.8,5746.2,48654.299999999996
7233,M22092,M,299.9,309.9,1639,42.1,159,0,0,0,0,0,0,10.0,69001.90000000001,6693.900000000001,49274.1
7234,L54413,L,299.9,310.0,1447,45.9,162,0,0,0,0,0,0,10.100000000000023,66417.3,7435.8,50220.0
7235,M22094,M,299.8,310.0,1397,48.1,164,0,0,0,0,0,0,10.199999999999989,67195.7,7888.400000000001,50840.0
7236,L54415,L,299.8,310.0,1361,53.8,167,0,0,0,0,0,0,10.199999999999989,73221.8,8984.6,51770.0
7237,M22096,M,299.8,310.0,1460,37.1,169,0,0,0,0,0,0,10.199999999999989,54166.0,6269.900000000001,52390.0
7238,M22097,M,299.8,310.0,1632,33.7,172,0,0,0,0,0,0,10.199999999999989,54998.4,5796.400000000001,53320.0
7239,L54418,L,299.8,310.0,1697,36.0,175,0,0,0,0,0,0,10.199999999999989,61092.0,6300.0,54250.0
7240,L54419,L,299.8,310.1,1553,42.0,177,0,0,0,0,0,0,10.300000000000011,65226.0,7434.0,54887.700000000004
7241,M22100,M,299.9,310.1,1362,56.3,179,0,0,0,0,0,0,10.200000000000045,76680.59999999999,10077.699999999999,55507.9
7242,M22101,M,299.9,310.0,1484,42.1,182,0,0,0,0,0,0,10.100000000000023,62476.4,7662.2,56420.0
7243,H36656,H,299.9,310.1,1447,51.4,185,0,0,0,0,0,0,10.200000000000045,74375.8,9509.0,57368.50000000001
7244,M22103,M,300.0,310.2,1393,51.2,190,0,0,0,0,0,0,10.199999999999989,71321.6,9728.0,58938.0
7245,L54424,L,300.0,310.2,1760,26.9,193,0,0,0,0,0,0,10.199999999999989,47344.0,5191.7,59868.6
7246,L54425,L,300.0,310.1,1477,34.6,195,0,0,0,0,0,0,10.100000000000023,51104.200000000004,6747.0,60469.50000000001
7247,L54426,L,299.9,310.1,1681,29.1,197,0,0,0,0,0,0,10.200000000000045,48917.100000000006,5732.700000000001,61089.700000000004
7248,M22107,M,300.0,310.1,1314,53.5,199,0,0,0,0,0,0,10.100000000000023,70299.0,10646.5,61709.9
7249,L54428,L,300.0,310.1,1762,28.0,202,0,0,0,0,0,0,10.100000000000023,49336.0,5656.0,62640.200000000004
7250,L54429,L,299.9,310.0,1402,44.7,204,0,0,0,0,0,0,10.100000000000023,62669.4,9118.800000000001,63240.0
7251,M22110,M,300.1,310.2,1429,42.0,206,0,0,0,0,0,0,10.099999999999966,60018.0,8652.0,63901.2
7252,M22111,M,300.2,310.3,1448,40.1,209,0,0,0,0,0,0,10.100000000000023,58064.8,8380.9,64852.700000000004
7253,H36666,H,300.2,310.4,1501,42.9,212,0,0,0,0,0,0,10.199999999999989,64392.9,9094.8,65804.79999999999
7254,L54433,L,300.3,310.5,1522,39.1,217,0,0,0,0,0,0,10.199999999999989,59510.200000000004,8484.7,67378.5
7255,L54434,L,300.3,310.4,1493,37.5,219,0,0,0,0,0,0,10.099999999999966,55987.5,8212.5,67977.59999999999
7256,M22115,M,300.2,310.3,1704,29.4,221,0,0,0,0,0,0,10.100000000000023,50097.6,6497.4,68576.3
7257,H36670,H,300.2,310.3,1408,42.5,0,0,0,0,0,0,0,10.100000000000023,59840.0,0.0,0.0
7258,L54437,L,300.2,310.4,1518,41.8,5,0,0,0,0,0,0,10.199999999999989,63452.399999999994,209.0,1552.0
7259,L54438,L,300.3,310.4,1742,25.9,7,0,0,0,0,0,0,10.099999999999966,45117.799999999996,181.29999999999998,2172.7999999999997
7260,M22119,M,300.4,310.5,1500,43.0,9,0,0,0,0,0,0,10.100000000000023,64500.0,387.0,2794.5
7261,L54440,L,300.4,310.5,2424,14.5,12,0,0,0,0,0,0,10.100000000000023,35148.0,174.0,3726.0
7262,L54441,L,300.4,310.5,1818,25.1,14,0,0,0,0,0,0,10.100000000000023,45631.8,351.40000000000003,4347.0
7263,M22122,M,300.4,310.6,1545,35.6,16,0,0,0,0,0,0,10.200000000000045,55002.0,569.6,4969.6
7264,L54443,L,300.4,310.6,1429,46.9,19,0,0,0,0,0,0,10.200000000000045,67020.09999999999,891.1,5901.400000000001
7265,M22124,M,300.4,310.6,1448,44.9,21,0,0,0,0,0,0,10.200000000000045,65015.2,942.9,6522.6
7266,L54445,L,300.4,310.6,1384,48.7,24,0,0,0,0,0,0,10.200000000000045,67400.8,1168.8000000000002,7454.400000000001
7267,L54446,L,300.4,310.5,1578,32.8,26,0,0,0,0,0,0,10.100000000000023,51758.399999999994,852.8,8073.0
7268,L54447,L,300.5,310.5,1695,26.7,28,0,0,0,0,0,0,10.0,45256.5,747.6,8694.0
7269,L54448,L,300.5,310.6,1543,36.2,30,0,0,0,0,0,0,10.100000000000023,55856.600000000006,1086.0,9318.0
7270,M22129,M,300.4,310.5,1540,33.4,32,0,0,0,0,0,0,10.100000000000023,51436.0,1068.8,9936.0
7271,L54450,L,300.2,310.4,1808,25.8,35,0,0,0,0,0,0,10.199999999999989,46646.4,903.0,10864.0
7272,M22131,M,300.3,310.4,1293,49.7,37,0,0,0,0,0,0,10.099999999999966,64262.100000000006,1838.9,11484.8
7273,L54452,L,300.2,310.3,1202,59.5,40,0,0,0,0,0,0,10.100000000000023,71519.0,2380.0,12412.0
7274,M22133,M,300.2,310.3,1704,29.2,42,0,0,0,0,0,0,10.100000000000023,49756.799999999996,1226.3999999999999,13032.6
7275,M22134,M,300.2,310.3,1478,38.1,45,0,0,0,0,0,0,10.100000000000023,56311.8,1714.5,13963.5
7276,L54455,L,300.2,310.3,1514,38.7,48,0,0,0,0,0,0,10.100000000000023,58591.8,1857.6000000000001,14894.400000000001
7277,M22136,M,300.1,310.3,1350,48.8,50,0,0,0,0,0,0,10.199999999999989,65880.0,2440.0,15515.0
7278,L54457,L,300.1,310.2,1475,54.2,53,0,0,0,0,0,0,10.099999999999966,79945.0,2872.6000000000004,16440.6
7279,H36692,H,300.0,310.1,1714,28.7,55,0,0,0,0,0,0,10.100000000000023,49191.799999999996,1578.5,17055.5
7280,L54459,L,300.0,310.1,1465,40.9,60,0,0,0,0,0,0,10.100000000000023,59918.5,2454.0,18606.0
7281,L54460,L,299.9,310.2,1288,69.6,62,1,0,0,1,0,0,10.300000000000011,89644.79999999999,4315.2,19232.399999999998
7282,L54461,L,300.0,310.2,1675,29.7,64,0,0,0,0,0,0,10.199999999999989,49747.5,1900.8,19852.8
7283,L54462,L,300.0,310.2,1486,36.4,66,0,0,0,0,0,0,10.199999999999989,54090.4,2402.4,20473.2
7284,M22143,M,300.0,310.2,1443,58.7,68,0,0,0,0,0,0,10.199999999999989,84704.1,3991.6000000000004,21093.6
7285,M22144,M,300.1,310.3,1345,57.1,71,0,0,0,0,0,0,10.199999999999989,76799.5,4054.1,22031.3
7286,M22145,M,300.2,310.4,1202,61.7,74,0,0,0,0,0,0,10.199999999999989,74163.40000000001,4565.8,22969.6
7287,M22146,M,300.1,310.4,1480,37.1,77,0,0,0,0,0,0,10.299999999999955,54908.0,2856.7000000000003,23900.8
7288,M22147,M,300.2,310.4,1530,35.7,80,0,0,0,0,0,0,10.199999999999989,54621.00000000001,2856.0,24832.0
7289,M22148,M,300.2,310.6,1983,20.8,83,0,0,0,0,0,0,10.400000000000034,41246.4,1726.4,25779.800000000003
7290,L54469,L,300.3,310.6,1433,53.8,86,0,0,0,0,0,0,10.300000000000011,77095.4,4626.8,26711.600000000002
7291,L54470,L,300.3,310.6,1806,24.4,88,0,0,0,0,0,0,10.300000000000011,44066.399999999994,2147.2,27332.800000000003
7292,L54471,L,300.2,310.5,1416,46.7,90,0,0,0,0,0,0,10.300000000000011,66127.2,4203.0,27945.0
7293,M22152,M,300.1,310.4,1556,38.1,92,0,0,0,0,0,0,10.299999999999955,59283.600000000006,3505.2000000000003,28556.8
7294,L54473,L,300.1,310.5,1627,29.2,95,0,0,0,0,0,0,10.399999999999977,47508.4,2774.0,29497.5
7295,L54474,L,300.1,310.6,1809,24.3,97,0,0,0,0,0,0,10.5,43958.700000000004,2357.1,30128.2
7296,M22155,M,300.1,310.5,1329,57.4,99,0,0,0,0,0,0,10.399999999999977,76284.59999999999,5682.599999999999,30739.5
7297,H36710,H,300.0,310.4,1881,21.9,102,0,0,0,0,0,0,10.399999999999977,41193.899999999994,2233.7999999999997,31660.8
7298,L54477,L,300.1,310.5,1500,39.8,107,0,0,0,0,0,0,10.399999999999977,59699.99999999999,4258.599999999999,33223.5
7299,L54478,L,300.1,310.5,1532,36.0,109,0,0,0,0,0,0,10.399999999999977,55152.0,3924.0,33844.5
7300,L54479,L,300.1,310.5,1492,50.9,111,0,0,0,0,0,0,10.399999999999977,75942.8,5649.9,34465.5
7301,L54480,L,300.2,310.6,1431,42.3,113,0,0,0,0,0,0,10.400000000000034,60531.299999999996,4779.9,35097.8
7302,L54481,L,300.1,310.4,1554,39.4,115,0,0,0,0,0,0,10.299999999999955,61227.6,4531.0,35696.0
7303,L54482,L,300.1,310.5,1494,44.2,117,0,0,0,0,0,0,10.399999999999977,66034.8,5171.400000000001,36328.5
7304,L54483,L,300.1,310.6,1374,45.4,119,0,0,0,0,0,0,10.5,62379.6,5402.599999999999,36961.4
7305,L54484,L,300.1,310.5,1394,44.3,121,0,0,0,0,0,0,10.399999999999977,61754.2,5360.299999999999,37570.5
7306,M22165,M,300.0,310.5,1790,25.7,123,0,0,0,0,0,0,10.5,46003.0,3161.1,38191.5
7307,L54486,L,300.1,310.5,1356,45.8,126,0,0,0,0,0,0,10.399999999999977,62104.799999999996,5770.799999999999,39123.0
7308,M22167,M,300.0,310.4,1385,52.1,128,0,0,0,0,0,0,10.399999999999977,72158.5,6668.8,39731.2
7309,L54488,L,300.0,310.4,1333,49.1,131,0,0,0,0,0,0,10.399999999999977,65450.3,6432.1,40662.399999999994
7310,L54489,L,300.0,310.4,1505,44.9,133,0,0,0,0,0,0,10.399999999999977,67574.5,5971.7,41283.2
7311,L54490,L,300.0,310.5,1606,33.5,135,0,0,0,0,0,0,10.5,53801.0,4522.5,41917.5
7312,H36725,H,300.0,310.5,1558,36.7,137,0,0,0,0,0,0,10.5,57178.600000000006,5027.900000000001,42538.5
7313,L54492,L,300.0,310.5,1412,52.4,142,0,0,0,0,0,0,10.5,73988.8,7440.8,44091.0
7314,L54493,L,299.9,310.4,1408,38.4,144,0,0,0,0,0,0,10.5,54067.2,5529.599999999999,44697.6
7315,L54494,L,299.9,310.3,1268,53.3,146,0,0,0,0,0,0,10.400000000000034,67584.4,7781.799999999999,45303.8
7316,L54495,L,299.9,310.4,1470,50.0,148,0,0,0,0,0,0,10.5,73500.0,7400.0,45939.2
7317,L54496,L,299.9,310.4,1497,47.0,150,0,0,0,0,0,0,10.5,70359.0,7050.0,46560.0
7318,L54497,L,299.9,310.3,1638,29.1,152,0,0,0,0,0,0,10.400000000000034,47665.8,4423.2,47165.6
7319,H36732,H,299.9,310.3,1535,43.9,154,0,0,0,0,0,0,10.400000000000034,67386.5,6760.599999999999,47786.200000000004
7320,L54499,L,299.8,310.2,1654,32.7,159,0,0,0,0,0,0,10.399999999999977,54085.8,5199.3,49321.799999999996
7321,H36734,H,299.8,310.2,1411,49.7,161,0,0,0,0,0,0,10.399999999999977,70126.7,8001.700000000001,49942.2
7322,L54501,L,299.8,310.2,1911,23.5,166,0,0,0,0,0,0,10.399999999999977,44908.5,3901.0,51493.2
7323,H36736,H,299.8,310.2,1573,33.3,168,0,0,0,0,0,0,10.399999999999977,52380.899999999994,5594.4,52113.6
7324,L54503,L,299.9,310.2,1479,46.3,173,0,0,0,0,0,0,10.300000000000011,68477.7,8009.9,53664.6
7325,M22184,M,299.9,310.4,1820,26.6,175,0,0,0,0,0,0,10.5,48412.0,4655.0,54319.99999999999
7326,L54505,L,299.9,310.4,1419,45.7,178,0,0,0,0,0,0,10.5,64848.3,8134.6,55251.2
7327,M22186,M,299.9,310.5,1335,52.9,180,0,0,0,0,0,0,10.600000000000023,70621.5,9522.0,55890.0
7328,M22187,M,299.9,310.5,1576,39.4,183,0,0,0,0,0,0,10.600000000000023,62094.399999999994,7210.2,56821.5
7329,L54508,L,300.0,310.5,1517,42.2,186,0,0,0,0,0,0,10.5,64017.4,7849.200000000001,57753.0
7330,M22189,M,299.9,310.4,1576,34.3,188,0,0,0,0,0,0,10.5,54056.799999999996,6448.4,58355.2
7331,H36744,H,299.8,310.2,1537,36.6,191,0,0,0,0,0,0,10.399999999999977,56254.200000000004,6990.6,59248.2
7332,L54511,L,299.8,310.3,1524,34.2,196,0,0,0,0,0,0,10.5,52120.8,6703.200000000001,60818.8
7333,M22192,M,299.8,310.3,1805,23.7,198,0,0,0,0,0,0,10.5,42778.5,4692.599999999999,61439.4
7334,M22193,M,299.9,310.4,1367,53.3,201,0,0,0,0,0,0,10.5,72861.09999999999,10713.3,62390.399999999994
7335,L54514,L,299.8,310.4,1694,30.3,204,0,0,0,0,0,0,10.599999999999966,51328.200000000004,6181.2,63321.6
7336,L54515,L,299.9,310.4,1328,49.9,206,0,0,0,0,0,0,10.5,66267.2,10279.4,63942.399999999994
7337,H36750,H,299.9,310.5,1549,42.8,208,0,0,0,0,0,0,10.600000000000023,66297.2,8902.4,64584.0
7338,L54517,L,299.9,310.5,1539,32.8,213,0,0,0,0,0,0,10.600000000000023,50479.2,6986.4,66136.5
7339,L54518,L,299.8,310.5,1496,38.8,215,0,0,0,0,0,0,10.699999999999989,58044.799999999996,8342.0,66757.5
7340,L54519,L,299.8,310.4,1579,36.4,0,0,0,0,0,0,0,10.599999999999966,57475.6,0.0,0.0
7341,L54520,L,299.7,310.3,1386,46.6,2,0,0,0,0,0,0,10.600000000000023,64587.6,93.2,620.6
7342,L54521,L,299.7,310.3,1505,37.7,4,0,0,0,0,0,0,10.600000000000023,56738.50000000001,150.8,1241.2
7343,M22202,M,299.7,310.3,1661,34.5,6,0,0,0,0,0,0,10.600000000000023,57304.5,207.0,1861.8000000000002
7344,L54523,L,299.6,310.2,1468,48.0,9,0,0,0,0,0,0,10.599999999999966,70464.0,432.0,2791.7999999999997
7345,L54524,L,299.6,310.1,1384,49.8,11,0,0,0,0,0,0,10.5,68923.2,547.8,3411.1000000000004
7346,L54525,L,299.6,310.2,1381,60.5,13,0,0,0,0,0,0,10.599999999999966,83550.5,786.5,4032.6
7347,L54526,L,299.6,310.2,1469,47.0,15,0,0,0,0,0,0,10.599999999999966,69043.0,705.0,4653.0
7348,L54527,L,299.6,310.2,1627,36.6,17,0,0,0,0,0,0,10.599999999999966,59548.200000000004,622.2,5273.4
7349,H36762,H,299.7,310.3,1462,40.4,19,0,0,0,0,0,0,10.600000000000023,59064.799999999996,767.6,5895.7
7350,L54529,L,299.7,310.2,1633,36.5,24,0,0,0,0,0,0,10.5,59604.5,876.0,7444.799999999999
7351,L54530,L,299.7,310.2,1469,39.5,26,0,0,0,0,0,0,10.5,58025.5,1027.0,8065.2
7352,L54531,L,299.7,310.2,1458,43.4,28,0,0,0,0,0,0,10.5,63277.2,1215.2,8685.6
7353,M22212,M,299.7,310.2,1440,42.8,30,0,0,0,0,0,0,10.5,61631.99999999999,1284.0,9306.0
7354,L54533,L,299.8,310.3,1687,30.4,33,0,0,0,0,0,0,10.5,51284.799999999996,1003.1999999999999,10239.9
7355,M22214,M,299.7,310.3,1429,47.7,35,0,0,0,0,0,0,10.600000000000023,68163.3,1669.5,10860.5
7356,L54535,L,299.6,310.2,1588,34.1,38,0,0,0,0,0,0,10.599999999999966,54150.8,1295.8,11787.6
7357,L54536,L,299.6,310.2,1333,51.2,40,0,0,0,0,0,0,10.599999999999966,68249.6,2048.0,12408.0
7358,L54537,L,299.6,310.1,1487,42.9,42,0,0,0,0,0,0,10.5,63792.299999999996,1801.8,13024.2
7359,M22218,M,299.5,310.1,1659,31.5,44,0,0,0,0,0,0,10.600000000000023,52258.5,1386.0,13644.400000000001
7360,M22219,M,299.4,310.0,1512,43.2,47,0,0,0,0,0,0,10.600000000000023,65318.4,2030.4,14570.0
7361,L54540,L,299.5,310.1,1585,35.2,50,0,0,0,0,0,0,10.600000000000023,55792.00000000001,1760.0000000000002,15505.000000000002
7362,L54541,L,299.5,310.0,1502,38.5,52,0,0,0,0,0,0,10.5,57827.0,2002.0,16120.0
7363,L54542,L,299.5,310.0,1594,35.1,54,0,0,0,0,0,0,10.5,55949.4,1895.4,16740.0
7364,L54543,L,299.5,310.0,1412,48.9,56,0,0,0,0,0,0,10.5,69046.8,2738.4,17360.0
7365,L54544,L,299.5,309.9,1402,51.7,58,0,0,0,0,0,0,10.399999999999977,72483.40000000001,2998.6000000000004,17974.199999999997
7366,L54545,L,299.6,310.1,2057,20.4,60,0,0,0,0,0,0,10.5,41962.799999999996,1224.0,18606.0
7367,H36780,H,299.6,310.1,1531,36.8,62,0,0,0,0,0,0,10.5,56340.799999999996,2281.6,19226.2
7368,M22227,M,299.5,310.1,1359,61.1,67,0,0,0,0,0,0,10.600000000000023,83034.90000000001,4093.7000000000003,20776.7
7369,M22228,M,299.6,310.2,1620,30.0,70,0,0,0,0,0,0,10.599999999999966,48600.0,2100.0,21714.0
7370,M22229,M,299.6,310.1,1646,29.6,73,0,0,0,0,0,0,10.5,48721.600000000006,2160.8,22637.300000000003
7371,M22230,M,299.6,310.1,1455,46.1,76,0,0,0,0,0,0,10.5,67075.5,3503.6,23567.600000000002
7372,L54551,L,299.6,310.2,1512,44.0,79,0,0,0,0,0,0,10.599999999999966,66528.0,3476.0,24505.8
7373,L54552,L,299.6,310.2,1473,42.7,81,0,0,0,0,0,0,10.599999999999966,62897.100000000006,3458.7000000000003,25126.2
7374,L54553,L,299.6,310.1,1553,38.0,83,0,0,0,0,0,0,10.5,59014.0,3154.0,25738.300000000003
7375,L54554,L,299.5,310.0,1379,50.4,85,0,0,0,0,0,0,10.5,69501.59999999999,4284.0,26350.0
7376,M22235,M,299.4,309.9,1567,40.6,87,0,0,0,0,0,0,10.5,63620.200000000004,3532.2000000000003,26961.3
7377,L54556,L,299.5,310.0,1481,43.1,90,0,0,0,0,0,0,10.5,63831.1,3879.0,27900.0
7378,L54557,L,299.5,310.0,1349,52.7,92,0,0,0,0,0,0,10.5,71092.3,4848.400000000001,28520.0
7379,L54558,L,299.5,310.0,1388,52.4,94,0,0,0,0,0,0,10.5,72731.2,4925.599999999999,29140.0
7380,M22239,M,299.6,310.1,1357,48.7,96,0,0,0,0,0,0,10.5,66085.90000000001,4675.200000000001,29769.600000000002
7381,L54560,L,299.6,310.2,1743,24.8,99,0,0,0,0,0,0,10.599999999999966,43226.4,2455.2000000000003,30709.8
7382,L54561,L,299.7,310.3,1495,43.1,101,0,0,0,0,0,0,10.600000000000023,64434.5,4353.1,31340.300000000003
7383,L54562,L,299.8,310.4,1698,28.3,103,0,0,0,0,0,0,10.599999999999966,48053.4,2914.9,31971.199999999997
7384,M22243,M,299.7,310.4,1410,44.5,105,0,0,0,0,0,0,10.699999999999989,62745.0,4672.5,32591.999999999996
7385,L54564,L,299.7,310.4,1614,36.2,108,0,0,0,0,0,0,10.699999999999989,58426.8,3909.6000000000004,33523.2
7386,M22245,M,299.8,310.5,1375,53.9,110,0,0,0,0,0,0,10.699999999999989,74112.5,5929.0,34155.0
7387,M22246,M,299.8,310.6,1574,31.8,113,0,0,0,0,0,0,10.800000000000011,50053.200000000004,3593.4,35097.8
7388,H36801,H,299.8,310.6,1423,44.6,116,0,0,0,0,0,0,10.800000000000011,63465.8,5173.6,36029.600000000006
7389,M22248,M,299.8,310.6,1694,31.3,121,0,0,0,0,0,0,10.800000000000011,53022.200000000004,3787.3,37582.600000000006
7390,L54569,L,299.8,310.6,1707,32.5,124,0,0,0,0,0,0,10.800000000000011,55477.5,4030.0,38514.4
7391,M22250,M,299.7,310.5,1490,41.2,126,0,0,0,0,0,0,10.800000000000011,61388.00000000001,5191.200000000001,39123.0
7392,L54571,L,299.7,310.6,1675,31.3,129,0,0,0,0,0,0,10.900000000000034,52427.5,4037.7000000000003,40067.4
7393,M22252,M,299.7,310.5,1492,39.3,131,0,0,0,0,0,0,10.800000000000011,58635.6,5148.299999999999,40675.5
7394,M22253,M,299.7,310.5,1594,35.4,134,0,0,0,0,0,0,10.800000000000011,56427.6,4743.599999999999,41607.0
7395,L54574,L,299.7,310.6,1479,38.0,137,0,0,0,0,0,0,10.900000000000034,56202.0,5206.0,42552.200000000004
7396,M22255,M,299.7,310.6,1572,38.0,139,0,0,0,0,0,0,10.900000000000034,59736.0,5282.0,43173.4
7397,L54576,L,299.7,310.6,1616,35.1,142,0,0,0,0,0,0,10.900000000000034,56721.600000000006,4984.2,44105.200000000004
7398,L54577,L,299.7,310.6,1737,26.1,144,0,0,0,0,0,0,10.900000000000034,45335.700000000004,3758.4,44726.4
7399,M22258,M,299.7,310.7,1498,37.8,146,0,0,0,0,0,0,11.0,56624.399999999994,5518.799999999999,45362.2
7400,L54579,L,299.6,310.6,1642,35.1,149,0,0,0,0,0,0,11.0,57634.200000000004,5229.900000000001,46279.4
7401,M22260,M,299.6,310.6,1633,34.2,151,0,0,0,0,0,0,11.0,55848.600000000006,5164.200000000001,46900.600000000006
7402,L54581,L,299.8,310.8,1409,51.9,154,0,0,0,0,0,0,11.0,73127.09999999999,7992.599999999999,47863.200000000004
7403,M22262,M,299.8,310.8,1463,43.5,156,0,0,0,0,0,0,11.0,63640.5,6786.0,48484.8
7404,L54583,L,299.8,310.8,1376,48.6,159,0,0,0,0,0,0,11.0,66873.6,7727.400000000001,49417.200000000004
7405,L54584,L,299.8,310.8,1553,32.2,161,0,0,0,0,0,0,11.0,50006.600000000006,5184.200000000001,50038.8
7406,M22265,M,299.8,310.8,1530,35.2,163,0,0,0,0,0,0,11.0,53856.00000000001,5737.6,50660.4
7407,L54586,L,299.8,310.9,1545,40.7,166,0,0,0,0,0,0,11.099999999999966,62881.50000000001,6756.200000000001,51609.399999999994
7408,H36821,H,299.8,310.9,1427,47.2,168,0,0,0,0,0,0,11.099999999999966,67354.40000000001,7929.6,52231.2
7409,L54588,L,299.9,310.9,1292,51.1,173,0,0,0,0,0,0,11.0,66021.2,8840.300000000001,53785.7
7410,L54589,L,299.8,310.9,2084,17.6,175,0,0,0,0,0,0,11.099999999999966,36678.4,3080.0000000000005,54407.49999999999
7411,L54590,L,299.9,311.0,1747,27.6,177,0,0,0,0,0,0,11.100000000000023,48217.200000000004,4885.2,55047.0
7412,L54591,L,300.0,311.1,1425,47.8,179,0,0,0,0,0,0,11.100000000000023,68115.0,8556.199999999999,55686.9
7413,L54592,L,300.0,311.0,1637,33.6,181,0,0,0,0,0,0,11.0,55003.200000000004,6081.6,56291.0
7414,M22273,M,300.1,311.1,1616,35.2,183,0,0,0,0,0,0,11.0,56883.200000000004,6441.6,56931.3
7415,L54594,L,300.1,311.1,1619,33.4,186,0,0,0,0,0,0,11.0,54074.6,6212.4,57864.600000000006
7416,L54595,L,300.1,311.2,1489,39.1,188,0,0,0,0,0,0,11.099999999999966,58219.9,7350.8,58505.6
7417,M22276,M,300.1,311.2,1452,42.4,190,0,0,0,0,0,0,11.099999999999966,61564.799999999996,8056.0,59128.0
7418,M22277,M,300.1,311.3,1495,41.0,193,0,0,0,0,0,0,11.199999999999989,61295.0,7913.0,60080.9
7419,M22278,M,300.2,311.4,1427,39.7,196,0,0,0,0,0,0,11.199999999999989,56651.9,7781.200000000001,61034.399999999994
7420,L54599,L,300.1,311.4,1572,36.2,199,0,0,0,0,0,0,11.299999999999955,56906.4,7203.8,61968.6
7421,L54600,L,300.1,311.3,1547,40.0,201,0,0,0,0,0,0,11.199999999999989,61880.0,8040.0,62571.3
7422,M22281,M,300.1,311.4,1342,48.5,203,0,0,0,0,0,0,11.299999999999955,65087.0,9845.5,63214.2
7423,L54602,L,300.0,311.2,1351,44.1,206,0,0,0,0,0,0,11.199999999999989,59579.1,9084.6,64107.2
7424,L54603,L,300.0,311.3,1407,47.3,208,0,0,0,0,0,0,11.300000000000011,66551.09999999999,9838.4,64750.4
7425,M22284,M,300.1,311.4,1575,29.8,210,0,0,0,0,0,0,11.299999999999955,46935.0,6258.0,65393.99999999999
7426,M22285,M,300.0,311.4,1791,24.1,213,0,0,0,0,0,0,11.399999999999977,43163.100000000006,5133.3,66328.2
7427,M22286,M,300.0,311.4,1692,29.0,216,1,1,0,0,0,0,11.399999999999977,49068.0,6264.0,67262.4
7428,L54607,L,300.0,311.4,1634,31.9,0,0,0,0,0,0,0,11.399999999999977,52124.6,0.0,0.0
7429,M22288,M,300.0,311.4,1864,23.3,2,0,0,0,0,0,0,11.399999999999977,43431.200000000004,46.6,622.8
7430,L54609,L,300.0,311.4,1590,33.6,5,0,0,0,0,0,0,11.399999999999977,53424.0,168.0,1557.0
7431,M22290,M,300.0,311.4,1384,46.1,7,0,0,0,0,0,0,11.399999999999977,63802.4,322.7,2179.7999999999997
7432,M22291,M,300.0,311.4,1352,61.8,10,0,0,0,0,0,0,11.399999999999977,83553.59999999999,618.0,3114.0
7433,L54612,L,300.1,311.4,1484,43.1,13,0,0,0,0,0,0,11.299999999999955,63960.4,560.3000000000001,4048.2
7434,M22293,M,300.1,311.4,1913,21.9,15,0,0,0,0,0,0,11.299999999999955,41894.7,328.5,4671.0
7435,L54614,L,300.0,311.4,1508,38.2,18,0,0,0,0,0,0,11.399999999999977,57605.600000000006,687.6,5605.2
7436,L54615,L,299.9,311.3,1504,40.7,20,0,0,0,0,0,0,11.400000000000034,61212.8,814.0,6226.0
7437,L54616,L,300.0,311.4,1487,41.2,22,0,0,0,0,0,0,11.399999999999977,61264.4,906.4000000000001,6850.799999999999
7438,L54617,L,299.8,311.3,1727,30.0,24,0,0,0,0,0,0,11.5,51810.0,720.0,7471.200000000001
7439,L54618,L,299.9,311.3,1647,27.5,26,0,0,0,0,0,0,11.400000000000034,45292.5,715.0,8093.8
7440,L54619,L,300.0,311.3,1493,41.4,28,0,0,0,0,0,0,11.300000000000011,61810.2,1159.2,8716.4
7441,L54620,L,300.0,311.4,1655,29.6,30,0,0,0,0,0,0,11.399999999999977,48988.0,888.0,9342.0
7442,M22301,M,299.9,311.4,1337,54.8,32,0,0,0,0,0,0,11.5,73267.59999999999,1753.6,9964.8
7443,L54622,L,300.0,311.5,1601,36.9,35,0,0,0,0,0,0,11.5,59076.899999999994,1291.5,10902.5
7444,H36857,H,300.1,311.6,1589,37.9,37,0,0,0,0,0,0,11.5,60223.1,1402.3,11529.2
7445,L54624,L,300.2,311.7,1286,55.1,42,0,0,0,0,0,0,11.5,70858.6,2314.2000000000003,13091.4
7446,L54625,L,300.2,311.7,1553,41.3,44,0,0,0,0,0,0,11.5,64138.899999999994,1817.1999999999998,13714.8
7447,L54626,L,300.2,311.8,1379,51.0,46,0,0,0,0,0,0,11.600000000000023,70329.0,2346.0,14342.800000000001
7448,M22307,M,300.3,311.9,1677,30.8,48,0,0,0,0,0,0,11.599999999999966,51651.6,1478.4,14971.199999999999
7449,L54628,L,300.3,311.8,1488,38.4,51,0,0,0,0,0,0,11.5,57139.2,1958.3999999999999,15901.800000000001
7450,L54629,L,300.3,311.8,1418,45.9,53,0,0,0,0,0,0,11.5,65086.2,2432.7,16525.4
7451,L54630,L,300.3,311.8,1451,41.0,55,0,0,0,0,0,0,11.5,59491.0,2255.0,17149.0
7452,L54631,L,300.3,311.8,1508,43.1,57,0,0,0,0,0,0,11.5,64994.8,2456.7000000000003,17772.600000000002
7453,L54632,L,300.3,311.7,1579,33.6,59,0,0,0,0,0,0,11.399999999999977,53054.4,1982.4,18390.3
7454,H36867,H,300.3,311.7,1432,47.7,61,0,0,0,0,0,0,11.399999999999977,68306.40000000001,2909.7000000000003,19013.7
7455,L54634,L,300.2,311.6,1446,47.3,66,0,0,0,0,0,0,11.400000000000034,68395.8,3121.7999999999997,20565.600000000002
7456,M22315,M,300.2,311.7,1597,39.5,68,0,0,0,0,0,0,11.5,63081.5,2686.0,21195.6
7457,M22316,M,300.2,311.7,1397,50.2,71,0,0,0,0,0,0,11.5,70129.40000000001,3564.2000000000003,22130.7
7458,L54637,L,300.1,311.6,1530,36.6,74,0,0,0,0,0,0,11.5,55998.0,2708.4,23058.4
7459,M22318,M,300.1,311.6,1433,51.4,76,0,0,0,0,0,0,11.5,73656.2,3906.4,23681.600000000002
7460,L54639,L,300.0,311.5,1591,32.0,79,0,0,0,0,0,0,11.5,50912.0,2528.0,24608.5
7461,L54640,L,300.0,311.5,1445,41.6,81,0,0,0,0,0,0,11.5,60112.0,3369.6,25231.5
7462,L54641,L,300.0,311.5,1749,28.3,83,0,0,0,0,0,0,11.5,49496.700000000004,2348.9,25854.5
7463,L54642,L,300.0,311.3,1703,30.4,85,0,0,0,0,0,0,11.300000000000011,51771.2,2584.0,26460.5
7464,H36877,H,300.1,311.4,1518,46.9,87,0,0,0,0,0,0,11.299999999999955,71194.2,4080.2999999999997,27091.8
7465,L54644,L,300.1,311.3,1535,42.3,92,0,0,0,0,0,0,11.199999999999989,64930.49999999999,3891.6,28639.600000000002
7466,M22325,M,300.1,311.4,1390,52.1,94,0,0,0,0,0,0,11.299999999999955,72419.0,4897.400000000001,29271.6
7467,H36880,H,300.3,311.6,1801,23.6,97,0,0,0,0,0,0,11.300000000000011,42503.600000000006,2289.2000000000003,30225.2
7468,H36881,H,300.3,311.6,1463,41.6,102,0,0,0,0,0,0,11.300000000000011,60860.8,4243.2,31783.2
7469,L54648,L,300.3,311.6,1560,37.7,107,0,0,0,0,0,0,11.300000000000011,58812.00000000001,4033.9,33341.200000000004
7470,L54649,L,300.3,311.6,1607,33.5,109,0,0,0,0,0,0,11.300000000000011,53834.5,3651.5,33964.4
7471,L54650,L,300.4,311.6,1332,54.6,111,0,0,0,0,0,0,11.200000000000045,72727.2,6060.6,34587.600000000006
7472,L54651,L,300.3,311.7,1365,53.3,113,0,0,0,0,0,0,11.399999999999977,72754.5,6022.9,35222.1
7473,M22332,M,300.3,311.6,1617,32.5,115,0,0,0,0,0,0,11.300000000000011,52552.5,3737.5,35834.0
7474,M22333,M,300.3,311.6,1304,62.8,118,0,0,0,0,0,0,11.300000000000011,81891.2,7410.4,36768.8
7475,L54654,L,300.3,311.7,1989,22.3,121,0,0,0,0,0,0,11.399999999999977,44354.700000000004,2698.3,37715.7
7476,H36889,H,300.3,311.6,1339,53.4,123,0,0,0,0,0,0,11.300000000000011,71502.59999999999,6568.2,38326.8
7477,L54656,L,300.2,311.5,1492,41.8,128,0,0,0,0,0,0,11.300000000000011,62365.6,5350.4,39872.0
7478,M22337,M,300.1,311.3,1518,40.2,130,0,0,0,0,0,0,11.199999999999989,61023.600000000006,5226.0,40469.0
7479,L54658,L,300.1,311.3,1479,39.5,133,0,0,0,0,0,0,11.199999999999989,58420.5,5253.5,41402.9
7480,M22339,M,300.1,311.3,1523,34.1,135,0,0,0,0,0,0,11.199999999999989,51934.3,4603.5,42025.5
7481,M22340,M,300.2,311.4,1570,35.3,138,0,0,0,0,0,0,11.199999999999989,55420.99999999999,4871.4,42973.2
7482,H36895,H,300.2,311.4,1506,36.1,141,0,0,0,0,0,0,11.199999999999989,54366.6,5090.1,43907.399999999994
7483,M22342,M,300.2,311.6,1510,47.5,146,0,0,0,0,0,0,11.400000000000034,71725.0,6935.0,45493.600000000006
7484,L54663,L,300.2,311.6,1671,28.8,149,0,0,0,0,0,0,11.400000000000034,48124.8,4291.2,46428.4
7485,M22344,M,300.3,311.6,1312,53.4,151,0,0,0,0,0,0,11.300000000000011,70060.8,8063.4,47051.600000000006
7486,L54665,L,300.3,311.6,1595,38.8,154,0,0,0,0,0,0,11.300000000000011,61885.99999999999,5975.2,47986.4
7487,L54666,L,300.3,311.7,1635,31.8,156,0,0,0,0,0,0,11.399999999999977,51993.0,4960.8,48625.2
7488,L54667,L,300.3,311.7,1707,33.6,158,0,0,0,0,0,0,11.399999999999977,57355.200000000004,5308.8,49248.6
7489,L54668,L,300.3,311.7,1545,43.5,160,0,0,0,0,0,1,11.399999999999977,67207.5,6960.0,49872.0
7490,M22349,M,300.2,311.6,1751,28.0,162,0,0,0,0,0,0,11.400000000000034,49028.0,4536.0,50479.200000000004
7491,M22350,M,300.4,311.8,1707,30.0,165,0,0,0,0,0,0,11.400000000000034,51210.0,4950.0,51447.0
7492,L54671,L,300.4,311.8,1320,57.9,168,0,0,0,0,0,0,11.400000000000034,76428.0,9727.199999999999,52382.4
7493,M22352,M,300.3,311.7,1319,51.4,170,0,0,0,0,0,0,11.399999999999977,67796.59999999999,8738.0,52989.0
7494,L54673,L,300.2,311.7,1448,54.2,173,0,0,0,0,0,0,11.5,78481.6,9376.6,53924.1
7495,L54674,L,300.2,311.8,1436,48.2,175,0,0,0,0,0,0,11.600000000000023,69215.2,8435.0,54565.0
7496,L54675,L,300.3,311.9,1609,34.0,177,0,0,0,0,0,0,11.599999999999966,54706.0,6018.0,55206.299999999996
7497,L54676,L,300.2,311.8,1464,44.5,179,0,0,0,0,0,0,11.600000000000023,65148.0,7965.5,55812.200000000004
7498,M22357,M,300.3,311.8,1483,45.1,181,0,0,0,0,0,0,11.5,66883.3,8163.1,56435.8
7499,M22358,M,300.2,311.8,1748,28.5,184,0,0,0,0,0,0,11.600000000000023,49818.0,5244.0,57371.200000000004
7500,L54679,L,300.3,311.8,1746,26.3,187,0,0,0,0,0,0,11.5,45919.8,4918.1,58306.6
7501,L54680,L,300.2,311.8,1410,51.4,189,0,0,0,0,0,0,11.600000000000023,72474.0,9714.6,58930.200000000004
7502,L54681,L,300.2,311.7,1640,30.8,191,0,0,0,0,0,0,11.5,50512.0,5882.8,59534.7
7503,H36916,H,300.3,311.7,1655,29.9,193,0,0,0,0,0,0,11.399999999999977,49484.5,5770.7,60158.1
7504,M22363,M,300.3,311.7,1646,28.9,198,0,0,0,0,0,0,11.399999999999977,47569.399999999994,5722.2,61716.6
7505,L54684,L,300.4,311.8,1589,42.0,201,0,0,0,0,0,0,11.400000000000034,66738.0,8442.0,62671.8
7506,L54685,L,300.5,311.9,1546,39.4,203,0,0,0,0,0,0,11.399999999999977,60912.399999999994,7998.2,63315.7
7507,L54686,L,300.5,311.9,1511,41.8,205,0,0,0,0,0,0,11.399999999999977,63159.799999999996,8569.0,63939.49999999999
7508,L54687,L,300.5,311.9,1750,28.3,207,0,0,0,0,0,0,11.399999999999977,49525.0,5858.1,64563.299999999996
7509,M22368,M,300.5,311.9,1730,27.5,209,0,0,0,0,0,0,11.399999999999977,47575.0,5747.5,65187.1
7510,L54689,L,300.6,311.9,1372,60.1,212,1,0,0,0,1,0,11.299999999999955,82457.2,12741.2,66122.79999999999
7511,L54690,L,300.5,311.8,1524,38.9,214,1,1,0,0,0,0,11.300000000000011,59283.6,8324.6,66725.2
7512,L54691,L,300.4,311.8,1601,36.1,0,0,0,0,0,0,0,11.400000000000034,57796.100000000006,0.0,0.0
7513,M22372,M,300.5,311.8,1636,34.4,2,0,0,0,0,0,0,11.300000000000011,56278.399999999994,68.8,623.6
7514,L54693,L,300.4,311.8,2261,14.9,5,0,0,0,0,0,0,11.400000000000034,33688.9,74.5,1559.0
7515,L54694,L,300.4,311.8,1636,32.3,7,0,0,0,0,0,0,11.400000000000034,52842.799999999996,226.09999999999997,2182.6
7516,M22375,M,300.4,311.9,1335,58.3,9,0,0,0,0,0,0,11.5,77830.5,524.6999999999999,2807.1
7517,M22376,M,300.3,311.7,1236,57.5,12,0,0,0,0,0,0,11.399999999999977,71070.0,690.0,3740.3999999999996
7518,L54697,L,300.3,311.7,1445,47.3,15,0,0,0,0,0,0,11.399999999999977,68348.5,709.5,4675.5
7519,L54698,L,300.2,311.5,1500,40.8,17,0,0,0,0,0,0,11.300000000000011,61199.99999999999,693.5999999999999,5295.5
7520,L54699,L,300.2,311.6,1999,21.0,19,0,0,0,0,0,0,11.400000000000034,41979.0,399.0,5920.400000000001
7521,L54700,L,300.2,311.6,1529,35.5,21,0,0,0,0,0,0,11.400000000000034,54279.5,745.5,6543.6
7522,M22381,M,300.2,311.6,1467,40.7,23,0,0,0,0,0,0,11.400000000000034,59706.9,936.1,7166.8
7523,L54702,L,300.1,311.5,1334,54.0,26,0,0,0,0,0,0,11.399999999999977,72036.0,1404.0,8099.0
7524,M22383,M,300.1,311.5,1343,46.2,28,0,0,0,0,0,0,11.399999999999977,62046.600000000006,1293.6000000000001,8722.0
7525,L54704,L,300.2,311.5,1639,31.1,31,0,0,0,0,0,0,11.300000000000011,50972.9,964.1,9656.5
7526,H36939,H,300.1,311.5,1383,49.1,33,0,0,0,0,0,0,11.399999999999977,67905.3,1620.3,10279.5
7527,L54706,L,300.1,311.4,1660,31.4,38,0,0,0,0,0,0,11.299999999999955,52124.0,1193.2,11833.199999999999
7528,L54707,L,300.1,311.3,1470,45.2,40,0,0,0,0,0,0,11.199999999999989,66444.0,1808.0,12452.0
7529,M22388,M,300.1,311.3,1748,26.6,42,0,0,0,0,0,0,11.199999999999989,46496.8,1117.2,13074.6
7530,L54709,L,300.1,311.4,1467,35.7,45,0,0,0,0,0,0,11.299999999999955,52371.9,1606.5000000000002,14012.999999999998
7531,M22390,M,300.1,311.4,1617,39.3,47,0,0,0,0,0,0,11.299999999999955,63548.1,1847.1,14635.8
7532,H36945,H,300.1,311.4,1377,56.7,50,0,0,0,0,0,0,11.299999999999955,78075.90000000001,2835.0,15569.999999999998
7533,M22392,M,300.0,311.3,1629,32.1,55,0,0,0,0,0,0,11.300000000000011,52290.9,1765.5,17121.5
7534,L54713,L,300.0,311.2,1504,37.9,58,0,0,0,0,0,0,11.199999999999989,57001.6,2198.2,18049.6
7535,L54714,L,300.0,311.2,1418,47.3,60,0,0,0,0,0,0,11.199999999999989,67071.4,2838.0,18672.0
7536,L54715,L,300.0,311.2,1629,31.7,62,0,0,0,0,0,0,11.199999999999989,51639.299999999996,1965.3999999999999,19294.399999999998
7537,L54716,L,300.1,311.3,2579,12.5,64,1,0,0,1,0,0,11.199999999999989,32237.5,800.0,19923.2
7538,L54717,L,300.1,311.3,1305,64.7,66,0,0,0,0,0,0,11.199999999999989,84433.5,4270.2,20545.8
7539,M22398,M,300.2,311.4,1450,38.5,68,0,0,0,0,0,0,11.199999999999989,55825.0,2618.0,21175.199999999997
7540,L54719,L,300.2,311.3,1487,36.9,71,0,0,0,0,0,0,11.100000000000023,54870.299999999996,2619.9,22102.3
7541,M22400,M,300.2,311.3,1587,31.2,73,0,0,0,0,0,0,11.100000000000023,49514.4,2277.6,22724.9
7542,M22401,M,300.3,311.5,1528,40.9,76,0,0,0,0,0,0,11.199999999999989,62495.2,3108.4,23674.0
7543,M22402,M,300.4,311.6,1401,49.9,79,0,0,0,0,0,0,11.200000000000045,69909.9,3942.1,24616.4
7544,L54723,L,300.3,311.5,1446,45.0,82,0,0,0,0,0,0,11.199999999999989,65070.0,3690.0,25543.0
7545,L54724,L,300.2,311.4,1425,44.2,84,0,0,0,0,0,0,11.199999999999989,62985.00000000001,3712.8,26157.6
7546,L54725,L,300.2,311.4,1891,22.6,86,0,0,0,0,0,0,11.199999999999989,42736.600000000006,1943.6000000000001,26780.399999999998
7547,H36960,H,300.2,311.5,1454,42.8,88,0,0,0,0,0,0,11.300000000000011,62231.2,3766.3999999999996,27412.0
7548,L54727,L,300.1,311.4,1430,40.9,93,0,0,0,0,0,0,11.299999999999955,58487.0,3803.7,28960.199999999997
7549,L54728,L,300.2,311.4,1495,43.6,95,0,0,0,0,0,0,11.199999999999989,65182.0,4142.0,29582.999999999996
7550,L54729,L,300.3,311.4,1544,41.6,97,0,0,0,0,0,0,11.099999999999966,64230.4,4035.2000000000003,30205.8
7551,M22410,M,300.3,311.4,1554,34.3,99,0,0,0,0,0,0,11.099999999999966,53302.2,3395.7,30828.6
7552,M22411,M,300.2,311.3,1491,37.3,102,0,0,0,0,0,0,11.100000000000023,55614.299999999996,3804.6,31752.600000000002
7553,L54732,L,300.3,311.3,1525,40.7,105,0,0,0,0,0,0,11.0,62067.50000000001,4273.5,32686.5
7554,L54733,L,300.3,311.3,1505,39.6,107,0,0,0,0,0,0,11.0,59598.0,4237.2,33309.1
7555,M22414,M,300.3,311.4,1371,50.2,109,0,0,0,0,0,0,11.099999999999966,68824.2,5471.8,33942.6
7556,L54735,L,300.3,311.3,1332,60.5,112,0,0,0,0,0,0,11.0,80586.0,6776.0,34865.6
7557,L54736,L,300.3,311.4,1471,37.0,114,0,0,0,0,0,0,11.099999999999966,54427.0,4218.0,35499.6
7558,M22417,M,300.4,311.5,1750,27.3,116,0,0,0,0,0,0,11.100000000000023,47775.0,3166.8,36134.0
7559,M22418,M,300.3,311.4,1386,48.1,119,0,0,0,0,0,0,11.099999999999966,66666.6,5723.900000000001,37056.6
7560,M22419,M,300.4,311.4,1355,56.2,122,0,0,0,0,0,0,11.0,76151.0,6856.400000000001,37990.799999999996
7561,M22420,M,300.3,311.3,1377,53.8,125,0,0,0,0,0,0,11.0,74082.59999999999,6725.0,38912.5
7562,L54741,L,300.3,311.1,1388,49.4,128,0,0,0,0,0,0,10.800000000000011,68567.2,6323.2,39820.8
7563,M22422,M,300.3,311.1,1350,58.7,130,0,0,0,0,0,0,10.800000000000011,79245.0,7631.0,40443.0
7564,M22423,M,300.4,311.2,1831,23.4,133,0,0,0,0,0,0,10.800000000000011,42845.399999999994,3112.2,41389.6
7565,M22424,M,300.3,311.2,1381,65.2,136,1,0,0,1,0,0,10.899999999999977,90041.2,8867.2,42323.2
7566,M22425,M,300.3,311.2,1783,25.6,139,0,0,0,0,0,0,10.899999999999977,45644.8,3558.4,43256.799999999996
7567,L54746,L,300.3,311.0,1613,34.7,142,0,0,0,0,0,0,10.699999999999989,55971.100000000006,4927.400000000001,44162.0
7568,M22427,M,300.2,311.0,2370,14.7,144,0,0,0,0,0,0,10.800000000000011,34839.0,2116.7999999999997,44784.0
7569,L54748,L,300.2,311.0,1627,33.7,147,0,0,0,0,0,0,10.800000000000011,54829.9,4953.900000000001,45717.0
7570,L54749,L,300.2,311.0,1255,71.8,149,1,0,0,1,0,0,10.800000000000011,90109.0,10698.199999999999,46339.0
7571,H36984,H,300.2,311.0,1777,27.5,151,0,0,0,0,0,0,10.800000000000011,48867.5,4152.5,46961.0
7572,L54751,L,300.3,311.1,1606,30.9,156,0,0,0,0,0,0,10.800000000000011,49625.399999999994,4820.4,48531.600000000006
7573,L54752,L,300.3,311.1,1676,28.6,158,0,0,0,0,0,0,10.800000000000011,47933.600000000006,4518.8,49153.8
7574,L54753,L,300.3,311.1,1605,37.1,160,0,0,0,0,0,0,10.800000000000011,59545.5,5936.0,49776.0
7575,L54754,L,300.4,311.1,1487,37.4,162,0,0,0,0,0,0,10.700000000000045,55613.799999999996,6058.8,50398.200000000004
7576,L54755,L,300.4,311.2,1471,46.5,164,0,0,0,0,0,0,10.800000000000011,68401.5,7626.0,51036.799999999996
7577,M22436,M,300.3,311.1,1477,44.2,166,0,0,0,0,0,0,10.800000000000011,65283.4,7337.200000000001,51642.600000000006
7578,L54757,L,300.4,311.2,1530,32.0,169,0,0,0,0,0,0,10.800000000000011,48960.0,5408.0,52592.799999999996
7579,L54758,L,300.4,311.2,1673,28.9,171,0,0,0,0,0,0,10.800000000000011,48349.7,4941.9,53215.2
7580,L54759,L,300.4,311.2,1436,56.8,173,0,0,0,0,0,0,10.800000000000011,81564.8,9826.4,53837.6
7581,L54760,L,300.4,311.3,1495,51.2,175,0,0,0,0,0,0,10.900000000000034,76544.0,8960.0,54477.5
7582,M22441,M,300.4,311.2,1366,56.1,177,0,0,0,0,0,0,10.800000000000011,76632.6,9929.7,55082.4
7583,H36996,H,300.4,311.2,1489,45.3,180,0,0,0,0,0,0,10.800000000000011,67451.7,8153.999999999999,56016.0
7584,L54763,L,300.3,311.1,1480,46.6,185,0,0,0,0,0,0,10.800000000000011,68968.0,8621.0,57553.50000000001
7585,L54764,L,300.4,311.2,1472,37.3,187,0,0,0,0,0,0,10.800000000000011,54905.6,6975.099999999999,58194.4
7586,L54765,L,300.4,311.1,1397,50.8,189,0,0,0,0,0,0,10.700000000000045,70967.59999999999,9601.199999999999,58797.9
7587,L54766,L,300.4,311.1,1589,35.5,191,0,0,0,0,0,0,10.700000000000045,56409.5,6780.5,59420.100000000006
7588,L54767,L,300.4,311.1,1405,54.1,193,0,0,0,0,0,0,10.700000000000045,76010.5,10441.300000000001,60042.3
7589,L54768,L,300.4,311.1,2013,20.1,195,0,0,0,0,0,0,10.700000000000045,40461.3,3919.5000000000005,60664.50000000001
7590,L54769,L,300.4,311.0,1802,26.0,197,0,0,0,0,0,0,10.600000000000023,46852.0,5122.0,61267.0
7591,M22450,M,300.4,311.0,1433,46.1,199,0,0,0,0,0,0,10.600000000000023,66061.3,9173.9,61889.0
7592,M22451,M,300.5,311.1,1296,61.3,202,1,0,0,0,1,0,10.600000000000023,79444.8,12382.599999999999,62842.200000000004
7593,M22452,M,300.5,311.2,1551,36.6,205,0,0,0,0,0,0,10.699999999999989,56766.600000000006,7503.0,63796.0
7594,L54773,L,300.5,311.2,1270,67.5,208,1,0,0,0,1,0,10.699999999999989,85725.0,14040.0,64729.6
7595,L54774,L,300.6,311.3,1531,38.5,0,0,0,0,0,0,0,10.699999999999989,58943.5,0.0,0.0
7596,H37009,H,300.5,311.2,1397,45.2,2,0,0,0,0,0,0,10.699999999999989,63144.4,90.4,622.4
7597,L54776,L,300.5,311.1,1547,37.2,7,0,0,0,0,0,0,10.600000000000023,57548.4,260.40000000000003,2177.7000000000003
7598,L54777,L,300.5,311.0,2074,18.9,9,0,0,0,0,0,0,10.5,39198.6,170.1,2799.0
7599,L54778,L,300.5,311.1,1491,42.6,11,0,0,0,0,0,0,10.600000000000023,63516.6,468.6,3422.1000000000004
7600,L54779,L,300.5,311.0,1759,28.3,13,0,0,0,0,0,0,10.5,49779.700000000004,367.90000000000003,4043.0
7601,M22460,M,300.4,311.0,1595,35.4,15,0,0,0,0,0,0,10.600000000000023,56463.0,531.0,4665.0
7602,L54781,L,300.4,311.2,1351,62.0,18,0,0,0,0,0,0,10.800000000000011,83762.0,1116.0,5601.599999999999
7603,L54782,L,300.4,311.2,1705,28.7,20,0,0,0,0,0,0,10.800000000000011,48933.5,574.0,6224.0
7604,L54783,L,300.4,311.2,1406,43.6,22,0,0,0,0,0,0,10.800000000000011,61301.6,959.2,6846.4
7605,L54784,L,300.4,311.3,1639,34.6,24,0,0,0,0,0,0,10.900000000000034,56709.4,830.4000000000001,7471.200000000001
7606,H37019,H,300.4,311.3,2026,20.3,26,0,0,0,0,0,0,10.900000000000034,41127.8,527.8000000000001,8093.8
7607,M22466,M,300.4,311.3,1350,56.5,31,0,0,0,0,0,0,10.900000000000034,76275.0,1751.5,9650.300000000001
7608,M22467,M,300.5,311.3,1468,41.1,34,0,0,0,0,0,0,10.800000000000011,60334.8,1397.4,10584.2
7609,L54788,L,300.5,311.4,1642,27.1,37,0,0,0,0,0,0,10.899999999999977,44498.200000000004,1002.7,11521.8
7610,L54789,L,300.5,311.3,1490,41.8,39,0,0,0,0,0,0,10.800000000000011,62281.99999999999,1630.1999999999998,12140.7
7611,M22470,M,300.5,311.3,1507,43.4,41,0,0,0,0,0,0,10.800000000000011,65403.799999999996,1779.3999999999999,12763.300000000001
7612,L54791,L,300.5,311.4,1611,32.7,44,0,0,0,0,0,0,10.899999999999977,52679.700000000004,1438.8000000000002,13701.599999999999
7613,M22472,M,300.5,311.4,1743,27.6,46,0,0,0,0,0,0,10.899999999999977,48106.8,1269.6000000000001,14324.4
7614,L54793,L,300.5,311.3,1475,46.3,49,0,0,0,0,0,0,10.800000000000011,68292.5,2268.7,15253.7
7615,L54794,L,300.5,311.4,1432,47.5,51,0,0,0,0,0,0,10.899999999999977,68020.0,2422.5,15881.4
7616,L54795,L,300.5,311.4,1442,47.0,53,0,0,0,0,0,0,10.899999999999977,67774.0,2491.0,16504.199999999997
7617,M22476,M,300.6,311.4,1468,40.4,55,0,0,0,0,0,0,10.799999999999955,59307.2,2222.0,17127.0
7618,L54797,L,300.5,311.4,1556,45.3,58,0,0,0,0,0,0,10.899999999999977,70486.79999999999,2627.3999999999996,18061.199999999997
7619,M22478,M,300.5,311.4,1312,51.4,60,0,0,0,0,0,0,10.899999999999977,67436.8,3084.0,18684.0
7620,L54799,L,300.6,311.5,1459,47.0,63,0,0,0,0,0,0,10.899999999999977,68573.0,2961.0,19624.5
7621,L54800,L,300.5,311.5,1651,36.9,65,0,0,0,0,0,0,11.0,60921.899999999994,2398.5,20247.5
7622,L54801,L,300.5,311.5,1490,38.4,67,0,0,0,0,0,0,11.0,57216.0,2572.7999999999997,20870.5
7623,M22482,M,300.6,311.6,1473,31.5,69,0,0,0,0,0,0,11.0,46399.5,2173.5,21500.4
7624,L54803,L,300.6,311.7,1734,29.9,72,0,0,0,0,0,0,11.099999999999966,51846.6,2152.7999999999997,22442.399999999998
7625,L54804,L,300.6,311.7,1507,45.5,74,0,0,0,0,0,0,11.099999999999966,68568.5,3367.0,23065.8
7626,L54805,L,300.6,311.7,1556,34.9,76,0,0,0,0,0,0,11.099999999999966,54304.399999999994,2652.4,23689.2
7627,H37040,H,300.5,311.6,1351,53.5,78,0,0,0,0,0,0,11.100000000000023,72278.5,4173.0,24304.800000000003
7628,L54807,L,300.5,311.7,1445,44.8,83,0,0,0,0,0,0,11.199999999999989,64735.99999999999,3718.3999999999996,25871.1
7629,L54808,L,300.5,311.7,1619,32.7,85,0,0,0,0,0,0,11.199999999999989,52941.3,2779.5000000000005,26494.5
7630,M22489,M,300.5,311.7,1269,64.0,87,0,0,0,0,0,0,11.199999999999989,81216.0,5568.0,27117.899999999998
7631,L54810,L,300.5,311.6,1534,37.7,90,0,0,0,0,0,0,11.100000000000023,57831.8,3393.0000000000005,28044.000000000004
7632,L54811,L,300.5,311.6,1444,49.3,92,0,0,0,0,0,0,11.100000000000023,71189.2,4535.599999999999,28667.2
7633,L54812,L,300.5,311.6,1744,26.8,94,0,0,0,0,0,0,11.100000000000023,46739.200000000004,2519.2000000000003,29290.4
7634,L54813,L,300.4,311.5,1441,44.6,96,0,0,0,0,0,0,11.100000000000023,64268.6,4281.6,29904.0
7635,M22494,M,300.3,311.3,1506,40.7,98,0,0,0,0,0,0,11.0,61294.200000000004,3988.6000000000004,30507.4
7636,L54815,L,300.3,311.4,1526,38.5,101,0,0,0,0,0,0,11.099999999999966,58751.0,3888.5,31451.399999999998
7637,L54816,L,300.4,311.5,1704,29.7,103,0,0,0,0,0,0,11.100000000000023,50608.799999999996,3059.1,32084.5
7638,H37051,H,300.4,311.4,1445,52.4,105,0,0,0,0,0,0,11.0,75718.0,5502.0,32696.999999999996
7639,L54818,L,300.5,311.5,1661,35.9,110,0,0,0,0,0,0,11.0,59629.899999999994,3949.0,34265.0
7640,L54819,L,300.5,311.4,1466,41.8,112,0,0,0,0,0,0,10.899999999999977,61278.799999999996,4681.599999999999,34876.799999999996
7641,L54820,L,300.4,311.3,1608,35.1,114,0,0,0,0,0,0,10.900000000000034,56440.8,4001.4,35488.200000000004
7642,M22501,M,300.4,311.4,1352,57.3,116,0,0,0,0,0,0,11.0,77469.59999999999,6646.799999999999,36122.399999999994
7643,M22502,M,300.4,311.4,1604,31.7,119,0,0,0,0,0,0,11.0,50846.799999999996,3772.2999999999997,37056.6
7644,H37057,H,300.4,311.4,1427,50.7,122,0,0,0,0,0,0,11.0,72348.90000000001,6185.400000000001,37990.799999999996
7645,L54824,L,300.4,311.4,1424,44.6,127,0,0,0,0,0,0,11.0,63510.4,5664.2,39547.799999999996
7646,L54825,L,300.4,311.4,1662,29.3,129,0,0,0,0,0,0,11.0,48696.6,3779.7000000000003,40170.6
7647,L54826,L,300.4,311.4,1936,23.9,131,0,0,0,0,0,0,11.0,46270.399999999994,3130.8999999999996,40793.399999999994
7648,L54827,L,300.4,311.4,1728,31.7,133,0,0,0,0,0,0,11.0,54777.6,4216.099999999999,41416.2
7649,L54828,L,300.4,311.4,1552,28.8,135,0,0,0,0,0,0,11.0,44697.6,3888.0,42039.0
7650,H37063,H,300.4,311.5,1662,29.0,137,0,0,0,0,0,0,11.100000000000023,48198.0,3973.0,42675.5
7651,L54830,L,300.3,311.4,1343,57.7,142,0,0,0,0,0,0,11.099999999999966,77491.1,8193.4,44218.799999999996
7652,M22511,M,300.4,311.5,1476,32.6,144,0,0,0,0,0,0,11.100000000000023,48117.6,4694.400000000001,44856.0
7653,L54832,L,300.3,311.4,1346,51.1,147,0,0,0,0,0,0,11.099999999999966,68780.6,7511.7,45775.799999999996
7654,L54833,L,300.4,311.5,1492,44.6,149,0,0,0,0,0,0,11.100000000000023,66543.2,6645.400000000001,46413.5
7655,M22514,M,300.3,311.5,1540,41.5,151,0,0,0,0,0,0,11.199999999999989,63910.0,6266.5,47036.5
7656,L54835,L,300.4,311.5,1596,32.5,154,0,0,0,0,0,0,11.100000000000023,51870.0,5005.0,47971.0
7657,L54836,L,300.5,311.6,1541,47.8,156,0,0,0,0,0,0,11.100000000000023,73659.79999999999,7456.799999999999,48609.600000000006
7658,L54837,L,300.5,311.6,1661,30.0,158,0,0,0,0,0,0,11.100000000000023,49830.0,4740.0,49232.8
7659,M22518,M,300.4,311.6,1359,55.4,160,0,0,0,0,0,0,11.200000000000045,75288.59999999999,8864.0,49856.0
7660,L54839,L,300.5,311.6,1528,42.4,163,0,0,0,0,0,0,11.100000000000023,64787.2,6911.2,50790.8
7661,M22520,M,300.5,311.6,1246,52.9,165,0,0,0,0,0,0,11.100000000000023,65913.4,8728.5,51414.00000000001
7662,L54841,L,300.5,311.6,1575,32.5,168,0,0,0,0,0,0,11.100000000000023,51187.5,5460.0,52348.8
7663,M22522,M,300.5,311.6,1658,30.4,170,0,0,0,0,0,0,11.100000000000023,50403.2,5168.0,52972.00000000001
7664,L54843,L,300.5,311.6,1385,54.8,173,0,0,0,0,0,0,11.100000000000023,75898.0,9480.4,53906.8
7665,H37078,H,300.5,311.7,1454,50.3,175,0,0,0,0,0,0,11.199999999999989,73136.2,8802.5,54547.5
7666,L54845,L,300.5,311.6,1497,40.5,180,0,0,0,0,0,0,11.100000000000023,60628.5,7290.0,56088.00000000001
7667,M22526,M,300.6,311.7,1424,50.8,182,0,0,0,0,0,0,11.099999999999966,72339.2,9245.6,56729.4
7668,L54847,L,300.6,311.7,1528,43.9,185,0,0,0,0,0,0,11.099999999999966,67079.2,8121.5,57664.5
7669,L54848,L,300.6,311.8,1539,37.0,187,0,0,0,0,0,0,11.199999999999989,56943.0,6919.0,58306.6
7670,L54849,L,300.7,311.8,1336,58.4,189,1,0,0,0,1,0,11.100000000000023,78022.4,11037.6,58930.200000000004
7671,L54850,L,300.5,311.6,1525,37.6,191,0,0,0,0,0,0,11.100000000000023,57340.0,7181.6,59515.600000000006
7672,M22531,M,300.5,311.6,1456,51.1,193,0,0,0,0,0,0,11.100000000000023,74401.6,9862.300000000001,60138.8
7673,M22532,M,300.5,311.7,2141,17.2,196,0,0,0,0,0,0,11.199999999999989,36825.2,3371.2,61093.2
7674,M22533,M,300.5,311.6,1476,39.1,199,0,0,0,0,0,0,11.100000000000023,57711.6,7780.900000000001,62008.4
7675,L54854,L,300.5,311.6,1509,47.2,202,0,0,0,0,0,0,11.100000000000023,71224.8,9534.400000000001,62943.200000000004
7676,L54855,L,300.5,311.6,1447,45.4,204,0,0,0,0,0,0,11.100000000000023,65693.8,9261.6,63566.4
7677,L54856,L,300.6,311.7,1448,49.1,206,0,0,0,0,0,0,11.099999999999966,71096.8,10114.6,64210.2
7678,L54857,L,300.6,311.7,1428,52.6,208,0,0,0,0,0,0,11.099999999999966,75112.8,10940.800000000001,64833.6
7679,M22538,M,300.6,311.7,1389,52.1,210,0,0,0,0,0,0,11.099999999999966,72366.90000000001,10941.0,65457.0
7680,L54859,L,300.7,311.7,1635,32.4,213,0,0,0,0,0,0,11.0,52974.0,6901.2,66392.09999999999
7681,L54860,L,300.7,311.7,1395,43.7,215,0,0,0,0,0,0,11.0,60961.50000000001,9395.5,67015.5
7682,L54861,L,300.7,311.8,1443,43.7,217,0,0,0,0,0,0,11.100000000000023,63059.100000000006,9482.900000000001,67660.6
7683,M22542,M,300.7,311.7,1412,49.1,219,0,0,0,0,0,0,11.0,69329.2,10752.9,68262.3
7684,L54863,L,300.7,311.7,1524,43.5,222,0,0,0,0,0,0,11.0,66294.0,9657.0,69197.4
7685,M22544,M,300.7,311.8,1407,42.4,224,0,0,0,0,0,0,11.100000000000023,59656.799999999996,9497.6,69843.2
7686,L54865,L,300.8,311.7,1397,43.5,227,0,0,0,0,0,0,10.899999999999977,60769.5,9874.5,70755.9
7687,M22546,M,300.7,311.7,1504,36.9,229,0,0,0,0,0,0,11.0,55497.6,8450.1,71379.3
7688,M22547,M,300.7,311.7,2097,18.9,232,1,1,0,0,0,0,11.0,39633.299999999996,4384.799999999999,72314.4
7689,L54868,L,300.6,311.7,1553,39.8,0,0,0,0,0,0,0,11.099999999999966,61809.399999999994,0.0,0.0
7690,L54869,L,300.6,311.7,1432,39.2,2,0,0,0,0,0,0,11.099999999999966,56134.4,78.4,623.4
7691,M22550,M,300.5,311.6,1577,36.5,4,0,0,0,0,0,0,11.100000000000023,57560.5,146.0,1246.4
7692,M22551,M,300.5,311.5,1370,56.1,7,0,0,0,0,0,0,11.0,76857.0,392.7,2180.5
7693,H37106,H,300.5,311.6,1506,36.2,10,0,0,0,0,0,0,11.100000000000023,54517.200000000004,362.0,3116.0
7694,L54873,L,300.6,311.6,1964,21.4,15,0,0,0,0,0,0,11.0,42029.6,321.0,4674.0
7695,H37108,H,300.6,311.7,1500,36.7,17,0,0,0,0,0,0,11.099999999999966,55050.00000000001,623.9000000000001,5298.9
7696,L54875,L,300.6,311.7,1488,47.7,22,0,0,0,0,0,0,11.099999999999966,70977.6,1049.4,6857.4
7697,H37110,H,300.6,311.5,1282,60.2,24,0,0,0,0,0,0,10.899999999999977,77176.40000000001,1444.8000000000002,7476.0
7698,L54877,L,300.5,311.4,1400,45.1,29,0,0,0,0,0,0,10.899999999999977,63140.0,1307.9,9030.599999999999
7699,L54878,L,300.6,311.5,1419,38.6,31,0,0,0,0,0,0,10.899999999999977,54773.4,1196.6000000000001,9656.5
7700,M22559,M,300.7,311.5,1441,40.6,33,0,0,0,0,0,0,10.800000000000011,58504.6,1339.8,10279.5
7701,M22560,M,300.7,311.6,1348,62.5,36,0,0,0,0,0,0,10.900000000000034,84250.0,2250.0,11217.6
7702,H37115,H,300.8,311.7,1468,38.7,39,0,0,0,0,0,0,10.899999999999977,56811.600000000006,1509.3000000000002,12156.3
7703,M22562,M,300.7,311.7,1701,30.8,44,0,0,0,0,0,0,11.0,52390.8,1355.2,13714.8
7704,H37117,H,300.7,311.7,1864,23.6,47,0,0,0,0,0,0,11.0,43990.4,1109.2,14649.9
7705,M22564,M,300.6,311.6,1630,31.8,52,0,0,0,0,0,0,11.0,51834.0,1653.6000000000001,16203.2
7706,L54885,L,300.5,311.5,1316,49.7,55,0,0,0,0,0,0,11.0,65405.200000000004,2733.5,17132.5
7707,L54886,L,300.5,311.5,1708,31.2,57,0,0,0,0,0,0,11.0,53289.6,1778.3999999999999,17755.5
7708,H37121,H,300.5,311.4,1679,27.5,59,0,0,0,0,0,0,10.899999999999977,46172.5,1622.5,18372.6
7709,L54888,L,300.5,311.4,1709,32.3,64,0,0,0,0,0,0,10.899999999999977,55200.7,2067.2,19929.6
7710,L54889,L,300.5,311.4,1445,41.5,66,0,0,0,0,0,0,10.899999999999977,59967.5,2739.0,20552.399999999998
7711,M22570,M,300.5,311.4,1390,51.9,68,0,0,0,0,0,0,10.899999999999977,72141.0,3529.2,21175.199999999997
7712,L54891,L,300.4,311.4,1309,55.5,71,0,0,0,0,0,0,11.0,72649.5,3940.5,22109.399999999998
7713,L54892,L,300.5,311.5,1499,37.6,73,0,0,0,0,0,0,11.0,56362.4,2744.8,22739.5
7714,M22573,M,300.5,311.4,2072,18.8,75,0,0,0,0,0,0,10.899999999999977,38953.6,1410.0,23355.0
7715,L54894,L,300.5,311.5,1487,43.0,78,0,0,0,0,0,0,11.0,63941.0,3354.0,24297.0
7716,L54895,L,300.5,311.5,1302,49.6,80,0,0,0,0,0,0,11.0,64579.200000000004,3968.0,24920.0
7717,M22576,M,300.5,311.5,1378,48.2,82,0,0,0,0,0,0,11.0,66419.6,3952.4,25543.0
7718,L54897,L,300.5,311.6,1365,53.0,85,0,0,0,0,0,0,11.100000000000023,72345.0,4505.0,26486.000000000004
7719,H37132,H,300.6,311.7,1427,44.6,87,0,0,0,0,0,0,11.099999999999966,63644.200000000004,3880.2000000000003,27117.899999999998
7720,H37133,H,300.6,311.7,1535,33.3,92,0,0,0,0,0,0,11.099999999999966,51115.49999999999,3063.6,28676.399999999998
7721,H37134,H,300.5,311.6,1476,41.7,97,0,0,0,0,0,0,11.100000000000023,61549.200000000004,4044.9,30225.2
7722,L54901,L,300.5,311.6,1425,42.4,102,0,0,0,0,0,0,11.100000000000023,60420.0,4324.8,31783.2
7723,L54902,L,300.5,311.7,1409,54.7,104,0,0,0,0,0,0,11.199999999999989,77072.3,5688.8,32416.8
7724,L54903,L,300.5,311.6,1730,30.2,106,0,0,0,0,0,0,11.100000000000023,52246.0,3201.2,33029.600000000006
7725,M22584,M,300.5,311.6,1454,41.4,108,0,0,0,0,0,0,11.100000000000023,60195.6,4471.2,33652.8
7726,L54905,L,300.6,311.7,1744,26.9,111,0,0,0,0,0,0,11.099999999999966,46913.6,2985.8999999999996,34598.7
7727,M22586,M,300.8,311.9,1761,29.0,113,0,0,0,0,0,0,11.099999999999966,51069.0,3277.0,35244.7
7728,M22587,M,300.7,311.9,1657,30.9,116,0,0,0,0,0,0,11.199999999999989,51201.299999999996,3584.3999999999996,36180.399999999994
7729,L54908,L,300.7,311.8,1420,47.0,119,0,0,0,0,0,0,11.100000000000023,66740.0,5593.0,37104.200000000004
7730,H37143,H,300.7,311.9,1329,59.2,121,0,0,0,0,0,0,11.199999999999989,78676.8,7163.200000000001,37739.899999999994
7731,L54910,L,300.6,311.9,1472,44.2,126,0,0,0,0,0,0,11.299999999999955,65062.4,5569.200000000001,39299.399999999994
7732,L54911,L,300.6,312.0,1566,30.1,128,0,0,0,0,0,0,11.399999999999977,47136.600000000006,3852.8,39936.0
7733,L54912,L,300.6,312.0,1430,42.7,130,0,0,0,0,0,0,11.399999999999977,61061.00000000001,5551.0,40560.0
7734,L54913,L,300.6,312.0,1481,40.9,132,0,0,0,0,0,0,11.399999999999977,60572.9,5398.8,41184.0
7735,L54914,L,300.6,312.0,1670,29.4,134,0,0,0,0,0,0,11.399999999999977,49098.0,3939.6,41808.0
7736,L54915,L,300.6,312.0,1406,55.1,136,0,0,0,0,0,0,11.399999999999977,77470.6,7493.6,42432.0
7737,H37150,H,300.6,312.1,1354,46.9,138,0,0,0,0,0,0,11.5,63502.6,6472.2,43069.8
7738,M22597,M,300.5,312.0,1985,19.3,143,0,0,0,0,0,0,11.5,38310.5,2759.9,44616.0
7739,M22598,M,300.5,312.0,1263,60.8,146,0,0,0,0,0,0,11.5,76790.4,8876.8,45552.0
7740,L54919,L,300.5,311.9,1576,31.1,149,0,0,0,0,0,0,11.399999999999977,49013.600000000006,4633.900000000001,46473.1
7741,L54920,L,300.5,312.0,1453,45.1,151,0,0,0,0,0,0,11.5,65530.3,6810.1,47112.0
7742,L54921,L,300.5,312.0,1478,39.0,153,0,0,0,0,0,0,11.5,57642.0,5967.0,47736.0
7743,M22602,M,300.5,311.9,1323,57.9,155,0,0,0,0,0,0,11.399999999999977,76601.7,8974.5,48344.5
7744,L54923,L,300.5,311.9,1710,28.4,158,0,0,0,0,0,0,11.399999999999977,48564.0,4487.2,49280.2
7745,L54924,L,300.4,311.7,1314,59.5,160,0,0,0,0,0,0,11.300000000000011,78183.0,9520.0,49872.0
7746,L54925,L,300.4,311.7,1460,39.6,162,0,0,0,0,0,0,11.300000000000011,57816.0,6415.2,50495.4
7747,M22606,M,300.4,311.7,1508,45.4,164,0,0,0,0,0,0,11.300000000000011,68463.2,7445.599999999999,51118.799999999996
7748,M22607,M,300.5,311.8,1331,55.3,167,0,0,0,0,0,0,11.300000000000011,73604.3,9235.1,52070.6
7749,L54928,L,300.4,311.7,1515,47.4,170,0,0,0,0,0,0,11.300000000000011,71811.0,8058.0,52989.0
7750,L54929,L,300.4,311.6,1674,33.0,172,0,0,0,0,0,0,11.200000000000045,55242.0,5676.0,53595.200000000004
7751,L54930,L,300.4,311.7,1444,51.2,174,0,0,0,0,0,0,11.300000000000011,73932.8,8908.800000000001,54235.799999999996
7752,M22611,M,300.4,311.7,1398,42.6,176,0,0,0,0,0,0,11.300000000000011,59554.8,7497.6,54859.2
7753,M22612,M,300.4,311.7,1832,24.2,179,0,0,0,0,0,0,11.300000000000011,44334.4,4331.8,55794.299999999996
7754,M22613,M,300.5,311.8,1591,42.0,182,0,0,0,0,0,0,11.300000000000011,66822.0,7644.0,56747.6
7755,M22614,M,300.4,311.7,1478,39.9,185,0,0,0,0,0,0,11.300000000000011,58972.2,7381.5,57664.5
7756,M22615,M,300.4,311.8,1362,47.6,188,0,0,0,0,0,0,11.400000000000034,64831.200000000004,8948.800000000001,58618.4
7757,L54936,L,300.5,311.8,1368,57.9,191,1,0,0,0,1,0,11.300000000000011,79207.2,11058.9,59553.8
7758,M22617,M,300.3,311.7,1723,28.3,193,0,0,0,0,0,0,11.399999999999977,48760.9,5461.900000000001,60158.1
7759,L54938,L,300.4,311.8,1689,30.8,196,0,0,0,0,0,0,11.400000000000034,52021.200000000004,6036.8,61112.8
7760,L54939,L,300.4,311.8,1272,59.2,198,1,0,0,0,1,0,11.400000000000034,75302.40000000001,11721.6,61736.4
7761,M22620,M,300.4,311.7,1511,33.0,200,0,0,0,0,0,0,11.300000000000011,49863.0,6600.0,62340.0
7762,H37175,H,300.4,311.6,1715,30.8,203,0,0,0,0,0,0,11.200000000000045,52822.0,6252.400000000001,63254.8
7763,M22622,M,300.3,311.5,1400,43.8,0,0,0,0,0,0,0,11.199999999999989,61319.99999999999,0.0,0.0
7764,L54943,L,300.4,311.6,1200,76.6,3,1,0,0,1,0,0,11.200000000000045,91920.0,229.79999999999998,934.8000000000001
7765,M22624,M,300.4,311.7,1555,38.7,5,0,0,0,0,0,0,11.300000000000011,60178.50000000001,193.5,1558.5
7766,H37179,H,300.3,311.6,1427,56.2,8,0,0,0,0,0,0,11.300000000000011,80197.40000000001,449.6,2492.8
7767,L54946,L,300.3,311.4,1318,52.7,13,0,0,0,0,0,0,11.099999999999966,69458.6,685.1,4048.2
7768,H37181,H,300.2,311.4,1319,54.6,15,0,0,0,0,0,0,11.199999999999989,72017.40000000001,819.0,4671.0
7769,M22628,M,300.2,311.4,1960,20.9,20,0,0,0,0,0,0,11.199999999999989,40964.0,418.0,6228.0
7770,L54949,L,300.3,311.5,1552,38.9,23,0,0,0,0,0,0,11.199999999999989,60372.799999999996,894.6999999999999,7164.5
7771,L54950,L,300.3,311.5,1548,32.2,25,0,0,0,0,0,0,11.199999999999989,49845.600000000006,805.0000000000001,7787.5
7772,L54951,L,300.3,311.6,1709,29.5,27,0,0,0,0,0,0,11.300000000000011,50415.5,796.5,8413.2
7773,H37186,H,300.3,311.5,1464,41.0,29,0,0,0,0,0,0,11.199999999999989,60024.0,1189.0,9033.5
7774,L54953,L,300.3,311.4,1759,24.8,34,0,0,0,0,0,0,11.099999999999966,43623.200000000004,843.2,10587.599999999999
7775,L54954,L,300.3,311.5,1634,31.9,36,0,0,0,0,0,0,11.199999999999989,52124.6,1148.3999999999999,11214.0
7776,L54955,L,300.3,311.5,1663,33.6,38,0,0,0,0,0,0,11.199999999999989,55876.8,1276.8,11837.0
7777,M22636,M,300.3,311.5,1445,47.3,40,0,0,0,0,0,0,11.199999999999989,68348.5,1892.0,12460.0
7778,L54957,L,300.3,311.5,1695,25.6,43,0,0,0,0,0,0,11.199999999999989,43392.0,1100.8,13394.5
7779,L54958,L,300.4,311.6,1517,39.0,45,0,0,0,0,0,0,11.200000000000045,59163.0,1755.0,14022.000000000002
7780,L54959,L,300.5,311.7,1811,26.8,47,0,0,0,0,0,0,11.199999999999989,48534.8,1259.6000000000001,14649.9
7781,L54960,L,300.4,311.6,1815,23.5,49,0,0,0,0,0,0,11.200000000000045,42652.5,1151.5,15268.400000000001
7782,L54961,L,300.4,311.7,1513,40.0,51,0,0,0,0,0,0,11.300000000000011,60520.0,2040.0,15896.699999999999
7783,M22642,M,300.4,311.6,1518,36.4,53,0,0,0,0,0,0,11.200000000000045,55255.2,1929.1999999999998,16514.800000000003
7784,L54963,L,300.3,311.5,1667,28.8,56,0,0,0,0,0,0,11.199999999999989,48009.6,1612.8,17444.0
7785,L54964,L,300.3,311.5,1403,60.1,58,0,0,0,0,0,0,11.199999999999989,84320.3,3485.8,18067.0
7786,L54965,L,300.2,311.5,1383,42.1,60,0,0,0,0,0,0,11.300000000000011,58224.3,2526.0,18690.0
7787,L54966,L,300.3,311.5,1466,46.2,62,0,0,0,0,0,0,11.199999999999989,67729.2,2864.4,19313.0
7788,L54967,L,300.3,311.5,1378,47.5,64,0,0,0,0,0,0,11.199999999999989,65455.0,3040.0,19936.0
7789,M22648,M,300.2,311.5,1547,40.9,66,0,0,0,0,0,0,11.300000000000011,63272.299999999996,2699.4,20559.0
7790,L54969,L,300.2,311.5,1495,38.5,69,0,0,0,0,0,0,11.300000000000011,57557.5,2656.5,21493.5
7791,L54970,L,300.1,311.4,1729,29.3,71,0,0,0,0,0,0,11.299999999999955,50659.700000000004,2080.3,22109.399999999998
7792,L54971,L,300.1,311.4,1418,47.7,73,0,0,0,0,0,0,11.299999999999955,67638.6,3482.1000000000004,22732.199999999997
7793,H37206,H,300.1,311.4,1485,40.4,75,0,0,0,0,0,0,11.299999999999955,59994.0,3030.0,23355.0
7794,L54973,L,300.1,311.5,1434,40.8,80,0,0,0,0,0,0,11.399999999999977,58507.2,3264.0,24920.0
7795,M22654,M,300.2,311.6,1415,55.8,82,0,0,0,0,0,0,11.400000000000034,78957.0,4575.599999999999,25551.2
7796,H37209,H,300.1,311.6,1674,29.6,85,0,0,0,0,0,0,11.5,49550.4,2516.0,26486.000000000004
7797,L54976,L,300.1,311.5,1454,52.4,90,0,0,0,0,0,0,11.399999999999977,76189.59999999999,4716.0,28035.0
7798,L54977,L,300.0,311.4,1476,39.0,92,0,0,0,0,0,0,11.399999999999977,57564.0,3588.0,28648.8
7799,L54978,L,300.0,311.5,1812,28.3,94,0,0,0,0,0,0,11.5,51279.6,2660.2000000000003,29281.0
7800,L54979,L,300.0,311.4,1374,41.9,96,0,0,0,0,0,0,11.399999999999977,57570.6,4022.3999999999996,29894.399999999998
7801,M22660,M,300.1,311.4,1524,40.6,98,0,0,0,0,0,0,11.299999999999955,61874.4,3978.8,30517.199999999997
7802,L54981,L,300.0,311.4,1383,49.6,101,0,0,0,0,0,0,11.399999999999977,68596.8,5009.6,31451.399999999998
7803,L54982,L,299.9,311.3,1429,58.2,103,0,0,0,0,0,0,11.400000000000034,83167.8,5994.6,32063.9
7804,M22663,M,299.8,311.3,1517,41.2,105,0,0,0,0,0,0,11.5,62500.4,4326.0,32686.5
7805,M22664,M,299.9,311.4,1480,44.9,108,0,0,0,0,0,0,11.5,66452.0,4849.2,33631.2
7806,L54985,L,299.9,311.4,1706,28.8,111,0,0,0,0,0,0,11.5,49132.8,3196.8,34565.399999999994
7807,L54986,L,300.0,311.5,1349,48.6,113,0,0,0,0,0,0,11.5,65561.40000000001,5491.8,35199.5
7808,M22667,M,300.0,311.5,1451,49.0,115,0,0,0,0,0,0,11.5,71099.0,5635.0,35822.5
7809,L54988,L,299.9,311.4,1627,36.7,118,0,0,0,0,0,0,11.5,59710.9,4330.6,36745.2
7810,M22669,M,300.0,311.4,1537,35.4,120,0,0,0,0,0,0,11.399999999999977,54409.799999999996,4248.0,37368.0
7811,L54990,L,300.1,311.5,2218,17.0,123,0,0,0,0,0,0,11.399999999999977,37706.0,2091.0,38314.5
7812,M22671,M,300.0,311.4,1466,39.0,125,0,0,0,0,0,0,11.399999999999977,57174.0,4875.0,38925.0
7813,L54992,L,300.0,311.5,1666,32.0,128,0,0,0,0,0,0,11.5,53312.0,4096.0,39872.0
7814,L54993,L,300.0,311.5,1455,41.7,130,0,0,0,0,0,0,11.5,60673.50000000001,5421.0,40495.0
7815,L54994,L,300.0,311.4,1927,24.6,132,0,0,0,0,0,0,11.399999999999977,47404.200000000004,3247.2000000000003,41104.799999999996
7816,M22675,M,299.9,311.3,1703,28.4,134,0,0,0,0,0,0,11.400000000000034,48365.2,3805.6,41714.200000000004
7817,L54996,L,299.8,311.2,1533,35.9,137,0,0,0,0,0,0,11.399999999999977,55034.7,4918.3,42634.4
7818,H37231,H,299.8,311.3,1785,25.4,139,0,0,0,0,0,0,11.5,45339.0,3530.6,43270.700000000004
7819,L54998,L,299.8,311.2,2142,16.6,144,0,0,0,0,0,0,11.399999999999977,35557.200000000004,2390.4,44812.799999999996
7820,L54999,L,299.8,311.2,1369,46.2,146,0,0,0,0,0,0,11.399999999999977,63247.8,6745.200000000001,45435.2
7821,M22680,M,299.8,311.2,1706,29.2,148,0,0,0,0,0,0,11.399999999999977,49815.2,4321.599999999999,46057.6
7822,L55001,L,299.9,311.3,1802,24.4,151,0,0,0,0,0,0,11.400000000000034,43968.799999999996,3684.3999999999996,47006.3
7823,H37236,H,299.9,311.3,1413,41.8,153,0,0,0,0,0,0,11.400000000000034,59063.399999999994,6395.4,47628.9
7824,L55003,L,300.0,311.3,1484,53.2,158,0,0,0,0,0,0,11.300000000000011,78948.8,8405.6,49185.4
7825,L55004,L,299.9,311.3,1535,38.1,160,0,0,0,0,0,0,11.400000000000034,58483.5,6096.0,49808.0
7826,M22685,M,299.9,311.2,1579,35.5,162,0,0,0,0,0,0,11.300000000000011,56054.5,5751.0,50414.4
7827,L55006,L,299.8,311.1,1300,64.2,165,0,0,0,0,0,0,11.300000000000011,83460.0,10593.0,51331.50000000001
7828,M22687,M,299.8,311.1,1452,44.3,167,0,0,0,0,0,0,11.300000000000011,64323.6,7398.099999999999,51953.700000000004
7829,M22688,M,299.8,311.1,1562,35.7,170,0,0,0,0,0,0,11.300000000000011,55763.4,6069.000000000001,52887.00000000001
7830,L55009,L,299.8,311.2,1664,28.3,173,0,0,0,0,0,0,11.399999999999977,47091.200000000004,4895.900000000001,53837.6
7831,H37244,H,299.9,311.2,1495,35.8,175,0,0,0,0,0,0,11.300000000000011,53520.99999999999,6264.999999999999,54460.0
7832,M22691,M,300.0,311.4,1533,42.6,180,0,0,0,0,0,0,11.399999999999977,65305.8,7668.0,56051.99999999999
7833,L55012,L,300.0,311.4,1484,37.0,183,0,0,0,0,0,0,11.399999999999977,54908.0,6771.0,56986.2
7834,L55013,L,300.0,311.4,1604,38.7,185,0,0,0,0,0,0,11.399999999999977,62074.8,7159.500000000001,57608.99999999999
7835,L55014,L,300.0,311.4,1483,45.6,187,0,0,0,0,0,0,11.399999999999977,67624.8,8527.2,58231.799999999996
7836,L55015,L,300.1,311.5,1549,34.7,189,0,0,0,0,0,0,11.399999999999977,53750.3,6558.3,58873.5
7837,L55016,L,300.1,311.4,1604,35.0,191,0,0,0,0,0,0,11.299999999999955,56140.0,6685.0,59477.399999999994
7838,L55017,L,300.2,311.5,1685,31.0,193,0,0,0,0,0,0,11.300000000000011,52235.0,5983.0,60119.5
7839,L55018,L,300.2,311.6,1372,49.2,195,0,0,0,0,0,0,11.400000000000034,67502.40000000001,9594.0,60762.00000000001
7840,L55019,L,300.3,311.6,1374,47.4,197,0,0,0,0,0,0,11.300000000000011,65127.6,9337.8,61385.200000000004
7841,L55020,L,300.2,311.6,1606,31.0,199,0,0,0,0,0,0,11.400000000000034,49786.0,6169.0,62008.4
7842,L55021,L,300.1,311.5,1471,47.2,201,0,0,0,0,0,0,11.399999999999977,69431.2,9487.2,62611.5
7843,L55022,L,300.1,311.5,1659,31.1,203,0,0,0,0,0,0,11.399999999999977,51594.9,6313.3,63234.5
7844,M22703,M,300.1,311.7,1400,48.5,205,0,0,0,0,0,0,11.599999999999966,67900.0,9942.5,63898.5
7845,L55024,L,300.1,311.7,1503,42.6,208,0,0,0,0,0,0,11.599999999999966,64027.8,8860.800000000001,64833.6
7846,L55025,L,300.2,311.8,1798,23.2,210,0,0,0,0,0,0,11.600000000000023,41713.6,4872.0,65478.0
7847,M22706,M,300.2,311.6,1608,35.0,212,0,0,0,0,0,0,11.400000000000034,56280.0,7420.0,66059.20000000001
7848,L55027,L,300.2,311.6,1322,50.9,215,0,0,0,0,0,0,11.400000000000034,67289.8,10943.5,66994.0
7849,H37262,H,300.2,311.6,1547,37.7,217,0,0,0,0,0,0,11.400000000000034,58321.9,8180.900000000001,67617.20000000001
7850,M22709,M,300.3,311.7,1374,47.9,222,1,1,0,0,0,0,11.399999999999977,65814.59999999999,10633.8,69197.4
7851,M22710,M,300.3,311.7,1447,36.8,0,0,0,0,0,0,0,11.399999999999977,53249.6,0.0,0.0
7852,L55031,L,300.4,311.7,1373,47.2,3,0,0,0,0,0,0,11.300000000000011,64805.600000000006,141.60000000000002,935.0999999999999
7853,L55032,L,300.3,311.7,1515,37.5,5,0,0,0,0,0,0,11.399999999999977,56812.5,187.5,1558.5
7854,L55033,L,300.3,311.7,1317,56.5,7,0,0,0,0,0,0,11.399999999999977,74410.5,395.5,2181.9
7855,L55034,L,300.3,311.8,1551,37.2,9,0,0,0,0,0,0,11.5,57697.200000000004,334.8,2806.2000000000003
7856,M22715,M,300.3,311.8,1592,32.1,11,0,0,0,0,0,0,11.5,51103.200000000004,353.1,3429.8
7857,L55036,L,300.4,311.8,1433,42.2,14,0,0,0,0,0,0,11.400000000000034,60472.600000000006,590.8000000000001,4365.2
7858,L55037,L,300.5,311.9,1432,43.1,16,0,0,0,0,0,0,11.399999999999977,61719.200000000004,689.6,4990.4
7859,L55038,L,300.5,311.9,1350,51.7,18,0,0,0,0,0,0,11.399999999999977,69795.0,930.6,5614.2
7860,M22719,M,300.5,311.9,1370,44.8,20,0,0,0,0,0,0,11.399999999999977,61375.99999999999,896.0,6238.0
7861,L55040,L,300.5,312.0,1415,44.6,23,0,0,0,0,0,0,11.5,63109.0,1025.8,7176.0
7862,L55041,L,300.5,312.0,1498,42.9,25,0,0,0,0,0,0,11.5,64264.2,1072.5,7800.0
7863,M22722,M,300.5,312.0,1382,54.1,27,0,0,0,0,0,0,11.5,74766.2,1460.7,8424.0
7864,M22723,M,300.5,311.9,1511,44.5,30,0,0,0,0,0,0,11.399999999999977,67239.5,1335.0,9357.0
7865,L55044,L,300.5,311.9,1330,59.5,33,0,0,0,0,0,0,11.399999999999977,79135.0,1963.5,10292.699999999999
7866,L55045,L,300.5,311.9,1383,50.5,35,0,0,0,0,0,0,11.399999999999977,69841.5,1767.5,10916.5
7867,L55046,L,300.5,311.9,1431,49.4,37,0,0,0,0,0,0,11.399999999999977,70691.4,1827.8,11540.3
7868,L55047,L,300.5,312.0,1461,38.1,39,0,0,0,0,0,0,11.5,55664.1,1485.9,12168.0
7869,H37282,H,300.4,311.9,1438,46.7,41,0,0,0,0,0,1,11.5,67154.6,1914.7,12787.9
7870,M22729,M,300.5,312.0,1779,27.7,46,0,0,0,0,0,0,11.5,49278.299999999996,1274.2,14352.0
7871,M22730,M,300.6,312.1,1293,52.3,49,0,0,0,0,0,0,11.5,67623.9,2562.7,15292.900000000001
7872,L55051,L,300.6,312.2,1308,54.7,52,0,0,0,0,0,0,11.599999999999966,71547.6,2844.4,16234.4
7873,L55052,L,300.6,312.3,1532,37.2,54,0,0,0,0,0,0,11.699999999999989,56990.4,2008.8000000000002,16864.2
7874,L55053,L,300.7,312.4,1470,38.6,56,0,0,0,0,0,0,11.699999999999989,56742.0,2161.6,17494.399999999998
7875,L55054,L,300.7,312.3,1548,37.9,58,0,0,0,0,0,0,11.600000000000023,58669.2,2198.2,18113.4
7876,L55055,L,300.7,312.3,1898,24.0,60,0,0,0,0,0,0,11.600000000000023,45552.0,1440.0,18738.0
7877,H37290,H,300.7,312.2,1335,49.0,62,0,0,0,0,0,0,11.5,65415.0,3038.0,19356.399999999998
7878,L55057,L,300.7,312.3,1420,53.8,67,0,0,0,0,0,0,11.600000000000023,76396.0,3604.6,20924.100000000002
7879,L55058,L,300.7,312.3,1418,49.0,69,0,0,0,0,0,0,11.600000000000023,69482.0,3381.0,21548.7
7880,M22739,M,300.8,312.3,1535,40.3,71,0,0,0,0,0,0,11.5,61860.49999999999,2861.2999999999997,22173.3
7881,H37294,H,300.7,312.4,1457,47.2,74,0,0,0,0,0,0,11.699999999999989,68770.40000000001,3492.8,23117.6
7882,L55061,L,300.8,312.4,1493,39.1,79,0,0,0,0,0,0,11.599999999999966,58376.3,3088.9,24679.6
7883,H37296,H,300.7,312.3,1670,27.3,81,0,0,0,0,0,0,11.600000000000023,45591.0,2211.3,25296.3
7884,H37297,H,300.7,312.3,1446,45.4,86,0,0,0,0,0,0,11.600000000000023,65648.4,3904.4,26857.8
7885,L55064,L,300.8,312.4,1465,59.1,91,1,0,0,1,0,0,11.599999999999966,86581.5,5378.1,28428.399999999998
7886,L55065,L,300.7,312.3,1590,36.3,93,0,0,0,0,0,0,11.600000000000023,57716.99999999999,3375.8999999999996,29043.9
7887,M22746,M,300.6,312.2,2174,18.5,95,0,0,0,0,0,0,11.599999999999966,40219.0,1757.5,29659.0
7888,L55067,L,300.7,312.4,1590,37.9,98,0,0,0,0,0,0,11.699999999999989,60261.0,3714.2,30615.199999999997
7889,L55068,L,300.7,312.3,1577,33.2,100,0,0,0,0,0,0,11.600000000000023,52356.4,3320.0000000000005,31230.0
7890,M22749,M,300.7,312.4,1371,61.7,102,0,0,0,0,0,0,11.699999999999989,84590.7,6293.400000000001,31864.8
7891,L55070,L,300.8,312.4,1767,25.6,105,0,0,0,0,0,0,11.599999999999966,45235.200000000004,2688.0,32802.0
7892,L55071,L,300.8,312.5,1517,39.2,107,0,0,0,0,0,0,11.699999999999989,59466.4,4194.400000000001,33437.5
7893,M22752,M,300.9,312.6,1555,40.6,109,0,0,0,0,0,0,11.700000000000045,63133.0,4425.400000000001,34073.4
7894,L55073,L,300.9,312.7,1416,43.8,112,0,0,0,0,0,0,11.800000000000011,62020.799999999996,4905.599999999999,35022.4
7895,M22754,M,300.8,312.6,1588,35.6,114,0,0,0,0,0,0,11.800000000000011,56532.8,4058.4,35636.4
7896,L55075,L,300.8,312.6,1422,50.0,117,0,0,0,0,0,0,11.800000000000011,71100.0,5850.0,36574.200000000004
7897,L55076,L,300.8,312.6,1376,53.6,119,0,0,0,0,0,0,11.800000000000011,73753.6,6378.400000000001,37199.4
7898,L55077,L,300.8,312.5,1434,50.7,121,0,0,0,0,0,0,11.699999999999989,72703.8,6134.700000000001,37812.5
7899,L55078,L,300.8,312.5,1423,47.3,123,0,0,0,0,0,0,11.699999999999989,67307.9,5817.9,38437.5
7900,L55079,L,300.9,312.4,1364,52.5,125,0,0,0,0,0,0,11.5,71610.0,6562.5,39050.0
7901,L55080,L,300.8,312.4,1825,23.8,127,0,0,0,0,0,0,11.599999999999966,43435.0,3022.6,39674.799999999996
7902,L55081,L,300.8,312.4,1365,44.5,129,0,0,0,0,0,0,11.599999999999966,60742.5,5740.5,40299.6
7903,M22762,M,300.7,312.3,1430,47.2,131,0,0,0,0,0,0,11.600000000000023,67496.0,6183.200000000001,40911.3
7904,L55083,L,300.8,312.3,1435,44.8,134,0,0,0,0,0,0,11.5,64287.99999999999,6003.2,41848.200000000004
7905,M22764,M,300.8,312.4,1811,25.1,136,0,0,0,0,0,0,11.599999999999966,45456.100000000006,3413.6000000000004,42486.399999999994
7906,M22765,M,300.8,312.4,1465,43.7,139,0,0,0,0,0,0,11.599999999999966,64020.50000000001,6074.3,43423.6
7907,L55086,L,300.9,312.4,1372,51.0,142,0,0,0,0,0,0,11.5,69972.0,7242.0,44360.799999999996
7908,L55087,L,300.8,312.3,1858,26.3,144,0,0,0,0,0,0,11.5,48865.4,3787.2000000000003,44971.200000000004
7909,L55088,L,300.7,312.3,1715,26.8,146,0,0,0,0,0,0,11.600000000000023,45962.0,3912.8,45595.8
7910,L55089,L,300.7,312.2,1590,38.5,148,0,0,0,0,0,0,11.5,61215.0,5698.0,46205.6
7911,M22770,M,300.8,312.2,1664,25.7,150,0,0,0,0,0,0,11.399999999999977,42764.799999999996,3855.0,46830.0
7912,L55091,L,300.7,312.1,1512,36.9,153,0,0,0,0,0,0,11.400000000000034,55792.799999999996,5645.7,47751.3
7913,L55092,L,300.7,312.1,1498,44.0,155,0,0,0,0,0,0,11.400000000000034,65912.0,6820.0,48375.5
7914,L55093,L,300.7,312.1,1395,41.9,157,0,0,0,0,0,0,11.400000000000034,58450.5,6578.3,48999.700000000004
7915,H37328,H,300.7,312.1,1490,43.1,159,0,0,0,0,0,0,11.400000000000034,64219.0,6852.900000000001,49623.9
7916,H37329,H,300.8,312.1,1527,35.1,164,0,0,0,0,0,0,11.300000000000011,53597.700000000004,5756.400000000001,51184.4
7917,L55096,L,300.8,312.1,1512,37.1,169,0,0,0,0,0,0,11.300000000000011,56095.200000000004,6269.900000000001,52744.9
7918,L55097,L,300.9,312.1,1474,42.4,171,0,0,0,0,0,0,11.200000000000045,62497.6,7250.4,53369.100000000006
7919,L55098,L,300.8,312.1,1505,41.3,173,0,0,0,0,0,0,11.300000000000011,62156.49999999999,7144.9,53993.3
7920,L55099,L,300.8,312.0,1496,40.0,175,0,0,0,0,0,0,11.199999999999989,59840.0,7000.0,54600.0
7921,L55100,L,300.8,312.0,1382,49.3,177,0,0,0,0,0,0,11.199999999999989,68132.59999999999,8726.1,55224.0
7922,L55101,L,300.7,311.9,1419,47.7,179,0,0,0,0,0,0,11.199999999999989,67686.3,8538.300000000001,55830.1
7923,L55102,L,300.7,311.9,1462,39.7,181,0,0,0,0,0,0,11.199999999999989,58041.4,7185.700000000001,56453.899999999994
7924,M22783,M,300.8,312.0,1450,45.0,183,0,0,0,0,0,0,11.199999999999989,65250.0,8235.0,57096.0
7925,H37338,H,300.7,311.9,1389,46.5,186,0,0,0,0,0,0,11.199999999999989,64588.5,8649.0,58013.399999999994
7926,M22785,M,300.7,311.9,1697,28.2,191,0,0,0,0,0,0,11.199999999999989,47855.4,5386.2,59572.899999999994
7927,L55106,L,300.7,311.9,1335,57.1,194,1,0,0,0,1,0,11.199999999999989,76228.5,11077.4,60508.6
7928,L55107,L,300.7,311.9,1476,42.0,196,0,0,0,0,0,0,11.199999999999989,61992.0,8232.0,61132.399999999994
7929,L55108,L,300.6,311.7,1497,43.6,198,0,0,0,0,0,0,11.099999999999966,65269.200000000004,8632.800000000001,61716.6
7930,M22789,M,300.6,311.6,1669,29.2,200,0,0,0,0,0,0,11.0,48734.799999999996,5840.0,62320.00000000001
7931,L55110,L,300.6,311.6,1455,48.0,203,0,0,0,0,0,0,11.0,69840.0,9744.0,63254.8
7932,L55111,L,300.7,311.7,1499,38.4,205,0,0,0,0,0,0,11.0,57561.6,7872.0,63898.5
7933,L55112,L,300.7,311.8,1478,41.9,207,0,0,0,0,0,0,11.100000000000023,61928.2,8673.3,64542.600000000006
7934,L55113,L,300.8,311.8,1928,21.8,209,0,0,0,0,0,0,11.0,42030.4,4556.2,65166.200000000004
7935,M22794,M,300.8,311.9,1621,28.3,211,0,0,0,0,0,0,11.099999999999966,45874.3,5971.3,65810.9
7936,M22795,M,300.8,311.9,1356,44.3,214,0,0,0,0,0,0,11.099999999999966,60070.799999999996,9480.199999999999,66746.59999999999
7937,L55116,L,300.8,311.7,1490,46.4,217,0,0,0,0,0,0,10.899999999999977,69136.0,10068.8,67638.9
7938,L55117,L,300.8,311.7,1578,31.4,219,0,0,0,0,0,0,10.899999999999977,49549.2,6876.599999999999,68262.3
7939,L55118,L,300.8,311.7,1681,31.3,221,0,0,0,0,0,0,10.899999999999977,52615.3,6917.3,68885.7
7940,L55119,L,300.8,311.8,1417,43.4,223,0,0,0,0,0,0,11.0,61497.799999999996,9678.199999999999,69531.40000000001
7941,M22800,M,300.7,311.7,1532,40.0,0,0,0,0,0,0,0,11.0,61280.0,0.0,0.0
7942,M22801,M,300.7,311.7,1499,38.9,3,0,0,0,0,0,0,11.0,58311.1,116.69999999999999,935.0999999999999
7943,L55122,L,300.8,311.7,1432,45.8,6,0,0,0,0,0,0,10.899999999999977,65585.59999999999,274.79999999999995,1870.1999999999998
7944,L55123,L,300.8,311.7,1753,29.0,8,0,0,0,0,0,0,10.899999999999977,50837.0,232.0,2493.6
7945,L55124,L,300.8,311.7,1414,49.0,10,0,0,0,0,0,0,10.899999999999977,69286.0,490.0,3117.0
7946,L55125,L,300.8,311.7,1655,32.2,12,0,0,0,0,0,0,10.899999999999977,53291.00000000001,386.40000000000003,3740.3999999999996
7947,L55126,L,300.8,311.6,1516,35.6,14,0,0,0,0,0,0,10.800000000000011,53969.6,498.40000000000003,4362.400000000001
7948,L55127,L,300.8,311.7,1426,45.5,16,0,0,0,0,0,0,10.899999999999977,64883.0,728.0,4987.2
7949,L55128,L,300.8,311.7,1479,39.4,18,0,0,0,0,0,0,10.899999999999977,58272.6,709.1999999999999,5610.599999999999
7950,M22809,M,300.7,311.5,1569,36.4,20,0,0,0,0,0,0,10.800000000000011,57111.6,728.0,6230.0
7951,L55130,L,300.8,311.6,1568,36.0,23,0,0,0,0,0,0,10.800000000000011,56448.0,828.0,7166.8
7952,M22811,M,300.9,311.8,1843,24.5,25,0,0,0,0,0,0,10.900000000000034,45153.5,612.5,7795.0
7953,M22812,M,300.9,311.9,1480,40.9,28,0,0,0,0,0,0,11.0,60532.0,1145.2,8733.199999999999
7954,L55133,L,301.0,312.0,1447,36.8,31,0,0,0,0,0,0,11.0,53249.6,1140.8,9672.0
7955,L55134,L,301.0,311.9,1454,41.9,33,0,0,0,0,0,0,10.899999999999977,60922.6,1382.7,10292.699999999999
7956,M22815,M,300.9,311.9,1310,56.1,35,0,0,0,0,0,0,11.0,73491.0,1963.5,10916.5
7957,H37370,H,300.9,311.9,1513,38.0,38,0,0,0,0,0,0,11.0,57494.0,1444.0,11852.199999999999
7958,H37371,H,300.9,311.9,2140,16.5,43,0,0,0,0,0,0,11.0,35310.0,709.5,13411.699999999999
7959,L55138,L,301.0,312.1,1377,49.9,48,0,0,0,0,0,0,11.100000000000023,68712.3,2395.2,14980.800000000001
7960,L55139,L,301.0,312.1,1585,32.3,50,0,0,0,0,0,0,11.100000000000023,51195.49999999999,1614.9999999999998,15605.000000000002
7961,H37374,H,301.1,312.2,1491,42.6,52,0,0,0,0,0,0,11.099999999999966,63516.6,2215.2000000000003,16234.4
7962,L55141,L,301.0,312.2,1264,59.0,57,0,0,0,0,0,0,11.199999999999989,74576.0,3363.0,17795.399999999998
7963,L55142,L,301.0,312.2,1372,47.0,59,0,0,0,0,0,0,11.199999999999989,64484.0,2773.0,18419.8
7964,L55143,L,301.0,312.2,1510,39.9,61,0,0,0,0,0,0,11.199999999999989,60249.0,2433.9,19044.2
7965,L55144,L,300.9,312.1,1423,40.2,63,0,0,0,0,0,0,11.200000000000045,57204.600000000006,2532.6000000000004,19662.300000000003
7966,L55145,L,301.1,312.3,1464,35.3,65,0,0,0,0,0,0,11.199999999999989,51679.2,2294.5,20299.5
7967,L55146,L,301.0,312.2,1602,35.9,67,0,0,0,0,0,0,11.199999999999989,57511.799999999996,2405.2999999999997,20917.399999999998
7968,M22827,M,301.0,312.2,1629,32.6,69,0,0,0,0,0,0,11.199999999999989,53105.4,2249.4,21541.8
7969,L55148,L,300.9,312.2,1811,23.2,72,0,0,0,0,0,0,11.300000000000011,42015.2,1670.3999999999999,22478.399999999998
7970,L55149,L,300.9,312.1,1711,28.8,74,0,0,0,0,0,0,11.200000000000045,49276.8,2131.2000000000003,23095.4
7971,M22830,M,300.9,312.1,1297,48.6,76,0,0,0,0,0,0,11.200000000000045,63034.200000000004,3693.6,23719.600000000002
7972,L55151,L,301.0,312.1,1405,46.1,79,0,0,0,0,0,0,11.100000000000023,64770.5,3641.9,24655.9
7973,L55152,L,301.1,312.2,1397,54.9,81,0,0,0,0,0,0,11.099999999999966,76695.3,4446.9,25288.2
7974,L55153,L,301.1,312.3,1682,29.7,83,0,0,0,0,0,0,11.199999999999989,49955.4,2465.1,25920.9
7975,L55154,L,301.2,312.3,1528,38.4,85,0,0,0,0,0,0,11.100000000000023,58675.2,3264.0,26545.5
7976,M22835,M,301.2,312.3,1548,38.3,87,0,0,0,0,0,0,11.100000000000023,59288.399999999994,3332.1,27170.100000000002
7977,H37390,H,301.2,312.4,1395,47.8,90,0,0,0,0,0,0,11.199999999999989,66681.0,4302.0,28115.999999999996
7978,L55157,L,301.2,312.4,1378,59.0,95,0,0,0,0,0,0,11.199999999999989,81302.0,5605.0,29677.999999999996
7979,L55158,L,301.2,312.4,1480,53.5,97,0,0,0,0,0,0,11.199999999999989,79180.0,5189.5,30302.8
7980,M22839,M,301.2,312.4,1428,36.6,99,0,0,0,0,0,0,11.199999999999989,52264.8,3623.4,30927.6
7981,M22840,M,301.2,312.4,1505,39.6,102,0,0,0,0,0,0,11.199999999999989,59598.0,4039.2000000000003,31864.8
7982,L55161,L,301.0,312.3,1445,36.4,105,0,0,0,0,0,0,11.300000000000011,52598.0,3822.0,32791.5
7983,L55162,L,301.0,312.3,1488,42.6,107,0,0,0,0,0,0,11.300000000000011,63388.8,4558.2,33416.1
7984,L55163,L,301.0,312.2,1601,33.0,109,0,0,0,0,0,0,11.199999999999989,52833.0,3597.0,34029.799999999996
7985,L55164,L,301.0,312.3,1550,34.9,111,0,0,0,0,0,0,11.300000000000011,54095.0,3873.8999999999996,34665.3
7986,L55165,L,301.0,312.2,1540,34.1,113,0,0,0,0,0,0,11.199999999999989,52514.0,3853.3,35278.6
7987,L55166,L,301.1,312.3,1587,34.5,115,0,0,0,0,0,0,11.199999999999989,54751.5,3967.5,35914.5
7988,H37401,H,301.0,312.2,1489,40.3,117,0,0,0,0,0,0,11.199999999999989,60006.7,4715.099999999999,36527.4
7989,L55168,L,301.1,312.3,1486,34.9,122,0,0,0,0,0,0,11.199999999999989,51861.4,4257.8,38100.6
7990,L55169,L,301.1,312.4,1430,37.9,124,0,0,0,0,0,0,11.299999999999955,54197.0,4699.599999999999,38737.6
7991,M22850,M,301.1,312.4,1809,25.1,126,0,0,0,0,0,0,11.299999999999955,45405.9,3162.6000000000004,39362.399999999994
7992,L55171,L,301.1,312.3,1534,39.0,129,0,0,0,0,0,0,11.199999999999989,59826.0,5031.0,40286.700000000004
7993,M22852,M,301.1,312.3,1852,25.9,131,0,0,0,0,0,0,11.199999999999989,47966.799999999996,3392.8999999999996,40911.3
7994,L55173,L,301.1,312.3,1595,31.9,134,0,0,0,0,0,0,11.199999999999989,50880.5,4274.599999999999,41848.200000000004
7995,L55174,L,301.0,312.3,1424,43.5,136,0,0,0,0,0,0,11.300000000000011,61944.0,5916.0,42472.8
7996,L55175,L,301.0,312.2,1776,28.8,138,0,0,0,0,0,0,11.199999999999989,51148.8,3974.4,43083.6
7997,M22856,M,301.0,312.2,1499,41.5,140,0,0,0,0,0,0,11.199999999999989,62208.5,5810.0,43708.0
7998,M22857,M,301.0,312.2,2710,9.7,143,1,0,0,1,0,0,11.199999999999989,26286.999999999996,1387.1,44644.6
7999,L55178,L,300.9,312.1,1359,51.7,146,0,0,0,0,0,0,11.200000000000045,70260.3,7548.200000000001,45566.600000000006
8000,M22859,M,300.9,312.1,1617,31.0,148,0,0,0,0,0,0,11.200000000000045,50127.0,4588.0,46190.8
8001,M22860,M,300.8,312.0,1443,53.3,151,0,0,0,0,0,0,11.199999999999989,76911.9,8048.299999999999,47112.0
8002,L55181,L,300.8,312.0,1374,50.2,154,0,0,0,0,0,0,11.199999999999989,68974.8,7730.8,48048.0
8003,M22862,M,300.9,312.1,1851,23.0,156,0,0,0,0,0,0,11.200000000000045,42573.0,3588.0,48687.600000000006
8004,M22863,M,300.8,312.0,1274,67.3,159,0,0,0,0,0,0,11.199999999999989,85740.2,10700.699999999999,49608.0
8005,L55184,L,300.9,312.0,1533,44.0,162,0,0,0,0,0,0,11.100000000000023,67452.0,7128.0,50544.0
8006,L55185,L,300.8,312.0,1477,37.3,164,0,0,0,0,0,0,11.199999999999989,55092.1,6117.2,51168.0
8007,L55186,L,300.9,312.1,1462,46.0,166,0,0,0,0,0,0,11.200000000000045,67252.0,7636.0,51808.600000000006
8008,M22867,M,301.0,312.1,1664,28.4,168,0,0,0,0,0,0,11.100000000000023,47257.6,4771.2,52432.8
8009,L55188,L,300.8,311.9,1414,41.1,171,0,0,0,0,0,0,11.099999999999966,58115.4,7028.1,53334.899999999994
8010,H37423,H,300.9,312.0,2129,17.8,173,0,0,0,0,0,0,11.100000000000023,37896.200000000004,3079.4,53976.0
8011,L55190,L,300.8,311.8,1323,61.1,178,0,0,0,0,0,0,11.0,80835.3,10875.800000000001,55500.4
8012,L55191,L,300.8,311.8,1427,43.3,180,0,0,0,0,0,0,11.0,61789.1,7793.999999999999,56124.0
8013,M22872,M,300.9,312.0,1375,56.1,182,0,0,0,0,0,0,11.100000000000023,77137.5,10210.2,56784.0
8014,M22873,M,300.9,312.0,1402,50.7,185,0,0,0,0,0,0,11.100000000000023,71081.40000000001,9379.5,57720.0
8015,L55194,L,300.9,312.0,1500,44.2,188,0,0,0,0,0,0,11.100000000000023,66300.0,8309.6,58656.0
8016,M22875,M,301.0,312.0,1558,37.5,190,0,0,0,0,0,0,11.0,58425.0,7125.0,59280.0
8017,M22876,M,300.9,312.0,1447,41.4,193,0,0,0,0,0,0,11.100000000000023,59905.799999999996,7990.2,60216.0
8018,L55197,L,301.0,312.0,1518,39.3,196,0,0,0,0,0,0,11.0,59657.399999999994,7702.799999999999,61152.0
8019,L55198,L,301.0,311.9,1889,23.5,198,0,0,0,0,0,0,10.899999999999977,44391.5,4653.0,61756.2
8020,L55199,L,301.0,312.1,1675,30.7,200,0,0,0,0,0,0,11.100000000000023,51422.5,6140.0,62420.00000000001
8021,H37434,H,300.9,312.0,1720,27.9,202,0,0,0,0,0,0,11.100000000000023,47988.0,5635.799999999999,63024.0
8022,M22881,M,301.0,312.0,1499,34.6,207,0,0,0,0,0,0,11.0,51865.4,7162.200000000001,64584.0
8023,L55202,L,300.9,312.0,1441,43.8,210,0,0,0,0,0,0,11.100000000000023,63115.799999999996,9198.0,65520.0
8024,H37437,H,300.9,312.0,1397,42.7,212,0,0,0,0,0,0,11.100000000000023,59651.9,9052.400000000001,66144.0
8025,L55204,L,300.9,312.0,1493,38.7,217,0,0,0,0,0,0,11.100000000000023,57779.100000000006,8397.900000000001,67704.0
8026,M22885,M,300.8,312.0,1422,50.7,219,0,0,0,0,0,0,11.199999999999989,72095.40000000001,11103.300000000001,68328.0
8027,L55206,L,300.7,311.9,1399,50.2,222,1,0,0,0,1,0,11.199999999999989,70229.8,11144.400000000001,69241.79999999999
8028,L55207,L,300.6,311.9,1425,44.9,224,0,0,0,0,0,0,11.299999999999955,63982.5,10057.6,69865.59999999999
8029,L55208,L,300.6,311.8,1501,44.8,226,0,0,0,0,0,0,11.199999999999989,67244.8,10124.8,70466.8
8030,M22889,M,300.6,311.9,1629,35.3,0,0,0,0,0,0,0,11.299999999999955,57503.7,0.0,0.0
8031,L55210,L,300.6,312.0,1490,42.2,3,0,0,0,0,0,0,11.399999999999977,62878.00000000001,126.60000000000001,936.0
8032,L55211,L,300.7,312.0,1550,32.4,5,0,0,0,0,0,0,11.300000000000011,50220.0,162.0,1560.0
8033,L55212,L,300.8,312.0,1416,46.5,7,0,0,0,0,0,0,11.199999999999989,65844.0,325.5,2184.0
8034,L55213,L,300.7,311.9,1485,38.8,9,0,0,0,0,0,0,11.199999999999989,57617.99999999999,349.2,2807.1
8035,L55214,L,300.7,311.8,1564,36.8,11,0,0,0,0,0,0,11.100000000000023,57555.2,404.79999999999995,3429.8
8036,L55215,L,300.7,311.7,1910,19.7,13,0,0,0,0,0,0,11.0,37627.0,256.09999999999997,4052.1
8037,L55216,L,300.7,311.7,1460,46.1,15,0,0,0,0,0,0,11.0,67306.0,691.5,4675.5
8038,L55217,L,300.7,311.8,1603,34.1,17,0,0,0,0,0,0,11.100000000000023,54662.3,579.7,5300.6
8039,L55218,L,300.7,311.8,1486,47.3,19,0,0,0,0,0,0,11.100000000000023,70287.8,898.6999999999999,5924.2
8040,L55219,L,300.8,311.9,1560,31.8,21,0,0,0,0,0,0,11.099999999999966,49608.0,667.8000000000001,6549.9
8041,L55220,L,300.8,311.9,1498,39.3,23,0,0,0,0,0,0,11.099999999999966,58871.399999999994,903.9,7173.7
8042,H37455,H,300.8,311.9,1431,48.5,25,0,0,0,0,0,0,11.099999999999966,69403.5,1212.5,7797.499999999999
8043,L55222,L,300.8,311.9,1486,45.1,30,0,0,0,0,0,0,11.099999999999966,67018.6,1353.0,9357.0
8044,L55223,L,300.7,311.9,1486,35.8,32,0,0,0,0,0,0,11.199999999999989,53198.799999999996,1145.6,9980.8
8045,L55224,L,300.7,311.8,1441,38.1,34,0,0,0,0,0,0,11.100000000000023,54902.1,1295.4,10601.2
8046,M22905,M,300.7,311.9,1366,55.1,36,0,0,0,0,0,0,11.199999999999989,75266.6,1983.6000000000001,11228.4
8047,L55226,L,300.6,311.8,1471,41.4,39,0,0,0,0,0,0,11.199999999999989,60899.4,1614.6,12160.2
8048,L55227,L,300.6,311.9,1463,38.2,41,0,0,0,0,0,0,11.299999999999955,55886.600000000006,1566.2,12787.9
8049,L55228,L,300.6,311.9,1413,41.3,43,0,0,0,0,0,0,11.299999999999955,58356.899999999994,1775.8999999999999,13411.699999999999
8050,H37463,H,300.6,311.9,1604,30.5,45,0,0,0,0,0,0,11.299999999999955,48922.0,1372.5,14035.499999999998
8051,L55230,L,300.7,312.0,1401,51.1,50,0,0,0,0,0,0,11.300000000000011,71591.1,2555.0,15600.0
8052,L55231,L,300.6,311.8,1652,27.2,52,0,0,0,0,0,0,11.199999999999989,44934.4,1414.3999999999999,16213.6
8053,L55232,L,300.5,311.9,1403,45.7,54,0,0,0,0,0,0,11.399999999999977,64117.100000000006,2467.8,16842.6
8054,L55233,L,300.5,311.9,1887,21.7,56,0,0,0,0,0,0,11.399999999999977,40947.9,1215.2,17466.399999999998
8055,L55234,L,300.4,311.8,1405,47.9,58,0,0,0,0,0,0,11.400000000000034,67299.5,2778.2,18084.4
8056,H37469,H,300.2,311.6,1496,41.1,60,0,0,0,0,0,0,11.400000000000034,61485.6,2466.0,18696.0
8057,L55236,L,300.1,311.5,1499,43.4,65,0,0,0,0,0,0,11.399999999999977,65056.6,2821.0,20247.5
8058,L55237,L,300.2,311.5,1549,37.2,67,0,0,0,0,0,0,11.300000000000011,57622.8,2492.4,20870.5
8059,L55238,L,300.3,311.6,1515,44.9,69,0,0,0,0,0,0,11.300000000000011,68023.5,3098.1,21500.4
8060,L55239,L,300.2,311.6,1540,37.7,71,0,0,0,0,0,0,11.400000000000034,58058.00000000001,2676.7000000000003,22123.600000000002
8061,H37474,H,300.2,311.5,1426,44.3,73,0,0,0,0,0,0,11.300000000000011,63171.799999999996,3233.8999999999996,22739.5
8062,M22921,M,300.2,311.6,1465,41.4,78,0,0,0,0,0,0,11.400000000000034,60651.0,3229.2,24304.800000000003
8063,M22922,M,300.3,311.6,1359,54.1,81,0,0,0,0,0,0,11.300000000000011,73521.90000000001,4382.1,25239.600000000002
8064,M22923,M,300.3,311.7,1551,36.4,84,0,0,0,0,0,0,11.399999999999977,56456.399999999994,3057.6,26182.8
8065,L55244,L,300.5,311.8,1596,34.8,87,0,0,0,0,0,0,11.300000000000011,55540.799999999996,3027.6,27126.600000000002
8066,M22925,M,300.5,311.9,1670,26.3,89,0,0,0,0,0,0,11.399999999999977,43921.0,2340.7000000000003,27759.1
8067,L55246,L,300.4,311.9,1868,21.3,92,0,0,0,0,0,0,11.5,39788.4,1959.6000000000001,28694.8
8068,M22927,M,300.6,312.0,1490,39.8,94,0,0,0,0,0,0,11.399999999999977,59301.99999999999,3741.2,29328.0
8069,M22928,M,300.5,311.9,1676,35.2,97,0,0,0,0,0,0,11.399999999999977,58995.200000000004,3414.4,30254.3
8070,M22929,M,300.5,311.9,1875,22.1,100,0,0,0,0,0,0,11.399999999999977,41437.5,2210.0,31189.999999999996
8071,M22930,M,300.5,312.0,1867,23.0,103,0,0,0,0,0,0,11.5,42941.0,2369.0,32136.0
8072,L55251,L,300.5,312.0,1646,29.5,106,0,0,0,0,0,0,11.5,48557.0,3127.0,33072.0
8073,H37486,H,300.5,312.0,1375,43.2,108,0,0,0,0,0,0,11.5,59400.00000000001,4665.6,33696.0
8074,L55253,L,300.5,312.0,1558,36.7,113,0,0,0,0,0,0,11.5,57178.600000000006,4147.1,35256.0
8075,L55254,L,300.4,312.0,1631,34.9,115,0,0,0,0,0,0,11.600000000000023,56921.899999999994,4013.5,35880.0
8076,L55255,L,300.4,312.0,1366,43.0,117,0,0,0,0,0,0,11.600000000000023,58738.0,5031.0,36504.0
8077,L55256,L,300.3,311.8,1360,48.0,119,0,0,0,0,0,0,11.5,65280.0,5712.0,37104.200000000004
8078,L55257,L,300.3,311.8,1547,39.7,121,0,0,0,0,0,0,11.5,61415.9,4803.700000000001,37727.8
8079,L55258,L,300.3,311.7,1571,31.2,123,0,0,0,0,0,0,11.399999999999977,49015.2,3837.6,38339.1
8080,L55259,L,300.2,311.5,1528,36.1,125,0,0,0,0,0,0,11.300000000000011,55160.8,4512.5,38937.5
8081,H37494,H,300.2,311.5,1432,43.6,127,0,0,0,0,0,0,11.300000000000011,62435.200000000004,5537.2,39560.5
8082,L55261,L,300.2,311.6,1356,53.5,132,0,0,0,0,0,0,11.400000000000034,72546.0,7062.0,41131.200000000004
8083,H37496,H,300.1,311.5,1422,46.2,134,0,0,0,0,0,0,11.399999999999977,65696.40000000001,6190.8,41741.0
8084,L55263,L,300.1,311.4,1438,42.2,139,0,0,0,0,0,0,11.299999999999955,60683.600000000006,5865.8,43284.6
8085,L55264,L,300.2,311.4,1483,44.4,141,0,0,0,0,0,0,11.199999999999989,65845.2,6260.4,43907.399999999994
8086,L55265,L,300.2,311.4,1331,49.8,143,0,0,0,0,0,0,11.199999999999989,66283.8,7121.4,44530.2
8087,L55266,L,300.2,311.4,1463,37.5,145,0,0,0,0,0,0,11.199999999999989,54862.5,5437.5,45153.0
8088,L55267,L,300.1,311.4,1446,40.6,147,0,0,0,0,0,0,11.299999999999955,58707.6,5968.2,45775.799999999996
8089,L55268,L,300.1,311.4,1356,45.7,149,0,0,0,0,0,0,11.299999999999955,61969.200000000004,6809.3,46398.6
8090,L55269,L,300.1,311.3,1676,30.3,151,0,0,0,0,0,0,11.199999999999989,50782.8,4575.3,47006.3
8091,L55270,L,300.1,311.4,1910,23.0,153,0,0,0,0,0,0,11.299999999999955,43930.0,3519.0,47644.2
8092,L55271,L,300.2,311.6,1375,56.9,155,0,0,0,0,0,0,11.400000000000034,78237.5,8819.5,48298.0
8093,M22952,M,300.2,311.6,1513,40.8,157,0,0,0,0,0,0,11.400000000000034,61730.399999999994,6405.599999999999,48921.200000000004
8094,L55273,L,300.2,311.6,1511,35.7,160,0,0,0,0,0,0,11.400000000000034,53942.700000000004,5712.0,49856.0
8095,H37508,H,300.2,311.6,1662,28.8,162,0,0,0,0,0,0,11.400000000000034,47865.6,4665.6,50479.200000000004
8096,L55275,L,300.2,311.7,1493,48.3,167,0,0,0,0,0,0,11.5,72111.9,8066.099999999999,52053.9
8097,M22956,M,300.2,311.7,1555,37.4,169,0,0,0,0,0,0,11.5,58157.0,6320.599999999999,52677.299999999996
8098,L55277,L,300.3,311.7,1452,41.5,172,0,0,0,0,0,0,11.399999999999977,60258.0,7138.0,53612.4
8099,L55278,L,300.2,311.6,1500,39.0,174,0,0,0,0,0,0,11.400000000000034,58500.0,6786.0,54218.4
8100,L55279,L,300.2,311.7,1603,30.5,176,0,0,0,0,0,0,11.5,48891.5,5368.0,54859.2
8101,L55280,L,300.3,311.7,1682,27.8,178,0,0,0,0,0,0,11.399999999999977,46759.6,4948.400000000001,55482.6
8102,L55281,L,300.3,311.8,1567,37.7,180,0,0,0,0,0,0,11.5,59075.9,6786.000000000001,56124.0
8103,L55282,L,300.3,311.8,1413,46.0,182,0,0,0,0,0,0,11.5,64998.0,8372.0,56747.6
8104,M22963,M,300.3,311.9,1429,41.6,184,0,0,0,0,0,0,11.599999999999966,59446.4,7654.400000000001,57389.6
8105,L55284,L,300.3,311.9,1692,31.5,187,0,0,0,0,0,0,11.599999999999966,53298.0,5890.5,58325.299999999996
8106,L55285,L,300.4,311.9,1476,48.7,189,0,0,0,0,0,0,11.5,71881.2,9204.300000000001,58949.1
8107,M22966,M,300.4,312.0,1596,30.4,191,0,0,0,0,0,0,11.600000000000023,48518.399999999994,5806.4,59592.0
8108,H37521,H,300.3,311.9,1390,49.0,194,0,0,0,0,0,0,11.599999999999966,68110.0,9506.0,60508.6
8109,M22968,M,300.3,311.8,1607,33.7,199,0,0,0,0,0,0,11.5,54155.9,6706.3,62048.200000000004
8110,L55289,L,300.3,311.7,1821,26.3,202,0,0,0,0,0,0,11.399999999999977,47892.3,5312.6,62963.399999999994
8111,H37524,H,300.3,311.8,2141,18.5,204,0,0,0,0,0,0,11.5,39608.5,3774.0,63607.200000000004
8112,M22971,M,300.4,311.8,1553,33.1,209,1,1,0,0,0,0,11.400000000000034,51404.3,6917.900000000001,65166.200000000004
8113,M22972,M,300.4,311.8,1442,45.1,0,0,0,0,0,0,0,11.400000000000034,65034.200000000004,0.0,0.0
8114,L55293,L,300.4,311.7,1459,45.6,3,0,0,0,0,0,0,11.300000000000011,66530.40000000001,136.8,935.0999999999999
8115,H37528,H,300.4,311.8,2496,13.5,5,0,0,0,0,0,0,11.400000000000034,33696.0,67.5,1559.0
8116,L55295,L,300.4,311.8,1367,57.2,10,0,0,0,0,0,0,11.400000000000034,78192.40000000001,572.0,3118.0
8117,L55296,L,300.3,311.8,2004,19.6,12,0,0,0,0,0,0,11.5,39278.4,235.20000000000002,3741.6000000000004
8118,L55297,L,300.3,311.7,1406,47.5,14,0,0,0,0,0,0,11.399999999999977,66785.0,665.0,4363.8
8119,L55298,L,300.3,311.8,1548,33.0,16,0,0,0,0,0,0,11.5,51084.0,528.0,4988.8
8120,L55299,L,300.3,311.7,1333,55.2,18,0,0,0,0,0,0,11.399999999999977,73581.6,993.6,5610.599999999999
8121,L55300,L,300.2,311.6,1767,26.4,20,0,0,0,0,0,0,11.400000000000034,46648.799999999996,528.0,6232.0
8122,L55301,L,300.2,311.6,1827,27.0,22,0,0,0,0,0,0,11.400000000000034,49329.0,594.0,6855.200000000001
8123,M22982,M,300.2,311.6,1533,46.4,24,0,0,0,0,0,0,11.400000000000034,71131.2,1113.6,7478.400000000001
8124,H37537,H,300.2,311.5,1515,36.8,27,0,0,0,0,0,0,11.300000000000011,55751.99999999999,993.5999999999999,8410.5
8125,L55304,L,300.2,311.4,1568,41.0,32,0,0,0,0,0,0,11.199999999999989,64288.0,1312.0,9964.8
8126,L55305,L,300.2,311.4,1452,47.8,34,0,0,0,0,0,0,11.199999999999989,69405.59999999999,1625.1999999999998,10587.599999999999
8127,L55306,L,300.2,311.4,1433,37.9,36,0,0,0,0,0,0,11.199999999999989,54310.7,1364.3999999999999,11210.4
8128,M22987,M,300.1,311.3,1650,33.8,38,0,0,0,0,0,0,11.199999999999989,55769.99999999999,1284.3999999999999,11829.4
8129,L55308,L,300.1,311.4,1629,31.3,41,0,0,0,0,0,0,11.299999999999955,50987.700000000004,1283.3,12767.4
8130,L55309,L,300.0,311.3,1520,39.2,43,0,0,0,0,0,0,11.300000000000011,59584.00000000001,1685.6000000000001,13385.9
8131,H37544,H,300.0,311.2,1393,43.1,45,0,0,0,0,0,0,11.199999999999989,60038.3,1939.5,14004.0
8132,H37545,H,299.9,311.2,1364,49.6,50,0,0,0,0,0,0,11.300000000000011,67654.40000000001,2480.0,15560.0
8133,M22992,M,299.9,311.3,1389,50.0,55,0,0,0,0,0,0,11.400000000000034,69450.0,2750.0,17121.5
8134,L55313,L,299.8,311.1,1466,46.1,58,0,0,0,0,0,0,11.300000000000011,67582.6,2673.8,18043.800000000003
8135,L55314,L,299.7,311.1,1650,32.4,60,0,0,0,0,0,0,11.400000000000034,53460.0,1944.0,18666.0
8136,L55315,L,299.6,311.0,1554,36.3,62,0,0,0,0,0,0,11.399999999999977,56410.2,2250.6,19282.0
8137,M22996,M,299.6,310.9,1474,39.7,64,0,0,0,0,0,0,11.299999999999955,58517.8,2540.8,19897.6
8138,H37551,H,299.5,310.8,1600,32.4,67,0,0,0,0,0,0,11.300000000000011,51840.0,2170.7999999999997,20823.600000000002
8139,L55318,L,299.5,310.8,1356,54.9,72,0,0,0,0,0,0,11.300000000000011,74444.4,3952.7999999999997,22377.600000000002
8140,L55319,L,299.5,310.8,1571,38.2,74,0,0,0,0,0,0,11.300000000000011,60012.200000000004,2826.8,22999.2
8141,L55320,L,299.6,310.9,1658,28.0,76,0,0,0,0,0,0,11.299999999999955,46424.0,2128.0,23628.399999999998
8142,L55321,L,299.6,310.8,1393,49.9,78,0,0,0,0,0,0,11.199999999999989,69510.7,3892.2,24242.4
8143,M23002,M,299.7,311.0,1448,49.8,80,0,0,0,0,0,0,11.300000000000011,72110.4,3984.0,24880.0
8144,L55323,L,299.7,310.9,1477,40.4,83,0,0,0,0,0,0,11.199999999999989,59670.799999999996,3353.2,25804.699999999997
8145,M23004,M,299.7,311.0,1506,42.7,85,0,0,0,0,0,0,11.300000000000011,64306.200000000004,3629.5000000000005,26435.0
8146,M23005,M,299.7,310.9,1685,32.1,88,0,0,0,0,0,0,11.199999999999989,54088.5,2824.8,27359.199999999997
8147,L55326,L,299.6,310.9,1533,31.8,91,0,0,0,0,0,0,11.299999999999955,48749.4,2893.8,28291.899999999998
8148,L55327,L,299.5,310.8,1447,41.0,93,0,0,0,0,0,0,11.300000000000011,59327.0,3813.0,28904.4
8149,M23008,M,299.5,310.7,1488,39.5,95,0,0,0,0,0,0,11.199999999999989,58776.0,3752.5,29516.5
8150,M23009,M,299.6,310.8,1427,50.4,98,0,0,0,0,0,0,11.199999999999989,71920.8,4939.2,30458.4
8151,M23010,M,299.5,310.7,1424,41.3,101,0,0,0,0,0,0,11.199999999999989,58811.2,4171.299999999999,31380.699999999997
8152,L55331,L,299.5,310.7,1472,40.9,104,0,0,0,0,0,0,11.199999999999989,60204.799999999996,4253.599999999999,32312.8
8153,L55332,L,299.5,310.7,1438,45.7,106,0,0,0,0,0,0,11.199999999999989,65716.6,4844.200000000001,32934.2
8154,L55333,L,299.6,310.8,1507,42.4,108,0,0,0,0,0,0,11.199999999999989,63896.799999999996,4579.2,33566.4
8155,L55334,L,299.6,310.7,1393,52.1,110,0,0,0,0,0,0,11.099999999999966,72575.3,5731.0,34177.0
8156,L55335,L,299.5,310.8,1283,52.4,112,0,0,0,0,0,0,11.300000000000011,67229.2,5868.8,34809.6
8157,L55336,L,299.6,310.8,1644,30.9,114,0,0,0,0,0,0,11.199999999999989,50799.6,3522.6,35431.200000000004
8158,L55337,L,299.6,310.8,1498,46.9,116,0,0,0,0,0,0,11.199999999999989,70256.2,5440.4,36052.8
8159,L55338,L,299.6,310.8,1400,40.8,118,0,0,0,0,0,0,11.199999999999989,57119.99999999999,4814.4,36674.4
8160,H37573,H,299.6,310.9,1679,31.2,120,0,0,0,0,0,0,11.299999999999955,52384.799999999996,3744.0,37308.0
8161,M23020,M,299.7,311.1,1618,30.3,125,0,0,0,0,0,0,11.400000000000034,49025.4,3787.5,38887.5
8162,H37575,H,299.6,311.0,1714,30.2,128,0,0,0,0,0,0,11.399999999999977,51762.799999999996,3865.6,39808.0
8163,L55342,L,299.6,311.0,1574,35.0,133,0,0,0,0,0,0,11.399999999999977,55090.0,4655.0,41363.0
8164,L55343,L,299.7,311.1,1574,36.4,135,0,0,0,0,0,0,11.400000000000034,57293.6,4914.0,41998.5
8165,L55344,L,299.6,310.9,1472,40.9,137,0,0,0,0,0,0,11.299999999999955,60204.799999999996,5603.3,42593.299999999996
8166,L55345,L,299.6,311.0,1552,33.2,139,0,0,0,0,0,0,11.399999999999977,51526.4,4614.8,43229.0
8167,L55346,L,299.7,311.1,1603,31.4,141,0,0,0,0,0,0,11.400000000000034,50334.2,4427.4,43865.100000000006
8168,H37581,H,299.7,311.1,1353,47.1,143,0,0,0,0,0,0,11.400000000000034,63726.3,6735.3,44487.3
8169,L55348,L,299.7,311.1,1690,30.6,148,0,0,0,0,0,0,11.400000000000034,51714.0,4528.8,46042.8
8170,M23029,M,299.8,311.2,1745,26.3,150,0,0,0,0,0,0,11.399999999999977,45893.5,3945.0,46680.0
8171,L55350,L,299.9,311.3,1522,45.7,153,0,0,0,0,0,0,11.400000000000034,69555.40000000001,6992.1,47628.9
8172,H37585,H,300.0,311.4,1641,34.5,155,0,0,0,0,0,0,11.399999999999977,56614.5,5347.5,48267.0
8173,L55352,L,299.9,311.4,1596,28.9,160,0,0,0,0,0,0,11.5,46124.399999999994,4624.0,49824.0
8174,H37587,H,299.9,311.4,1497,37.0,162,0,0,0,0,0,0,11.5,55389.0,5994.0,50446.799999999996
8175,L55354,L,299.9,311.3,1371,52.3,167,0,0,0,0,0,0,11.400000000000034,71703.3,8734.1,51987.1
8176,M23035,M,299.9,311.3,1445,41.2,169,0,0,0,0,0,0,11.400000000000034,59534.00000000001,6962.8,52609.700000000004
8177,L55356,L,299.8,311.2,1564,40.0,172,0,0,0,0,0,0,11.399999999999977,62560.0,6880.0,53526.4
8178,L55357,L,299.7,311.1,1439,44.9,174,0,0,0,0,0,0,11.400000000000034,64611.1,7812.599999999999,54131.4
8179,L55358,L,299.7,311.2,1352,52.1,176,0,0,0,0,0,0,11.5,70439.2,9169.6,54771.2
8180,L55359,L,299.8,311.3,1560,35.4,178,0,0,0,0,0,0,11.5,55224.0,6301.2,55411.4
8181,M23040,M,299.7,311.2,1616,42.3,180,0,0,0,0,0,0,11.5,68356.79999999999,7613.999999999999,56016.0
8182,L55361,L,299.7,311.2,1835,23.7,183,0,0,0,0,0,0,11.5,43489.5,4337.099999999999,56949.6
8183,M23042,M,299.7,311.1,1649,32.7,185,0,0,0,0,0,0,11.400000000000034,53922.3,6049.500000000001,57553.50000000001
8184,L55363,L,299.8,311.1,1452,47.3,188,0,0,0,0,0,0,11.300000000000011,68679.59999999999,8892.4,58486.8
8185,L55364,L,299.8,311.1,2144,17.7,190,0,0,0,0,0,0,11.300000000000011,37948.799999999996,3363.0,59109.00000000001
8186,L55365,L,299.7,311.1,1554,41.0,192,0,0,0,0,0,0,11.400000000000034,63714.0,7872.0,59731.200000000004
8187,L55366,L,299.7,311.0,1827,25.4,194,0,0,0,0,0,0,11.300000000000011,46405.799999999996,4927.599999999999,60334.0
8188,L55367,L,299.6,310.9,1448,46.3,196,0,0,0,0,0,0,11.299999999999955,67042.4,9074.8,60936.399999999994
8189,M23048,M,299.6,310.9,1530,38.8,198,0,0,0,0,0,0,11.299999999999955,59363.99999999999,7682.4,61558.2
8190,L55369,L,299.7,311.0,1983,21.0,201,0,0,0,0,0,0,11.300000000000011,41643.0,4221.0,62511.0
8191,M23050,M,299.7,310.9,1620,37.2,203,0,0,0,0,0,0,11.199999999999989,60264.00000000001,7551.6,63112.7
8192,M23051,M,299.6,310.9,1630,29.8,206,0,0,0,0,0,0,11.299999999999955,48574.0,6138.8,64045.399999999994
8193,L55372,L,299.6,310.9,1229,65.2,209,1,0,0,0,1,0,11.299999999999955,80130.8,13626.800000000001,64978.1
8194,L55373,L,299.5,310.8,1873,22.3,211,0,0,0,0,0,0,11.300000000000011,41767.9,4705.3,65578.8
8195,L55374,L,299.4,310.7,1426,45.7,213,0,0,0,0,0,0,11.300000000000011,65168.200000000004,9734.1,66179.09999999999
8196,L55375,L,299.4,310.8,1376,53.9,215,1,0,0,0,1,0,11.400000000000034,74166.4,11588.5,66822.0
8197,L55376,L,299.4,310.8,1622,33.6,217,0,0,0,0,0,0,11.400000000000034,54499.200000000004,7291.200000000001,67443.6
8198,M23057,M,299.4,310.7,1492,45.7,219,0,0,0,0,0,0,11.300000000000011,68184.40000000001,10008.300000000001,68043.3
8199,M23058,M,299.3,310.7,1374,48.9,222,0,0,0,0,0,0,11.399999999999977,67188.59999999999,10855.8,68975.4
8200,L55379,L,299.2,310.7,1737,27.0,225,1,1,0,0,0,0,11.5,46899.0,6075.0,69907.5
8201,L55380,L,299.3,310.8,1426,42.4,0,0,0,0,0,0,0,11.5,60462.4,0.0,0.0
8202,M23061,M,299.3,310.9,1826,25.1,2,0,0,0,0,0,0,11.599999999999966,45832.600000000006,50.2,621.8
8203,L55382,L,299.3,310.9,1669,32.4,5,0,0,0,0,0,0,11.599999999999966,54075.6,162.0,1554.5
8204,M23063,M,299.4,310.9,1473,40.1,7,0,0,0,0,0,0,11.5,59067.3,280.7,2176.2999999999997
8205,L55384,L,299.4,310.9,1751,27.8,10,0,0,0,0,0,0,11.5,48677.8,278.0,3109.0
8206,M23065,M,299.4,310.9,1446,47.3,12,0,0,0,0,0,0,11.5,68395.8,567.5999999999999,3730.7999999999997
8207,L55386,L,299.3,310.8,1483,43.5,15,0,0,0,0,0,0,11.5,64510.5,652.5,4662.0
8208,L55387,L,299.2,310.7,1535,42.6,17,0,0,0,0,0,0,11.5,65391.0,724.2,5281.9
8209,L55388,L,299.2,310.7,1477,44.0,19,0,0,0,0,0,0,11.5,64988.0,836.0,5903.3
8210,L55389,L,299.3,310.8,1391,46.9,21,0,0,0,0,0,0,11.5,65237.9,984.9,6526.8
8211,H37624,H,299.2,310.7,1636,29.4,23,0,0,0,0,0,0,11.5,48098.399999999994,676.1999999999999,7146.099999999999
8212,L55391,L,299.2,310.6,1675,33.3,28,0,0,0,0,0,0,11.400000000000034,55777.49999999999,932.3999999999999,8696.800000000001
8213,H37626,H,299.2,310.5,1329,48.9,30,0,0,0,0,0,0,11.300000000000011,64988.1,1467.0,9315.0
8214,M23073,M,299.2,310.5,1548,33.5,35,0,0,0,0,0,0,11.300000000000011,51858.0,1172.5,10867.5
8215,L55394,L,299.2,310.5,1391,45.8,38,0,0,0,0,0,0,11.300000000000011,63707.799999999996,1740.3999999999999,11799.0
8216,L55395,L,299.1,310.5,1437,43.1,40,0,0,0,0,0,0,11.399999999999977,61934.700000000004,1724.0,12420.0
8217,L55396,L,299.2,310.6,1370,61.9,42,0,0,0,0,0,0,11.400000000000034,84803.0,2599.7999999999997,13045.2
8218,L55397,L,299.1,310.6,1577,37.1,44,0,0,0,0,0,0,11.5,58506.700000000004,1632.4,13666.400000000001
8219,L55398,L,299.1,310.5,1485,37.8,46,0,0,0,0,0,0,11.399999999999977,56132.99999999999,1738.8,14283.0
8220,L55399,L,299.0,310.4,1504,34.3,48,0,0,0,0,0,0,11.399999999999977,51587.2,1646.3999999999999,14899.199999999999
8221,M23080,M,298.9,310.3,1551,35.2,50,0,0,0,0,0,0,11.400000000000034,54595.200000000004,1760.0000000000002,15515.0
8222,M23081,M,299.1,310.5,1428,43.0,53,0,0,0,0,0,0,11.399999999999977,61404.0,2279.0,16456.5
8223,L55402,L,299.0,310.5,1755,27.9,56,0,0,0,0,0,0,11.5,48964.5,1562.3999999999999,17388.0
8224,L55403,L,299.1,310.5,1329,54.9,58,0,0,0,0,0,0,11.399999999999977,72962.09999999999,3184.2,18009.0
8225,L55404,L,299.1,310.5,1496,35.2,60,0,0,0,0,0,0,11.399999999999977,52659.200000000004,2112.0,18630.0
8226,L55405,L,299.1,310.5,1532,36.6,62,0,0,0,0,0,0,11.399999999999977,56071.200000000004,2269.2000000000003,19251.0
8227,L55406,L,299.1,310.5,1389,61.4,64,0,0,0,0,0,0,11.399999999999977,85284.59999999999,3929.6,19872.0
8228,M23087,M,299.1,310.4,1524,51.4,66,0,0,0,0,0,0,11.299999999999955,78333.59999999999,3392.4,20486.399999999998
8229,M23088,M,299.1,310.4,1422,49.3,69,0,0,0,0,0,0,11.299999999999955,70104.59999999999,3401.7,21417.6
8230,L55409,L,299.1,310.5,1739,27.4,72,0,0,0,0,0,0,11.399999999999977,47648.6,1972.8,22356.0
8231,L55410,L,299.1,310.5,1736,26.9,74,0,0,0,0,0,0,11.399999999999977,46698.399999999994,1990.6,22977.0
8232,L55411,L,299.1,310.5,1419,48.8,76,0,0,0,0,0,0,11.399999999999977,69247.2,3708.7999999999997,23598.0
8233,L55412,L,299.1,310.6,1326,49.7,78,0,0,0,0,0,0,11.5,65902.2,3876.6000000000004,24226.800000000003
8234,M23093,M,299.1,310.6,1449,43.2,80,0,0,0,0,0,0,11.5,62596.8,3456.0,24848.0
8235,L55414,L,299.2,310.6,1534,39.7,83,0,0,0,0,0,0,11.400000000000034,60899.8,3295.1000000000004,25779.800000000003
8236,M23095,M,299.2,310.6,1443,50.9,85,0,0,0,0,0,0,11.400000000000034,73448.7,4326.5,26401.000000000004
8237,L55416,L,299.2,310.6,1498,41.1,88,0,0,0,0,0,0,11.400000000000034,61567.8,3616.8,27332.800000000003
8238,L55417,L,299.1,310.6,1796,26.0,90,0,0,0,0,0,0,11.5,46696.0,2340.0,27954.000000000004
8239,L55418,L,299.1,310.4,1519,45.3,92,0,0,0,0,0,0,11.299999999999955,68810.7,4167.599999999999,28556.8
8240,L55419,L,299.0,310.4,1339,49.6,94,0,0,0,0,0,0,11.399999999999977,66414.40000000001,4662.400000000001,29177.6
8241,L55420,L,299.0,310.4,1483,41.5,96,0,0,0,0,0,0,11.399999999999977,61544.5,3984.0,29798.399999999998
8242,M23101,M,298.9,310.2,2099,20.0,98,0,0,0,0,0,0,11.300000000000011,41980.0,1960.0,30399.6
8243,M23102,M,299.0,310.3,1689,29.7,101,0,0,0,0,0,0,11.300000000000011,50163.299999999996,2999.7,31340.300000000003
8244,H37657,H,299.1,310.4,1369,54.5,104,0,0,0,0,0,0,11.299999999999955,74610.5,5668.0,32281.6
8245,L55424,L,299.0,310.4,1512,38.8,109,0,0,0,0,0,0,11.399999999999977,58665.6,4229.2,33833.6
8246,M23105,M,299.0,310.3,1303,68.6,111,1,0,0,1,0,0,11.300000000000011,89385.79999999999,7614.599999999999,34443.3
8247,L55426,L,299.0,310.3,1552,39.9,114,0,0,0,0,0,0,11.300000000000011,61924.799999999996,4548.599999999999,35374.200000000004
8248,L55427,L,299.0,310.4,1713,28.0,116,0,0,0,0,0,0,11.399999999999977,47964.0,3248.0,36006.399999999994
8249,L55428,L,298.9,310.3,1456,44.1,118,0,0,0,0,0,0,11.400000000000034,64209.6,5203.8,36615.4
8250,L55429,L,299.0,310.4,1524,39.8,120,0,0,0,0,0,0,11.399999999999977,60655.2,4776.0,37248.0
8251,M23110,M,299.0,310.4,1394,45.2,122,0,0,0,0,0,0,11.399999999999977,63008.8,5514.400000000001,37868.799999999996
8252,L55431,L,299.0,310.4,1981,21.2,125,0,0,0,0,0,0,11.399999999999977,41997.2,2650.0,38800.0
8253,L55432,L,299.0,310.4,1565,36.1,127,0,0,0,0,0,0,11.399999999999977,56496.5,4584.7,39420.799999999996
8254,L55433,L,299.1,310.4,1657,31.0,129,0,0,0,0,0,0,11.299999999999955,51367.0,3999.0,40041.6
8255,M23114,M,299.0,310.4,1625,37.1,131,0,0,0,0,0,0,11.399999999999977,60287.5,4860.1,40662.399999999994
8256,L55435,L,299.0,310.4,1606,31.1,134,0,0,0,0,0,0,11.399999999999977,49946.600000000006,4167.400000000001,41593.6
8257,H37670,H,299.0,310.5,1336,56.8,136,0,0,0,0,0,0,11.5,75884.8,7724.799999999999,42228.0
8258,M23117,M,299.0,310.6,1587,34.2,141,0,0,0,0,0,0,11.600000000000023,54275.4,4822.200000000001,43794.600000000006
8259,L55438,L,299.1,310.6,1602,39.7,144,0,0,0,0,0,0,11.5,63599.4,5716.8,44726.4
8260,L55439,L,299.1,310.5,1471,38.4,146,0,0,0,0,0,0,11.399999999999977,56486.4,5606.4,45333.0
8261,H37674,H,299.1,310.6,1332,48.0,148,0,0,0,0,0,0,11.5,63936.0,7104.0,45968.8
8262,H37675,H,299.2,310.6,1434,48.4,153,0,0,0,0,0,0,11.400000000000034,69405.59999999999,7405.2,47521.8
8263,L55442,L,299.1,310.6,1921,23.9,158,0,0,0,0,0,0,11.5,45911.899999999994,3776.2,49074.8
8264,H37677,H,299.2,310.6,1704,30.6,160,0,0,0,0,0,0,11.400000000000034,52142.4,4896.0,49696.0
8265,M23124,M,299.1,310.6,1397,49.5,165,0,0,0,0,0,0,11.5,69151.5,8167.5,51249.00000000001
8266,H37679,H,299.1,310.6,1791,28.0,168,0,0,0,0,0,0,11.5,50148.0,4704.0,52180.8
8267,L55446,L,299.1,310.6,1818,24.1,173,0,0,0,0,0,0,11.5,43813.8,4169.3,53733.8
8268,L55447,L,299.2,310.7,1540,36.3,175,0,0,0,0,0,0,11.5,55901.99999999999,6352.499999999999,54372.5
8269,M23128,M,299.2,310.8,1502,39.8,177,0,0,0,0,0,0,11.600000000000023,59779.6,7044.599999999999,55011.6
8270,H37683,H,299.2,310.8,1761,30.4,180,0,0,0,0,0,0,11.600000000000023,53534.399999999994,5472.0,55944.0
8271,M23130,M,299.1,310.8,1517,38.4,185,0,0,0,0,0,0,11.699999999999989,58252.799999999996,7104.0,57498.0
8272,L55451,L,299.1,310.7,1309,51.1,188,0,0,0,0,0,0,11.599999999999966,66889.90000000001,9606.800000000001,58411.6
8273,L55452,L,298.9,310.6,1363,52.6,190,0,0,0,0,0,0,11.700000000000045,71693.8,9994.0,59014.00000000001
8274,M23133,M,299.0,310.6,1787,22.2,192,0,0,0,0,0,0,11.600000000000023,39671.4,4262.4,59635.200000000004
8275,L55454,L,298.9,310.5,1640,29.2,195,0,0,0,0,0,0,11.600000000000023,47888.0,5694.0,60547.5
8276,M23135,M,298.9,310.6,1720,25.3,197,0,0,0,0,0,0,11.700000000000045,43516.0,4984.1,61188.200000000004
8277,L55456,L,298.8,310.5,1384,52.8,200,0,0,0,0,0,0,11.699999999999989,73075.2,10560.0,62100.0
8278,H37691,H,298.8,310.5,1294,55.8,202,0,0,0,0,0,0,11.699999999999989,72205.2,11271.599999999999,62721.0
8279,L55458,L,298.8,310.5,1464,46.4,207,0,0,0,0,0,0,11.699999999999989,67929.59999999999,9604.8,64273.5
8280,L55459,L,298.8,310.6,1803,25.4,209,0,0,0,0,0,0,11.800000000000011,45796.2,5308.599999999999,64915.4
8281,L55460,L,298.8,310.6,1602,39.1,211,0,0,0,0,0,0,11.800000000000011,62638.200000000004,8250.1,65536.6
8282,H37695,H,298.9,310.6,1519,38.8,213,0,0,0,0,0,0,11.700000000000045,58937.2,8264.4,66157.8
8283,M23142,M,298.9,310.7,1638,33.6,218,0,0,0,0,0,0,11.800000000000011,55036.8,7324.8,67732.59999999999
8284,H37697,H,298.9,310.6,1615,33.0,221,0,0,0,0,0,0,11.700000000000045,53295.0,7293.0,68642.6
8285,L55464,L,298.8,310.6,1651,33.3,0,0,0,0,0,0,0,11.800000000000011,54978.299999999996,0.0,0.0
8286,L55465,L,298.9,310.6,1387,52.7,2,0,0,0,0,0,0,11.700000000000045,73094.90000000001,105.4,621.2
8287,M23146,M,298.8,310.5,1678,32.8,4,0,0,0,0,0,0,11.699999999999989,55038.399999999994,131.2,1242.0
8288,L55467,L,298.9,310.6,1585,38.1,7,0,0,0,0,0,0,11.700000000000045,60388.5,266.7,2174.2000000000003
8289,M23148,M,298.8,310.6,1640,33.8,9,0,0,0,0,0,0,11.800000000000011,55431.99999999999,304.2,2795.4
8290,L55469,L,298.9,310.6,1406,43.8,12,0,0,0,0,0,0,11.700000000000045,61582.799999999996,525.5999999999999,3727.2000000000003
8291,M23150,M,298.9,310.6,1679,35.8,14,0,0,0,0,0,0,11.700000000000045,60108.2,501.19999999999993,4348.400000000001
8292,L55471,L,298.9,310.5,1717,26.9,17,0,0,0,0,0,0,11.600000000000023,46187.299999999996,457.29999999999995,5278.5
8293,H37706,H,298.9,310.5,1429,39.9,19,0,0,0,0,0,0,11.600000000000023,57017.1,758.1,5899.5
8294,M23153,M,298.9,310.4,1533,44.4,24,0,0,0,0,0,0,11.5,68065.2,1065.6,7449.599999999999
8295,M23154,M,298.9,310.5,1525,38.5,27,0,0,0,0,0,0,11.600000000000023,58712.5,1039.5,8383.5
8296,L55475,L,298.9,310.4,1739,26.3,30,0,0,0,0,0,0,11.5,45735.700000000004,789.0,9312.0
8297,L55476,L,298.9,310.3,1436,39.0,32,0,0,0,0,0,0,11.400000000000034,56004.0,1248.0,9929.6
8298,M23157,M,298.8,310.2,1595,33.1,34,0,0,0,0,0,0,11.399999999999977,52794.5,1125.4,10546.8
8299,H37712,H,298.7,310.1,1435,45.6,37,0,0,0,0,0,0,11.400000000000034,65436.0,1687.2,11473.7
8300,L55479,L,298.7,310.0,1637,31.8,42,0,0,0,0,0,0,11.300000000000011,52056.6,1335.6000000000001,13020.0
8301,L55480,L,298.7,310.1,1558,37.6,44,0,0,0,0,0,0,11.400000000000034,58580.8,1654.4,13644.400000000001
8302,M23161,M,298.7,310.1,1644,34.1,46,0,0,0,0,0,0,11.400000000000034,56060.4,1568.6000000000001,14264.6
8303,L55482,L,298.7,310.1,1641,31.1,49,0,0,0,0,0,0,11.400000000000034,51035.100000000006,1523.9,15194.900000000001
8304,L55483,L,298.8,310.2,1504,41.0,51,0,0,0,0,0,0,11.399999999999977,61664.0,2091.0,15820.199999999999
8305,M23164,M,298.7,310.1,1506,50.7,53,0,0,0,0,0,0,11.400000000000034,76354.2,2687.1000000000004,16435.300000000003
8306,H37719,H,298.8,310.1,1380,44.0,56,0,0,0,0,0,0,11.300000000000011,60720.0,2464.0,17365.600000000002
8307,M23166,M,298.7,310.1,1549,42.5,61,0,0,0,0,0,0,11.400000000000034,65832.5,2592.5,18916.100000000002
8308,M23167,M,298.7,310.1,1402,69.7,64,1,0,0,1,0,0,11.400000000000034,97719.40000000001,4460.8,19846.4
8309,L55488,L,298.7,310.1,1401,45.3,67,0,0,0,0,0,0,11.400000000000034,63465.299999999996,3035.1,20776.7
8310,M23169,M,298.7,310.0,1459,40.2,69,0,0,0,0,0,0,11.300000000000011,58651.8,2773.8,21390.0
8311,L55490,L,298.7,309.9,1465,39.7,72,0,0,0,0,0,0,11.199999999999989,58160.50000000001,2858.4,22312.8
8312,M23171,M,298.8,310.0,1295,52.7,74,0,0,0,0,0,0,11.199999999999989,68246.5,3899.8,22940.0
8313,M23172,M,298.8,310.0,1529,38.5,77,0,0,0,0,0,0,11.199999999999989,58866.5,2964.5,23870.0
8314,M23173,M,298.8,310.0,1484,44.9,80,0,0,0,0,0,0,11.199999999999989,66631.59999999999,3592.0,24800.0
8315,L55494,L,298.8,309.9,1739,30.6,83,0,0,0,0,0,0,11.099999999999966,53213.4,2539.8,25721.699999999997
8316,H37729,H,298.7,309.8,1422,40.7,85,0,0,0,0,0,0,11.100000000000023,57875.4,3459.5000000000005,26333.0
8317,L55496,L,298.8,309.8,1463,40.0,90,0,0,0,0,0,0,11.0,58520.0,3600.0,27882.0
8318,L55497,L,298.7,309.7,1667,30.4,92,0,0,0,0,0,0,11.0,50676.799999999996,2796.7999999999997,28492.399999999998
8319,H37732,H,298.7,309.7,1565,39.3,94,0,0,0,0,0,0,11.0,61504.49999999999,3694.2,29111.8
8320,L55499,L,298.7,309.7,1393,45.7,99,0,0,0,0,0,0,11.0,63660.100000000006,4524.3,30660.3
8321,M23180,M,298.8,309.7,1453,47.7,101,0,0,0,0,0,0,10.899999999999977,69308.1,4817.700000000001,31279.699999999997
8322,L55501,L,298.8,309.6,1442,50.0,104,0,0,0,0,0,0,10.800000000000011,72100.0,5200.0,32198.4
8323,L55502,L,298.7,309.6,1364,44.9,106,0,0,0,0,0,0,10.900000000000034,61243.6,4759.4,32817.600000000006
8324,H37737,H,298.7,309.5,1453,40.4,108,0,0,0,0,0,0,10.800000000000011,58701.2,4363.2,33426.0
8325,M23184,M,298.7,309.5,1394,46.0,113,0,0,0,0,0,0,10.800000000000011,64124.0,5198.0,34973.5
8326,M23185,M,298.7,309.5,1500,38.8,116,0,0,0,0,0,0,10.800000000000011,58199.99999999999,4500.799999999999,35902.0
8327,H37740,H,298.6,309.5,1523,34.2,119,0,0,0,0,0,0,10.899999999999977,52086.600000000006,4069.8,36830.5
8328,M23187,M,298.7,309.6,1254,57.1,124,0,0,0,0,0,0,10.900000000000034,71603.40000000001,7080.400000000001,38390.4
8329,L55508,L,298.6,309.5,1325,52.2,127,0,0,0,0,0,0,10.899999999999977,69165.0,6629.400000000001,39306.5
8330,L55509,L,298.8,309.7,1424,49.6,129,0,0,0,0,0,0,10.899999999999977,70630.40000000001,6398.400000000001,39951.299999999996
8331,L55510,L,298.8,309.7,1505,39.0,131,0,0,0,0,0,0,10.899999999999977,58695.0,5109.0,40570.7
8332,M23191,M,298.8,309.7,1392,48.7,133,0,0,0,0,0,0,10.899999999999977,67790.40000000001,6477.1,41190.1
8333,L55512,L,298.8,309.7,1529,44.0,136,0,0,0,0,0,0,10.899999999999977,67276.0,5984.0,42119.2
8334,M23193,M,298.8,309.7,1477,48.5,138,0,0,0,0,0,0,10.899999999999977,71634.5,6693.0,42738.6
8335,M23194,M,298.8,309.7,1459,47.3,141,0,0,0,0,0,0,10.899999999999977,69010.7,6669.299999999999,43667.7
8336,M23195,M,299.0,309.8,2240,15.9,144,0,0,0,0,0,0,10.800000000000011,35616.0,2289.6,44611.200000000004
8337,L55516,L,298.9,309.7,1449,48.8,147,0,0,0,0,0,0,10.800000000000011,70711.2,7173.599999999999,45525.9
8338,M23197,M,298.8,309.7,1589,35.3,149,0,0,0,0,0,0,10.899999999999977,56091.7,5259.7,46145.299999999996
8339,L55518,L,298.8,309.7,1740,28.5,152,0,0,0,0,0,0,10.899999999999977,49590.0,4332.0,47074.4
8340,M23199,M,298.8,309.7,1499,40.3,154,0,0,0,0,0,0,10.899999999999977,60409.7,6206.2,47693.799999999996
8341,M23200,M,298.8,309.7,1480,38.1,157,0,0,0,0,0,0,10.899999999999977,56388.0,5981.7,48622.9
8342,L55521,L,298.8,309.7,1751,29.6,160,0,0,0,0,0,0,10.899999999999977,51829.600000000006,4736.0,49552.0
8343,L55522,L,298.7,309.7,1510,40.6,162,0,0,0,0,0,0,11.0,61306.0,6577.2,50171.4
8344,H37757,H,298.8,309.8,1437,48.2,164,0,0,0,0,0,0,11.0,69263.40000000001,7904.8,50807.200000000004
8345,L55524,L,298.8,309.7,1609,40.4,169,0,0,0,0,0,0,10.899999999999977,65003.6,6827.599999999999,52339.299999999996
8346,H37759,H,298.8,309.8,1490,35.9,171,0,0,0,0,0,0,11.0,53491.0,6138.9,52975.8
8347,L55526,L,298.7,309.7,1601,35.7,176,0,0,0,0,0,0,11.0,57155.700000000004,6283.200000000001,54507.2
8348,L55527,L,298.7,309.6,1665,31.1,178,0,0,0,0,0,0,10.900000000000034,51781.5,5535.8,55108.8
8349,M23208,M,298.7,309.6,1452,42.7,180,0,0,0,0,0,0,10.900000000000034,62000.4,7686.000000000001,55728.00000000001
8350,M23209,M,298.7,309.5,1487,33.6,183,0,0,0,0,0,0,10.800000000000011,49963.200000000004,6148.8,56638.5
8351,M23210,M,298.7,309.6,1382,48.1,186,0,0,0,0,0,0,10.900000000000034,66474.2,8946.6,57585.600000000006
8352,M23211,M,298.7,309.6,1686,26.2,189,0,0,0,0,0,0,10.900000000000034,44173.2,4951.8,58514.4
8353,L55532,L,298.6,309.6,1491,36.9,192,0,0,0,0,0,0,11.0,55017.9,7084.799999999999,59443.200000000004
8354,L55533,L,298.7,309.6,1442,55.6,194,0,0,0,0,0,0,10.900000000000034,80175.2,10786.4,60062.4
8355,L55534,L,298.6,309.6,1390,50.3,196,0,0,0,0,0,0,11.0,69917.0,9858.8,60681.600000000006
8356,L55535,L,298.7,309.6,1502,46.7,198,0,0,0,0,0,0,10.900000000000034,70143.40000000001,9246.6,61300.8
8357,M23216,M,298.6,309.6,1344,59.4,200,0,0,0,0,0,0,11.0,79833.59999999999,11880.0,61920.00000000001
8358,L55537,L,298.5,309.5,1385,46.3,203,1,1,0,0,0,0,11.0,64125.49999999999,9398.9,62828.5
8359,L55538,L,298.7,309.7,1547,37.4,0,0,0,0,0,0,0,11.0,57857.799999999996,0.0,0.0
8360,M23219,M,298.6,309.6,1525,42.4,2,0,0,0,0,0,0,11.0,64660.0,84.8,619.2
8361,L55540,L,298.6,309.6,1540,35.8,5,0,0,0,0,0,0,11.0,55131.99999999999,179.0,1548.0
8362,L55541,L,298.6,309.5,1450,44.3,7,0,0,0,0,0,0,10.899999999999977,64234.99999999999,310.09999999999997,2166.5
8363,L55542,L,298.6,309.6,1353,62.5,9,0,0,0,0,0,0,11.0,84562.5,562.5,2786.4
8364,L55543,L,298.8,309.7,1582,45.0,11,0,0,0,0,0,0,10.899999999999977,71190.0,495.0,3406.7
8365,L55544,L,298.9,309.8,1396,49.0,13,0,0,0,0,0,0,10.900000000000034,68404.0,637.0,4027.4
8366,M23225,M,298.8,309.8,1551,36.6,15,0,0,0,0,0,0,11.0,56766.600000000006,549.0,4647.0
8367,M23226,M,298.9,309.8,1836,22.8,18,0,0,0,0,0,0,10.900000000000034,41860.8,410.40000000000003,5576.400000000001
8368,L55547,L,298.9,309.8,1390,49.9,21,0,0,0,0,0,0,10.900000000000034,69361.0,1047.8999999999999,6505.8
8369,L55548,L,298.9,309.8,1534,42.1,23,0,0,0,0,0,0,10.900000000000034,64581.4,968.3000000000001,7125.400000000001
8370,L55549,L,298.8,309.7,1953,20.6,25,0,0,0,0,0,0,10.899999999999977,40231.8,515.0,7742.5
8371,L55550,L,298.8,309.8,1634,33.6,27,0,0,0,0,0,0,11.0,54902.4,907.2,8364.6
8372,L55551,L,298.7,309.7,1881,21.7,29,0,0,0,0,0,0,11.0,40817.7,629.3,8981.3
8373,M23232,M,298.8,309.7,1448,44.8,31,0,0,0,0,0,0,10.899999999999977,64870.399999999994,1388.8,9600.699999999999
8374,M23233,M,298.7,309.7,1362,50.5,34,0,0,0,0,0,0,11.0,68781.0,1717.0,10529.8
8375,L55554,L,298.8,309.7,1225,63.4,37,0,0,0,0,0,0,10.899999999999977,77665.0,2345.7999999999997,11458.9
8376,M23235,M,298.8,309.6,1384,48.2,39,0,0,0,0,0,0,10.800000000000011,66708.8,1879.8000000000002,12074.400000000001
8377,L55556,L,298.8,309.8,1334,49.3,42,0,0,0,0,0,0,11.0,65766.2,2070.6,13011.6
8378,L55557,L,298.8,309.7,1336,50.3,44,0,0,0,0,0,0,10.899999999999977,67200.8,2213.2,13626.8
8379,M23238,M,298.8,309.9,1331,61.6,46,0,0,0,0,0,0,11.099999999999966,81989.6,2833.6,14255.4
8380,L55559,L,298.8,309.9,1629,31.9,49,0,0,0,0,0,0,11.099999999999966,51965.1,1563.1,15185.099999999999
8381,L55560,L,298.9,310.0,1776,25.7,51,0,0,0,0,0,0,11.100000000000023,45643.2,1310.7,15810.0
8382,H37795,H,298.8,310.0,1530,38.3,53,0,0,0,0,0,0,11.199999999999989,58598.99999999999,2029.8999999999999,16430.0
8383,L55562,L,298.9,310.0,1719,27.3,58,0,0,0,0,0,0,11.100000000000023,46928.700000000004,1583.4,17980.0
8384,M23243,M,298.8,309.9,1495,35.2,60,0,0,0,0,0,0,11.099999999999966,52624.00000000001,2112.0,18594.0
8385,L55564,L,298.8,309.7,1450,43.1,63,0,0,0,0,0,0,10.899999999999977,62495.0,2715.3,19511.1
8386,H37799,H,298.8,309.8,1563,38.8,65,0,0,0,0,0,0,11.0,60644.399999999994,2522.0,20137.0
8387,M23246,M,298.9,309.9,1501,37.1,70,0,0,0,0,0,0,11.0,55687.1,2597.0,21693.0
8388,L55567,L,298.8,309.9,1351,47.2,73,0,0,0,0,0,0,11.099999999999966,63767.200000000004,3445.6000000000004,22622.699999999997
8389,L55568,L,298.9,309.9,1365,46.5,75,0,0,0,0,0,0,11.0,63472.5,3487.5,23242.5
8390,L55569,L,298.8,309.9,1525,39.7,77,0,0,0,0,0,0,11.099999999999966,60542.50000000001,3056.9,23862.3
8391,M23250,M,298.8,309.8,1288,61.9,79,0,0,0,0,0,0,11.0,79727.2,4890.099999999999,24474.2
8392,L55571,L,298.6,309.6,1423,42.7,82,0,0,0,0,0,0,11.0,60762.100000000006,3501.4,25387.2
8393,M23252,M,298.5,309.6,1502,39.4,84,0,0,0,0,0,0,11.100000000000023,59178.799999999996,3309.6,26006.4
8394,L55573,L,298.5,309.5,1428,43.5,87,0,0,0,0,0,0,11.0,62118.0,3784.5,26926.5
8395,M23254,M,298.6,309.5,1566,38.1,89,0,0,0,0,0,0,10.899999999999977,59664.600000000006,3390.9,27545.5
8396,M23255,M,298.5,309.5,1483,44.8,92,0,0,0,0,0,0,11.0,66438.4,4121.599999999999,28474.0
8397,H37810,H,298.6,309.6,1593,33.3,95,0,0,0,0,0,0,11.0,53046.899999999994,3163.4999999999995,29412.000000000004
8398,L55577,L,298.5,309.6,1724,26.4,100,0,0,0,0,0,0,11.100000000000023,45513.6,2640.0,30960.000000000004
8399,L55578,L,298.5,309.7,2617,12.1,102,1,0,0,1,0,0,11.199999999999989,31665.7,1234.2,31589.399999999998
8400,L55579,L,298.6,309.7,1294,59.4,104,0,0,0,0,0,0,11.099999999999966,76863.59999999999,6177.599999999999,32208.8
8401,L55580,L,298.6,309.6,1533,40.7,106,0,0,0,0,0,0,11.0,62393.100000000006,4314.200000000001,32817.600000000006
8402,H37815,H,298.5,309.4,1671,31.8,108,0,0,0,0,0,0,10.899999999999977,53137.8,3434.4,33415.2
8403,L55582,L,298.5,309.5,1370,52.4,113,0,0,0,0,0,0,11.0,71788.0,5921.2,34973.5
8404,L55583,L,298.5,309.6,1462,45.1,115,0,0,0,0,0,0,11.100000000000023,65936.2,5186.5,35604.0
8405,L55584,L,298.4,309.5,1545,36.6,117,0,0,0,0,0,0,11.100000000000023,56547.0,4282.2,36211.5
8406,M23265,M,298.4,309.5,1484,41.7,119,0,0,0,0,0,0,11.100000000000023,61882.8,4962.3,36830.5
8407,M23266,M,298.4,309.5,1344,45.3,122,0,0,0,0,0,0,11.100000000000023,60883.2,5526.599999999999,37759.0
8408,L55587,L,298.4,309.5,1357,50.1,125,0,0,0,0,0,0,11.100000000000023,67985.7,6262.5,38687.5
8409,M23268,M,298.5,309.6,1572,33.0,127,0,0,0,0,0,0,11.100000000000023,51876.0,4191.0,39319.200000000004
8410,L55589,L,298.5,309.6,1861,26.9,130,0,0,0,0,0,0,11.100000000000023,50060.899999999994,3497.0,40248.0
8411,L55590,L,298.5,309.5,1548,44.5,132,0,0,0,0,0,0,11.0,68886.0,5874.0,40854.0
8412,L55591,L,298.6,309.8,1496,37.7,134,0,0,0,0,0,0,11.199999999999989,56399.200000000004,5051.8,41513.200000000004
8413,M23272,M,298.6,309.7,1314,49.7,136,0,0,0,0,0,0,11.099999999999966,65305.8,6759.200000000001,42119.2
8414,M23273,M,298.6,309.7,1422,49.7,139,0,0,0,0,0,0,11.099999999999966,70673.40000000001,6908.3,43048.299999999996
8415,L55594,L,298.6,309.8,1842,20.1,142,0,0,0,0,0,0,11.199999999999989,37024.200000000004,2854.2000000000003,43991.6
8416,M23275,M,298.7,309.9,1434,53.0,144,0,0,0,0,0,0,11.199999999999989,76002.0,7632.0,44625.6
8417,M23276,M,298.8,310.1,1585,31.3,147,0,0,0,0,0,0,11.300000000000011,49610.5,4601.1,45584.700000000004
8418,H37831,H,298.8,310.1,1704,30.7,150,0,0,0,0,0,0,11.300000000000011,52312.799999999996,4605.0,46515.0
8419,L55598,L,298.9,310.2,1971,23.2,155,0,0,0,0,0,0,11.300000000000011,45727.2,3596.0,48081.0
8420,L55599,L,299.0,310.3,1431,39.9,157,0,0,0,0,0,0,11.300000000000011,57096.9,6264.3,48717.1
8421,L55600,L,298.9,310.4,1546,37.7,159,0,0,0,0,0,0,11.5,58284.200000000004,5994.3,49353.6
8422,L55601,L,298.9,310.3,1496,36.3,161,0,0,0,0,0,0,11.400000000000034,54304.799999999996,5844.299999999999,49958.3
8423,H37836,H,298.9,310.3,1243,63.0,163,0,0,0,0,0,0,11.400000000000034,78309.0,10269.0,50578.9
8424,L55603,L,299.0,310.4,1452,46.2,168,0,0,0,0,0,0,11.399999999999977,67082.40000000001,7761.6,52147.2
8425,L55604,L,299.1,310.6,1380,44.7,170,0,0,0,0,0,0,11.5,61686.00000000001,7599.000000000001,52802.00000000001
8426,L55605,L,299.2,310.6,1567,38.4,172,0,0,0,0,0,0,11.400000000000034,60172.799999999996,6604.8,53423.200000000004
8427,L55606,L,299.1,310.5,1628,35.9,174,0,0,0,0,0,0,11.399999999999977,58445.2,6246.599999999999,54027.0
8428,L55607,L,299.1,310.4,1505,46.1,176,0,0,0,0,0,0,11.299999999999955,69380.5,8113.6,54630.399999999994
8429,M23288,M,299.0,310.3,1827,28.0,178,0,0,0,0,0,0,11.300000000000011,51156.0,4984.0,55233.4
8430,L55609,L,299.0,310.3,1577,40.0,181,0,0,0,0,0,0,11.300000000000011,63080.0,7240.0,56164.3
8431,L55610,L,298.9,310.2,1304,57.2,183,0,0,0,0,0,0,11.300000000000011,74588.8,10467.6,56766.6
8432,H37845,H,298.9,310.1,1324,54.6,185,0,0,0,0,0,0,11.200000000000045,72290.40000000001,10101.0,57368.50000000001
8433,L55612,L,298.8,310.0,1537,39.9,190,0,0,0,0,0,0,11.199999999999989,61326.299999999996,7581.0,58900.0
8434,M23293,M,298.8,310.1,1501,48.7,192,0,0,0,0,0,0,11.300000000000011,73098.7,9350.400000000001,59539.200000000004
8435,M23294,M,298.7,309.9,1654,29.1,195,0,0,0,0,0,0,11.199999999999989,48131.4,5674.5,60430.49999999999
8436,M23295,M,298.7,310.0,1519,38.1,198,0,0,0,0,0,0,11.300000000000011,57873.9,7543.8,61380.0
8437,L55616,L,298.7,309.9,1371,51.3,201,0,0,0,0,0,0,11.199999999999989,70332.3,10311.3,62289.899999999994
8438,L55617,L,298.7,309.8,1181,65.9,203,1,0,0,0,1,0,11.100000000000023,77827.90000000001,13377.7,62889.4
8439,L55618,L,298.6,309.8,1469,42.8,205,0,0,0,0,0,0,11.199999999999989,62873.2,8774.0,63509.0
8440,L55619,L,298.6,309.8,1637,34.6,207,0,0,0,0,0,0,11.199999999999989,56640.200000000004,7162.200000000001,64128.600000000006
8441,L55620,L,298.6,309.8,1370,56.0,0,0,0,0,0,0,0,11.199999999999989,76720.0,0.0,0.0
8442,L55621,L,298.6,309.9,1630,30.6,2,0,0,0,0,0,0,11.299999999999955,49878.0,61.2,619.8
8443,L55622,L,298.6,310.0,1517,39.0,4,0,0,0,0,0,0,11.399999999999977,59163.0,156.0,1240.0
8444,M23303,M,298.6,309.9,1668,32.3,6,0,0,0,0,0,0,11.299999999999955,53876.399999999994,193.79999999999998,1859.3999999999999
8445,M23304,M,298.6,309.9,1818,24.9,9,0,0,0,0,0,0,11.299999999999955,45268.2,224.1,2789.1
8446,M23305,M,298.6,310.0,1541,36.9,12,0,0,0,0,0,0,11.399999999999977,56862.899999999994,442.79999999999995,3720.0
8447,L55626,L,298.5,309.9,1482,42.1,15,0,0,0,0,0,0,11.399999999999977,62392.200000000004,631.5,4648.5
8448,L55627,L,298.6,310.1,1439,49.9,17,0,0,0,0,0,0,11.5,71806.09999999999,848.3,5271.700000000001
8449,L55628,L,298.5,310.0,1492,41.2,19,0,0,0,0,0,0,11.5,61470.4,782.8000000000001,5890.0
8450,L55629,L,298.4,309.9,1725,27.8,21,0,0,0,0,0,0,11.5,47955.0,583.8000000000001,6507.9
8451,L55630,L,298.4,310.0,1559,44.2,23,0,0,0,0,0,0,11.600000000000023,68907.8,1016.6,7130.0
8452,L55631,L,298.5,310.0,1435,42.5,25,0,0,0,0,0,0,11.5,60987.5,1062.5,7750.0
8453,M23312,M,298.6,310.0,1512,37.5,27,0,0,0,0,0,0,11.399999999999977,56700.0,1012.5,8370.0
8454,L55633,L,298.6,309.9,1564,37.1,30,0,0,0,0,0,0,11.299999999999955,58024.4,1113.0,9297.0
8455,L55634,L,298.6,310.0,1522,40.3,32,0,0,0,0,0,0,11.399999999999977,61336.6,1289.6,9920.0
8456,L55635,L,298.6,309.9,1356,59.5,34,0,0,0,0,0,0,11.299999999999955,80682.0,2023.0,10536.599999999999
8457,L55636,L,298.6,309.9,1556,38.6,36,0,0,0,0,0,0,11.299999999999955,60061.600000000006,1389.6000000000001,11156.4
8458,L55637,L,298.6,309.9,1393,45.5,38,0,0,0,0,0,0,11.299999999999955,63381.5,1729.0,11776.199999999999
8459,L55638,L,298.7,309.9,1753,26.8,40,0,0,0,0,0,0,11.199999999999989,46980.4,1072.0,12396.0
8460,L55639,L,298.7,309.9,1651,29.5,42,0,0,0,0,0,0,11.199999999999989,48704.5,1239.0,13015.8
8461,L55640,L,298.7,309.9,1372,54.7,44,0,0,0,0,0,0,11.199999999999989,75048.40000000001,2406.8,13635.599999999999
8462,L55641,L,298.7,309.9,1446,43.3,46,0,0,0,0,0,0,11.199999999999989,62611.799999999996,1991.8,14255.4
8463,M23322,M,298.7,309.8,1501,44.7,48,0,0,0,0,0,0,11.100000000000023,67094.7,2145.6000000000004,14870.400000000001
8464,M23323,M,298.7,309.9,1411,45.1,51,0,0,0,0,0,0,11.199999999999989,63636.1,2300.1,15804.9
8465,H37878,H,298.6,309.7,1672,27.5,54,0,0,0,0,0,0,11.099999999999966,45980.0,1485.0,16723.8
8466,M23325,M,298.7,309.8,1475,40.5,59,0,0,0,0,0,0,11.100000000000023,59737.5,2389.5,18278.2
8467,L55646,L,298.7,309.8,1469,38.4,62,0,0,0,0,0,0,11.100000000000023,56409.6,2380.7999999999997,19207.600000000002
8468,L55647,L,298.6,309.8,1704,28.3,64,0,0,0,0,0,0,11.199999999999989,48223.200000000004,1811.2,19827.2
8469,H37882,H,298.6,309.7,1463,39.1,66,0,0,0,0,0,0,11.099999999999966,57203.3,2580.6,20440.2
8470,M23329,M,298.6,309.7,1280,64.1,71,0,0,0,0,0,0,11.099999999999966,82048.0,4551.099999999999,21988.7
8471,L55650,L,298.7,309.9,1464,38.0,74,0,0,0,0,0,0,11.199999999999989,55632.0,2812.0,22932.6
8472,L55651,L,298.6,309.8,1332,46.4,76,0,0,0,0,0,0,11.199999999999989,61804.799999999996,3526.4,23544.8
8473,L55652,L,298.5,309.7,1634,37.8,78,0,0,0,0,0,0,11.199999999999989,61765.2,2948.3999999999996,24156.6
8474,M23333,M,298.6,309.8,1430,43.1,80,0,0,0,0,0,0,11.199999999999989,61633.0,3448.0,24784.0
8475,M23334,M,298.5,309.7,1523,44.6,83,0,0,0,0,0,0,11.199999999999989,67925.8,3701.8,25705.1
8476,M23335,M,298.5,309.7,1557,37.7,86,0,0,0,0,0,0,11.199999999999989,58698.9,3242.2000000000003,26634.2
8477,L55656,L,298.5,309.6,1585,32.2,89,0,0,0,0,0,0,11.100000000000023,51037.00000000001,2865.8,27554.4
8478,H37891,H,298.5,309.6,1579,33.5,91,0,0,0,0,0,0,11.100000000000023,52896.5,3048.5,28173.600000000002
8479,M23338,M,298.5,309.7,1354,60.8,96,0,0,0,0,0,0,11.199999999999989,82323.2,5836.799999999999,29731.199999999997
8480,L55659,L,298.6,309.7,1627,33.4,99,0,0,0,0,0,0,11.099999999999966,54341.799999999996,3306.6,30660.3
8481,L55660,L,298.4,309.6,1477,35.6,101,0,0,0,0,0,0,11.200000000000045,52581.200000000004,3595.6000000000004,31269.600000000002
8482,M23341,M,298.3,309.4,1595,29.0,103,0,0,0,0,0,0,11.099999999999966,46255.0,2987.0,31868.199999999997
8483,L55662,L,298.4,309.5,1520,38.1,106,0,0,0,0,0,0,11.100000000000023,57912.0,4038.6000000000004,32807.0
8484,L55663,L,298.3,309.4,1618,31.5,108,0,0,0,0,0,0,11.099999999999966,50967.0,3402.0,33415.2
8485,L55664,L,298.4,309.5,1397,50.3,110,0,0,0,0,0,0,11.100000000000023,70269.09999999999,5533.0,34045.0
8486,L55665,L,298.4,309.5,1450,47.9,112,0,0,0,0,0,0,11.100000000000023,69455.0,5364.8,34664.0
8487,M23346,M,298.5,309.5,1501,40.2,114,0,0,0,0,0,0,11.0,60340.200000000004,4582.8,35283.0
8488,L55667,L,298.4,309.4,1392,50.1,117,0,0,0,0,0,0,11.0,69739.2,5861.7,36199.799999999996
8489,L55668,L,298.4,309.4,1385,43.2,119,0,0,0,0,0,0,11.0,59832.00000000001,5140.8,36818.6
8490,L55669,L,298.4,309.4,1461,46.3,121,0,0,0,0,0,0,11.0,67644.3,5602.299999999999,37437.399999999994
8491,M23350,M,298.5,309.6,1364,58.7,123,0,0,0,0,0,0,11.100000000000023,80066.8,7220.1,38080.8
8492,L55671,L,298.5,309.5,1579,38.6,126,0,0,0,0,0,0,11.0,60949.4,4863.6,38997.0
8493,M23352,M,298.4,309.5,1514,38.8,128,0,0,0,0,0,0,11.100000000000023,58743.2,4966.4,39616.0
8494,M23353,M,298.3,309.5,1560,36.9,131,0,0,0,0,0,0,11.199999999999989,57564.0,4833.9,40544.5
8495,L55674,L,298.3,309.5,1542,36.7,134,0,0,0,0,0,0,11.199999999999989,56591.4,4917.8,41473.0
8496,L55675,L,298.3,309.4,1668,27.1,136,0,0,0,0,0,0,11.099999999999966,45202.8,3685.6000000000004,42078.399999999994
8497,M23356,M,298.3,309.4,1816,22.6,138,0,0,0,0,0,0,11.099999999999966,41041.600000000006,3118.8,42697.2
8498,M23357,M,298.3,309.4,1509,34.2,141,0,0,0,0,0,0,11.099999999999966,51607.8,4822.200000000001,43625.399999999994
8499,L55678,L,298.4,309.6,1479,37.8,144,0,0,0,0,0,0,11.200000000000045,55906.2,5443.2,44582.4
8500,L55679,L,298.4,309.6,1655,30.2,146,0,0,0,0,0,0,11.200000000000045,49981.0,4409.2,45201.600000000006
8501,L55680,L,298.3,309.5,1711,30.3,148,0,0,0,0,0,0,11.199999999999989,51843.3,4484.400000000001,45806.0
8502,L55681,L,298.4,309.7,1581,34.6,150,0,0,0,0,0,0,11.300000000000011,54702.600000000006,5190.0,46455.0
8503,H37916,H,298.6,309.8,1279,55.9,152,0,0,0,0,0,0,11.199999999999989,71496.09999999999,8496.8,47089.6
8504,L55683,L,298.5,309.8,1468,40.9,157,0,0,0,0,0,0,11.300000000000011,60041.2,6421.3,48638.6
8505,L55684,L,298.4,309.7,1419,41.3,159,0,0,0,0,0,0,11.300000000000011,58604.7,6566.7,49242.299999999996
8506,L55685,L,298.4,309.7,1530,38.6,161,0,0,0,0,0,0,11.300000000000011,59058.0,6214.6,49861.7
8507,L55686,L,298.4,309.6,1710,27.3,163,1,0,0,0,0,0,11.200000000000045,46683.0,4449.900000000001,50464.8
8508,L55687,L,298.4,309.7,1518,39.8,165,0,0,0,0,0,0,11.300000000000011,60416.399999999994,6566.999999999999,51100.5
8509,M23368,M,298.4,309.7,1679,33.3,167,0,0,0,0,0,0,11.300000000000011,55910.7,5561.099999999999,51719.9
8510,M23369,M,298.4,309.7,1870,22.5,170,0,0,0,0,0,0,11.300000000000011,42075.0,3825.0,52649.0
8511,L55690,L,298.3,309.7,1484,44.3,173,0,0,0,0,0,0,11.399999999999977,65741.2,7663.9,53578.1
8512,L55691,L,298.4,309.7,1457,44.2,175,0,0,0,0,0,0,11.300000000000011,64399.4,7735.000000000001,54197.5
8513,H37926,H,298.3,309.6,1546,36.2,177,0,0,0,0,0,0,11.300000000000011,55965.200000000004,6407.400000000001,54799.200000000004
8514,M23373,M,298.2,309.5,1478,36.5,182,0,0,0,0,0,0,11.300000000000011,53947.0,6643.0,56329.0
8515,L55694,L,298.2,309.4,1447,47.1,185,0,0,0,0,0,0,11.199999999999989,68153.7,8713.5,57238.99999999999
8516,L55695,L,298.2,309.4,1443,45.4,187,0,0,0,0,0,0,11.199999999999989,65512.2,8489.8,57857.799999999996
8517,L55696,L,298.3,309.6,1527,30.9,189,0,0,0,0,0,0,11.300000000000011,47184.299999999996,5840.099999999999,58514.4
8518,M23377,M,298.3,309.6,1469,54.8,191,0,0,0,0,0,0,11.300000000000011,80501.2,10466.8,59133.600000000006
8519,M23378,M,298.3,309.6,1681,27.1,194,0,0,0,0,0,0,11.300000000000011,45555.100000000006,5257.400000000001,60062.4
8520,L55699,L,298.3,309.6,1420,44.1,197,0,0,0,0,0,0,11.300000000000011,62622.0,8687.7,60991.200000000004
8521,M23380,M,298.3,309.5,1543,49.9,199,0,0,0,0,0,0,11.199999999999989,76995.7,9930.1,61590.5
8522,L55701,L,298.4,309.5,1376,50.4,202,0,0,0,0,0,0,11.100000000000023,69350.4,10180.8,62519.0
8523,H37936,H,298.3,309.4,1631,29.8,0,0,0,0,0,0,0,11.099999999999966,48603.8,0.0,0.0
8524,H37937,H,298.3,309.3,1529,41.7,5,0,0,0,0,0,0,11.0,63759.3,208.5,1546.5
8525,L55704,L,298.3,309.4,1468,46.2,10,0,0,0,0,0,0,11.099999999999966,67821.6,462.0,3094.0
8526,L55705,L,298.3,309.4,1378,52.3,12,0,0,0,0,0,0,11.099999999999966,72069.4,627.5999999999999,3712.7999999999997
8527,L55706,L,298.3,309.3,1401,51.9,14,0,0,0,0,0,0,11.0,72711.9,726.6,4330.2
8528,L55707,L,298.4,309.3,1531,37.4,16,0,0,0,0,0,0,10.900000000000034,57259.4,598.4,4948.8
8529,L55708,L,298.4,309.3,1512,35.8,18,0,0,0,0,0,0,10.900000000000034,54129.6,644.4,5567.400000000001
8530,M23389,M,298.5,309.4,1522,47.4,20,0,0,0,0,0,0,10.899999999999977,72142.8,948.0,6188.0
8531,M23390,M,298.5,309.3,1615,31.8,23,0,0,0,0,0,0,10.800000000000011,51357.0,731.4,7113.900000000001
8532,L55711,L,298.6,309.3,1449,46.5,26,0,0,0,0,0,0,10.699999999999989,67378.5,1209.0,8041.8
8533,L55712,L,298.6,309.4,1315,55.5,28,0,0,0,0,0,0,10.799999999999955,72982.5,1554.0,8663.199999999999
8534,M23393,M,298.6,309.4,1465,41.1,30,0,0,0,0,0,0,10.799999999999955,60211.5,1233.0,9282.0
8535,M23394,M,298.6,309.5,1404,43.3,33,0,0,0,0,0,0,10.899999999999977,60793.2,1428.8999999999999,10213.5
8536,L55715,L,298.6,309.5,1547,44.8,36,0,0,0,0,0,0,10.899999999999977,69305.59999999999,1612.8,11142.0
8537,M23396,M,298.6,309.5,1426,45.4,38,0,0,0,0,0,0,10.899999999999977,64740.4,1725.2,11761.0
8538,L55717,L,298.6,309.5,1730,30.2,41,0,0,0,0,0,0,10.899999999999977,52246.0,1238.2,12689.5
8539,L55718,L,298.5,309.4,1548,37.7,43,0,0,0,0,0,0,10.899999999999977,58359.600000000006,1621.1000000000001,13304.199999999999
8540,L55719,L,298.5,309.4,1517,40.2,45,0,0,0,0,0,0,10.899999999999977,60983.4,1809.0000000000002,13922.999999999998
8541,L55720,L,298.6,309.5,1687,29.3,47,0,0,0,0,0,0,10.899999999999977,49429.1,1377.1000000000001,14546.5
8542,L55721,L,298.5,309.5,1738,25.2,49,0,0,0,0,0,0,11.0,43797.6,1234.8,15165.5
8543,H37956,H,298.4,309.4,1512,35.3,51,0,0,0,0,0,0,11.0,53373.6,1800.3,15779.4
8544,M23403,M,298.5,309.4,1365,48.7,56,0,0,0,0,0,0,10.899999999999977,66475.5,2727.2000000000003,17326.399999999998
8545,H37958,H,298.5,309.4,2011,21.0,59,0,0,0,0,0,0,10.899999999999977,42231.0,1239.0,18254.6
8546,L55725,L,298.4,309.3,1806,27.6,64,0,0,0,0,0,0,10.900000000000034,49845.600000000006,1766.4,19795.2
8547,L55726,L,298.4,309.3,1716,28.4,66,0,0,0,0,0,0,10.900000000000034,48734.399999999994,1874.3999999999999,20413.8
8548,M23407,M,298.4,309.4,1666,24.3,68,0,0,0,0,0,0,11.0,40483.8,1652.4,21039.199999999997
8549,L55728,L,298.5,309.4,1578,36.3,71,0,0,0,0,0,0,10.899999999999977,57281.399999999994,2577.2999999999997,21967.399999999998
8550,L55729,L,298.3,309.3,1558,37.2,73,0,0,0,0,0,0,11.0,57957.600000000006,2715.6000000000004,22578.9
8551,L55730,L,298.3,309.2,1456,45.5,75,0,0,0,0,0,0,10.899999999999977,66248.0,3412.5,23190.0
8552,M23411,M,298.2,309.1,1457,49.0,77,0,0,0,0,0,0,10.900000000000034,71393.0,3773.0,23800.7
8553,L55732,L,298.2,309.1,1467,44.5,80,0,0,0,0,0,0,10.900000000000034,65281.5,3560.0,24728.0
8554,M23413,M,298.1,309.0,1661,38.2,82,0,0,0,0,0,0,10.899999999999977,63450.200000000004,3132.4,25338.0
8555,L55734,L,298.1,309.0,1592,33.9,85,0,0,0,0,0,0,10.899999999999977,53968.799999999996,2881.5,26265.0
8556,L55735,L,298.2,309.0,1596,37.2,87,0,0,0,0,0,0,10.800000000000011,59371.200000000004,3236.4,26883.0
8557,L55736,L,298.2,309.0,1489,40.6,89,0,0,0,0,0,0,10.800000000000011,60453.4,3613.4,27501.0
8558,L55737,L,298.3,309.0,1471,48.3,91,0,0,0,0,0,0,10.699999999999989,71049.3,4395.3,28119.0
8559,M23418,M,298.3,309.0,1505,41.3,93,0,0,0,0,0,0,10.699999999999989,62156.49999999999,3840.8999999999996,28737.0
8560,L55739,L,298.3,309.0,1519,40.0,96,0,0,0,0,0,0,10.699999999999989,60760.0,3840.0,29664.0
8561,L55740,L,298.3,309.0,1408,45.4,98,0,0,0,0,0,0,10.699999999999989,63923.2,4449.2,30282.0
8562,L55741,L,298.2,308.9,1332,44.4,100,0,0,0,0,0,0,10.699999999999989,59140.799999999996,4440.0,30889.999999999996
8563,L55742,L,298.1,308.9,1351,52.4,102,0,0,0,0,0,0,10.799999999999955,70792.4,5344.8,31507.8
8564,L55743,L,298.0,308.9,1500,36.7,104,0,0,0,0,0,0,10.899999999999977,55050.00000000001,3816.8,32125.6
8565,M23424,M,298.0,308.7,1614,30.7,106,0,0,0,0,0,0,10.699999999999989,49549.799999999996,3254.2,32722.199999999997
8566,L55745,L,298.0,308.8,1489,36.5,109,0,0,0,0,0,0,10.800000000000011,54348.5,3978.5,33659.200000000004
8567,M23426,M,297.9,308.7,1751,26.6,111,0,0,0,0,0,0,10.800000000000011,46576.600000000006,2952.6000000000004,34265.7
8568,L55747,L,298.0,308.7,1511,45.8,114,0,0,0,0,0,0,10.699999999999989,69203.8,5221.2,35191.799999999996
8569,L55748,L,297.9,308.6,1691,29.6,116,0,0,0,0,0,0,10.700000000000045,50053.600000000006,3433.6000000000004,35797.600000000006
8570,L55749,L,297.9,308.6,1757,27.5,118,0,0,0,0,0,0,10.700000000000045,48317.5,3245.0,36414.8
8571,H37984,H,297.9,308.7,1545,35.9,120,0,0,0,0,0,0,10.800000000000011,55465.5,4308.0,37044.0
8572,L55751,L,297.9,308.6,2262,15.7,125,0,0,0,0,0,0,10.700000000000045,35513.4,1962.5,38575.0
8573,M23432,M,297.7,308.5,1559,35.2,127,0,0,0,0,0,0,10.800000000000011,54876.8,4470.400000000001,39179.5
8574,L55753,L,297.6,308.4,1626,32.4,130,0,0,0,0,0,0,10.799999999999955,52682.399999999994,4212.0,40092.0
8575,L55754,L,297.6,308.3,1424,53.9,132,0,0,0,0,0,0,10.699999999999989,76753.59999999999,7114.8,40695.6
8576,M23435,M,297.6,308.3,1648,29.1,134,0,0,0,0,0,0,10.699999999999989,47956.8,3899.4,41312.200000000004
8577,L55756,L,297.6,308.3,1523,39.5,137,0,0,0,0,0,0,10.699999999999989,60158.5,5411.5,42237.1
8578,L55757,L,297.6,308.3,1502,43.2,139,0,0,0,0,0,0,10.699999999999989,64886.4,6004.8,42853.700000000004
8579,L55758,L,297.5,308.2,1489,40.7,141,0,0,0,0,0,0,10.699999999999989,60602.3,5738.700000000001,43456.2
8580,M23439,M,297.4,308.1,1620,31.2,143,0,0,0,0,0,0,10.700000000000045,50544.0,4461.599999999999,44058.3
8581,L55760,L,297.5,308.1,1631,30.6,146,0,0,0,0,0,0,10.600000000000023,49908.600000000006,4467.6,44982.600000000006
8582,M23441,M,297.5,308.0,1429,45.8,148,0,0,0,0,0,0,10.5,65448.2,6778.4,45584.0
8583,M23442,M,297.5,308.1,1334,72.0,151,1,0,0,1,0,0,10.600000000000023,96048.0,10872.0,46523.100000000006
8584,L55763,L,297.4,308.0,1423,38.0,154,0,0,0,0,0,0,10.600000000000023,54074.0,5852.0,47432.0
8585,L55764,L,297.4,307.9,1390,47.7,156,0,0,0,0,0,0,10.5,66303.0,7441.200000000001,48032.399999999994
8586,M23445,M,297.4,307.9,1338,48.5,158,0,0,0,0,0,0,10.5,64893.0,7663.0,48648.2
8587,H38000,H,297.3,307.9,1461,37.5,161,0,0,0,0,0,0,10.599999999999966,54787.5,6037.5,49571.899999999994
8588,M23447,M,297.4,307.9,1627,34.3,166,0,0,0,0,0,0,10.5,55806.1,5693.799999999999,51111.399999999994
8589,L55768,L,297.3,307.8,1385,44.4,169,0,0,0,0,0,0,10.5,61494.0,7503.599999999999,52018.200000000004
8590,M23449,M,297.3,307.8,1538,48.0,171,0,0,0,0,0,0,10.5,73824.0,8208.0,52633.8
8591,L55770,L,297.4,307.9,1557,35.5,174,0,0,0,0,0,0,10.5,55273.5,6177.0,53574.6
8592,L55771,L,297.4,307.9,1606,33.4,176,0,0,0,0,0,0,10.5,53640.399999999994,5878.4,54190.399999999994
8593,M23452,M,297.5,308.0,1430,44.5,178,0,0,0,0,0,0,10.5,63635.0,7921.0,54824.0
8594,M23453,M,297.4,308.0,1601,34.6,181,0,0,0,0,0,0,10.600000000000023,55394.600000000006,6262.6,55748.0
8595,L55774,L,297.4,308.0,1356,51.9,184,0,0,0,0,0,0,10.600000000000023,70376.4,9549.6,56672.0
8596,M23455,M,297.5,308.2,1624,30.9,186,0,0,0,0,0,0,10.699999999999989,50181.6,5747.4,57325.2
8597,L55776,L,297.5,308.2,1327,56.5,189,0,0,0,0,0,0,10.699999999999989,74975.5,10678.5,58249.799999999996
8598,L55777,L,297.6,308.3,1410,47.0,191,0,0,0,0,0,0,10.699999999999989,66270.0,8977.0,58885.3
8599,L55778,L,297.6,308.3,1478,42.3,193,0,0,0,0,0,0,10.699999999999989,62519.399999999994,8163.9,59501.9
8600,L55779,L,297.6,308.4,1460,40.3,195,0,0,0,0,0,0,10.799999999999955,58837.99999999999,7858.499999999999,60137.99999999999
8601,L55780,L,297.5,308.3,1435,40.3,197,0,0,0,0,0,0,10.800000000000011,57830.49999999999,7939.099999999999,60735.100000000006
8602,H38015,H,297.4,308.2,1359,46.9,199,0,0,0,0,0,0,10.800000000000011,63737.1,9333.1,61331.799999999996
8603,L55782,L,297.4,308.1,1729,31.7,204,0,0,0,0,0,0,10.700000000000045,54809.299999999996,6466.8,62852.4
8604,H38017,H,297.3,308.0,1384,49.1,206,0,0,0,0,0,0,10.699999999999989,67954.40000000001,10114.6,63448.0
8605,L55784,L,297.4,308.2,1297,52.1,211,0,0,0,0,0,0,10.800000000000011,67573.7,10993.1,65030.2
8606,L55785,L,297.5,308.4,1633,33.3,213,0,0,0,0,0,0,10.899999999999977,54378.899999999994,7092.9,65689.2
8607,M23466,M,297.5,308.4,1505,37.2,215,0,0,0,0,0,0,10.899999999999977,55986.00000000001,7998.000000000001,66306.0
8608,L55787,L,297.5,308.4,1433,50.0,218,0,0,0,0,0,0,10.899999999999977,71650.0,10900.0,67231.2
8609,L55788,L,297.4,308.4,1369,50.6,220,1,0,0,0,1,0,11.0,69271.40000000001,11132.0,67848.0
8610,L55789,L,297.4,308.3,1475,40.5,222,1,1,0,0,0,0,10.900000000000034,59737.5,8991.0,68442.6
8611,L55790,L,297.4,308.3,1561,38.3,0,0,0,0,0,0,0,10.900000000000034,59786.299999999996,0.0,0.0
8612,L55791,L,297.4,308.3,1472,45.5,2,0,0,0,0,0,0,10.900000000000034,66976.0,91.0,616.6
8613,L55792,L,297.5,308.4,1441,44.5,4,0,0,0,0,0,0,10.899999999999977,64124.5,178.0,1233.6
8614,M23473,M,297.5,308.5,1401,50.5,6,0,0,0,0,0,0,11.0,70750.5,303.0,1851.0
8615,L55794,L,297.5,308.5,1691,33.1,9,0,0,0,0,0,0,11.0,55972.100000000006,297.90000000000003,2776.5
8616,L55795,L,297.6,308.6,1382,47.1,11,0,0,0,0,0,0,11.0,65092.200000000004,518.1,3394.6000000000004
8617,L55796,L,297.6,308.6,1355,46.4,13,0,0,0,0,0,0,11.0,62872.0,603.1999999999999,4011.8
8618,L55797,L,297.6,308.6,1529,45.3,15,0,0,0,0,0,0,11.0,69263.7,679.5,4629.0
8619,L55798,L,297.7,308.7,1829,24.9,17,0,0,0,0,0,0,11.0,45542.1,423.29999999999995,5247.9
8620,H38033,H,297.6,308.6,1480,39.8,19,0,0,0,0,0,0,11.0,58903.99999999999,756.1999999999999,5863.400000000001
8621,L55800,L,297.6,308.5,1475,42.4,24,0,0,0,0,0,0,10.899999999999977,62540.0,1017.5999999999999,7404.0
8622,M23481,M,297.6,308.5,1431,52.6,26,0,0,0,0,0,0,10.899999999999977,75270.6,1367.6000000000001,8021.0
8623,L55802,L,297.5,308.3,1437,42.3,29,0,0,0,0,0,0,10.800000000000011,60785.1,1226.6999999999998,8940.7
8624,M23483,M,297.5,308.3,1476,45.6,31,0,0,0,0,0,0,10.800000000000011,67305.6,1413.6000000000001,9557.300000000001
8625,H38038,H,297.5,308.4,1490,39.7,34,0,0,0,0,0,0,10.899999999999977,59153.00000000001,1349.8000000000002,10485.599999999999
8626,L55805,L,297.4,308.3,1632,33.5,39,0,0,0,0,0,0,10.900000000000034,54672.0,1306.5,12023.7
8627,L55806,L,297.4,308.2,1402,49.7,41,0,0,0,0,0,0,10.800000000000011,69679.40000000001,2037.7,12636.199999999999
8628,L55807,L,297.4,308.3,1347,45.8,43,0,0,0,0,0,0,10.900000000000034,61692.6,1969.3999999999999,13256.9
8629,L55808,L,297.5,308.4,1747,31.0,45,0,0,0,0,0,0,10.899999999999977,54157.0,1395.0,13877.999999999998
8630,H38043,H,297.5,308.5,1557,39.1,47,0,0,0,0,0,0,11.0,60878.700000000004,1837.7,14499.5
8631,L55810,L,297.4,308.4,1371,57.4,52,0,0,0,0,0,0,11.0,78695.4,2984.7999999999997,16036.8
8632,H38045,H,297.3,308.3,1506,37.0,54,0,0,0,0,0,0,11.0,55722.0,1998.0,16648.2
8633,L55812,L,297.3,308.3,1590,35.5,59,0,0,0,0,0,0,11.0,56445.0,2094.5,18189.7
8634,L55813,L,297.4,308.3,1336,53.7,61,0,0,0,0,0,0,10.900000000000034,71743.2,3275.7000000000003,18806.3
8635,L55814,L,297.3,308.3,1411,43.2,63,0,0,0,0,0,0,11.0,60955.200000000004,2721.6000000000004,19422.9
8636,L55815,L,297.4,308.3,1704,27.3,65,0,0,0,0,0,0,10.900000000000034,46519.200000000004,1774.5,20039.5
8637,L55816,L,297.5,308.4,1723,27.3,67,0,0,0,0,0,0,10.899999999999977,47037.9,1829.1000000000001,20662.8
8638,L55817,L,297.5,308.5,1459,39.7,69,0,0,0,0,0,0,11.0,57922.3,2739.3,21286.5
8639,L55818,L,297.6,308.5,1572,35.9,71,0,0,0,0,0,0,10.899999999999977,56434.799999999996,2548.9,21903.5
8640,L55819,L,297.5,308.4,1384,56.0,73,0,0,0,0,0,0,10.899999999999977,77504.0,4088.0,22513.199999999997
8641,L55820,L,297.6,308.6,1383,47.5,75,0,0,0,0,0,0,11.0,65692.5,3562.5,23145.0
8642,M23501,M,297.6,308.5,1360,48.6,77,0,0,0,0,0,0,10.899999999999977,66096.0,3742.2000000000003,23754.5
8643,M23502,M,297.5,308.4,1596,36.6,80,0,0,0,0,0,0,10.899999999999977,58413.600000000006,2928.0,24672.0
8644,L55823,L,297.5,308.5,1448,54.3,83,0,0,0,0,0,0,11.0,78626.4,4506.9,25605.5
8645,M23504,M,297.6,308.5,1443,38.2,85,0,0,0,0,0,0,10.899999999999977,55122.600000000006,3247.0000000000005,26222.5
8646,M23505,M,297.6,308.6,1492,35.5,88,0,0,0,0,0,0,11.0,52966.0,3124.0,27156.800000000003
8647,L55826,L,297.5,308.6,1497,43.9,91,0,0,0,0,0,0,11.100000000000023,65718.3,3994.9,28082.600000000002
8648,L55827,L,297.5,308.5,1530,38.5,93,0,0,0,0,0,0,11.0,58905.0,3580.5,28690.5
8649,M23508,M,297.4,308.4,1478,46.2,95,0,0,0,0,0,0,11.0,68283.6,4389.0,29297.999999999996
8650,L55829,L,297.4,308.4,1328,61.8,98,0,0,0,0,0,0,11.0,82070.4,6056.4,30223.199999999997
8651,H38064,H,297.4,308.3,1771,27.4,100,0,0,0,0,0,0,10.900000000000034,48525.399999999994,2740.0,30830.0
8652,M23511,M,297.4,308.4,1564,35.0,105,0,0,0,0,0,0,11.0,54740.0,3675.0,32381.999999999996
8653,H38066,H,297.3,308.3,1461,41.5,108,0,0,0,0,0,0,11.0,60631.5,4482.0,33296.4
8654,M23513,M,297.4,308.3,1335,57.9,113,0,0,0,0,0,0,10.900000000000034,77296.5,6542.7,34837.9
8655,M23514,M,297.4,308.4,1441,46.8,116,0,0,0,0,0,0,11.0,67438.8,5428.799999999999,35774.399999999994
8656,L55835,L,297.3,308.3,1268,60.6,119,0,0,0,0,0,0,11.0,76840.8,7211.400000000001,36687.700000000004
8657,M23516,M,297.3,308.3,1697,27.4,121,0,0,0,0,0,0,11.0,46497.799999999996,3315.3999999999996,37304.3
8658,L55837,L,297.4,308.4,1421,46.0,124,0,0,0,0,0,0,11.0,65366.0,5704.0,38241.6
8659,L55838,L,297.4,308.5,1496,36.4,126,0,0,0,0,0,0,11.100000000000023,54454.4,4586.4,38871.0
8660,L55839,L,297.5,308.5,1375,55.6,128,0,0,0,0,0,0,11.0,76450.0,7116.8,39488.0
8661,L55840,L,297.4,308.5,1295,52.1,130,0,0,0,0,0,0,11.100000000000023,67469.5,6773.0,40105.0
8662,L55841,L,297.4,308.5,1643,33.8,132,0,0,0,0,0,0,11.100000000000023,55533.399999999994,4461.599999999999,40722.0
8663,L55842,L,297.5,308.6,1514,36.9,134,0,0,0,0,0,0,11.100000000000023,55866.6,4944.599999999999,41352.4
8664,L55843,L,297.5,308.6,1671,29.4,136,0,0,0,0,0,0,11.100000000000023,49127.399999999994,3998.3999999999996,41969.600000000006
8665,H38078,H,297.5,308.6,1355,58.9,138,0,0,0,0,0,0,11.100000000000023,79809.5,8128.2,42586.8
8666,L55845,L,297.6,308.7,1365,50.6,143,0,0,0,0,0,0,11.099999999999966,69069.0,7235.8,44144.1
8667,L55846,L,297.5,308.7,1407,42.5,145,0,0,0,0,0,0,11.199999999999989,59797.5,6162.5,44761.5
8668,M23527,M,297.5,308.8,1455,46.1,147,0,0,0,0,0,0,11.300000000000011,67075.5,6776.7,45393.6
8669,L55848,L,297.5,308.8,1502,45.9,150,0,0,0,0,0,0,11.300000000000011,68941.8,6885.0,46320.0
8670,M23529,M,297.5,308.8,1471,52.3,152,0,0,0,0,0,0,11.300000000000011,76933.3,7949.599999999999,46937.6
8671,L55850,L,297.5,308.9,1581,30.4,155,0,0,0,0,0,0,11.399999999999977,48062.399999999994,4712.0,47879.5
8672,L55851,L,297.5,308.8,1530,37.8,157,0,0,0,0,0,0,11.300000000000011,57833.99999999999,5934.599999999999,48481.6
8673,L55852,L,297.5,308.8,1312,50.3,159,0,0,0,0,0,0,11.300000000000011,65993.59999999999,7997.7,49099.200000000004
8674,L55853,L,297.4,308.6,1494,42.6,161,0,0,0,0,0,0,11.200000000000045,63644.4,6858.6,49684.600000000006
8675,M23534,M,297.4,308.6,1528,29.1,163,0,0,0,0,0,0,11.200000000000045,44464.8,4743.3,50301.8
8676,H38089,H,297.3,308.6,1688,29.4,166,0,0,0,0,0,0,11.300000000000011,49627.2,4880.4,51227.600000000006
8677,M23536,M,297.3,308.5,1520,42.4,171,0,0,0,0,0,0,11.199999999999989,64448.0,7250.4,52753.5
8678,M23537,M,297.3,308.5,1664,28.9,174,0,0,0,0,0,0,11.199999999999989,48089.6,5028.599999999999,53679.0
8679,L55858,L,297.3,308.5,1514,44.5,177,0,0,0,0,0,0,11.199999999999989,67373.0,7876.5,54604.5
8680,L55859,L,297.3,308.5,1456,54.2,179,0,0,0,0,0,0,11.199999999999989,78915.2,9701.800000000001,55221.5
8681,L55860,L,297.2,308.5,1494,39.6,181,0,0,0,0,0,0,11.300000000000011,59162.4,7167.6,55838.5
8682,L55861,L,297.2,308.4,1605,30.0,183,0,0,0,0,0,0,11.199999999999989,48150.0,5490.0,56437.2
8683,M23542,M,297.2,308.5,1353,46.5,185,0,0,0,0,0,0,11.300000000000011,62914.5,8602.5,57072.5
8684,L55863,L,297.2,308.5,1447,47.9,188,0,0,0,0,0,0,11.300000000000011,69311.3,9005.199999999999,57998.0
8685,L55864,L,297.2,308.5,1588,40.4,190,0,0,0,0,0,0,11.300000000000011,64155.2,7676.0,58615.0
8686,H38099,H,297.2,308.5,1524,41.4,192,0,0,0,0,0,0,11.300000000000011,63093.6,7948.799999999999,59232.0
8687,M23546,M,297.2,308.5,1611,31.6,197,0,0,0,0,0,0,11.300000000000011,50907.600000000006,6225.200000000001,60774.5
8688,M23547,M,297.2,308.5,1604,34.9,200,0,0,0,0,0,0,11.300000000000011,55979.6,6980.0,61700.0
8689,L55868,L,297.1,308.5,1483,46.9,203,0,0,0,0,0,0,11.399999999999977,69552.7,9520.699999999999,62625.5
8690,L55869,L,297.1,308.4,1543,39.6,205,0,0,0,0,0,0,11.299999999999955,61102.8,8118.0,63221.99999999999
8691,L55870,L,297.1,308.5,1323,44.4,207,1,1,0,0,0,0,11.399999999999977,58741.2,9190.8,63859.5
8692,L55871,L,297.1,308.5,1555,36.2,0,0,0,0,0,0,0,11.399999999999977,56291.00000000001,0.0,0.0
8693,L55872,L,297.1,308.4,1583,31.9,2,0,0,0,0,0,0,11.299999999999955,50497.7,63.8,616.8
8694,M23553,M,297.2,308.5,1584,40.0,4,0,0,0,0,0,0,11.300000000000011,63360.0,160.0,1234.0
8695,L55874,L,297.2,308.5,1766,25.8,7,0,0,0,0,0,0,11.300000000000011,45562.8,180.6,2159.5
8696,M23555,M,297.2,308.6,1498,44.4,9,0,0,0,0,0,0,11.400000000000034,66511.2,399.59999999999997,2777.4
8697,L55876,L,297.2,308.6,1413,49.8,12,0,0,0,0,0,0,11.400000000000034,70367.4,597.5999999999999,3703.2000000000003
8698,L55877,L,297.3,308.6,1505,33.5,14,0,0,0,0,0,0,11.300000000000011,50417.5,469.0,4320.400000000001
8699,H38112,H,297.3,308.7,1438,46.2,16,0,0,0,0,0,0,11.399999999999977,66435.6,739.2,4939.2
8700,M23559,M,297.3,308.7,1655,34.1,21,0,0,0,0,0,0,11.399999999999977,56435.5,716.1,6482.7
8701,M23560,M,297.3,308.7,1451,43.8,24,0,0,0,0,0,0,11.399999999999977,63553.799999999996,1051.1999999999998,7408.799999999999
8702,M23561,M,297.3,308.7,1466,38.4,27,0,0,0,0,0,0,11.399999999999977,56294.4,1036.8,8334.9
8703,L55882,L,297.2,308.6,1774,23.0,30,0,0,0,0,0,0,11.400000000000034,40802.0,690.0,9258.0
8704,M23563,M,297.2,308.6,1284,51.3,32,0,0,0,0,0,0,11.400000000000034,65869.2,1641.6,9875.2
8705,L55884,L,297.1,308.5,1425,40.0,35,0,0,0,0,0,0,11.399999999999977,57000.0,1400.0,10797.5
8706,L55885,L,297.2,308.6,1437,52.4,37,0,0,0,0,0,0,11.400000000000034,75298.8,1938.8,11418.2
8707,L55886,L,297.2,308.6,1335,53.0,39,0,0,0,0,0,0,11.400000000000034,70755.0,2067.0,12035.400000000001
8708,L55887,L,297.2,308.5,1471,41.7,41,0,0,0,0,0,0,11.300000000000011,61340.700000000004,1709.7,12648.5
8709,M23568,M,297.2,308.5,1364,54.0,43,0,0,0,0,0,0,11.300000000000011,73656.0,2322.0,13265.5
8710,L55889,L,297.1,308.5,1578,35.6,46,0,0,0,0,0,0,11.399999999999977,56176.8,1637.6000000000001,14191.0
8711,L55890,L,297.1,308.5,1712,32.1,48,0,0,0,0,0,0,11.399999999999977,54955.200000000004,1540.8000000000002,14808.0
8712,L55891,L,297.1,308.5,1733,28.7,50,0,0,0,0,0,0,11.399999999999977,49737.1,1435.0,15425.0
8713,L55892,L,297.2,308.6,1652,32.1,52,0,0,0,0,0,0,11.400000000000034,53029.200000000004,1669.2,16047.2
8714,L55893,L,297.2,308.6,1917,24.1,54,0,0,0,0,0,0,11.400000000000034,46199.700000000004,1301.4,16664.4
8715,M23574,M,297.2,308.6,1444,41.1,56,0,0,0,0,0,0,11.400000000000034,59348.4,2301.6,17281.600000000002
8716,L55895,L,297.1,308.6,1442,37.1,59,0,0,0,0,0,0,11.5,53498.200000000004,2188.9,18207.4
8717,M23576,M,297.1,308.6,1717,31.3,61,0,0,0,0,0,0,11.5,53742.1,1909.3,18824.600000000002
8718,L55897,L,297.1,308.7,1474,42.3,64,0,0,0,0,0,0,11.599999999999966,62350.2,2707.2,19756.8
8719,L55898,L,297.2,308.7,1509,39.3,66,0,0,0,0,0,0,11.5,59303.7,2593.7999999999997,20374.2
8720,L55899,L,297.2,308.8,1451,43.1,68,0,0,0,0,0,0,11.600000000000023,62538.1,2930.8,20998.4
8721,L55900,L,297.3,308.8,1554,36.1,70,0,0,0,0,0,0,11.5,56099.4,2527.0,21616.0
8722,L55901,L,297.2,308.7,1669,30.7,72,0,0,0,0,0,0,11.5,51238.299999999996,2210.4,22226.399999999998
8723,L55902,L,297.2,308.6,1366,50.4,74,0,0,0,0,0,0,11.400000000000034,68846.4,3729.6,22836.4
8724,L55903,L,297.2,308.6,1578,34.4,76,0,0,0,0,0,0,11.400000000000034,54283.2,2614.4,23453.600000000002
8725,M23584,M,297.2,308.6,1513,39.0,78,0,0,0,0,0,0,11.400000000000034,59007.0,3042.0,24070.800000000003
8726,M23585,M,297.1,308.5,1515,42.1,81,0,0,0,0,0,0,11.399999999999977,63781.5,3410.1,24988.5
8727,L55906,L,297.2,308.6,1562,33.0,84,0,0,0,0,0,0,11.400000000000034,51546.0,2772.0,25922.4
8728,L55907,L,297.2,308.7,1501,38.5,86,0,0,0,0,0,0,11.5,57788.5,3311.0,26548.2
8729,M23588,M,297.2,308.7,1398,38.1,88,0,0,0,0,0,0,11.5,53263.8,3352.8,27165.6
8730,L55909,L,297.3,308.7,1352,53.8,91,0,0,0,0,0,0,11.399999999999977,72737.59999999999,4895.8,28091.7
8731,H38144,H,297.3,308.7,1569,33.9,93,0,0,0,0,0,0,11.399999999999977,53189.1,3152.7,28709.1
8732,H38145,H,297.2,308.6,1486,46.6,98,0,0,0,0,0,0,11.400000000000034,69247.6,4566.8,30242.800000000003
8733,L55912,L,297.2,308.6,1864,23.6,103,0,0,0,0,0,0,11.400000000000034,43990.4,2430.8,31785.800000000003
8734,M23593,M,297.3,308.7,1447,44.5,105,0,0,0,0,0,0,11.399999999999977,64391.5,4672.5,32413.5
8735,L55914,L,297.2,308.6,1392,41.5,108,0,0,0,0,0,0,11.400000000000034,57768.0,4482.0,33328.8
8736,L55915,L,297.3,308.6,1358,47.6,110,0,0,0,0,0,0,11.300000000000011,64640.8,5236.0,33946.0
8737,L55916,L,297.3,308.7,1491,40.2,112,0,0,0,0,0,0,11.399999999999977,59938.200000000004,4502.400000000001,34574.4
8738,L55917,L,297.3,308.7,1556,36.7,114,0,0,0,0,0,0,11.399999999999977,57105.200000000004,4183.8,35191.799999999996
8739,L55918,L,297.3,308.7,1531,36.7,116,0,0,0,0,0,0,11.399999999999977,56187.700000000004,4257.200000000001,35809.2
8740,H38153,H,297.4,308.7,1429,37.6,118,0,0,0,0,0,0,11.300000000000011,53730.4,4436.8,36426.6
8741,M23600,M,297.4,308.8,1573,33.9,123,0,0,0,0,0,0,11.400000000000034,53324.7,4169.7,37982.4
8742,L55921,L,297.4,308.8,1538,41.2,126,0,0,0,0,0,0,11.400000000000034,63365.600000000006,5191.200000000001,38908.8
8743,L55922,L,297.4,308.8,1467,39.0,128,0,0,0,0,0,0,11.400000000000034,57213.0,4992.0,39526.4
8744,H38157,H,297.4,308.7,1323,51.1,130,0,0,0,0,0,0,11.300000000000011,67605.3,6643.0,40131.0
8745,M23604,M,297.4,308.7,1798,23.0,135,0,0,0,0,0,0,11.300000000000011,41354.0,3105.0,41674.5
8746,L55925,L,297.4,308.6,1411,46.3,138,0,0,0,0,0,0,11.200000000000045,65329.299999999996,6389.4,42586.8
8747,L55926,L,297.3,308.5,1528,44.5,140,0,0,0,0,0,0,11.199999999999989,67996.0,6230.0,43190.0
8748,L55927,L,297.3,308.5,1504,42.0,142,0,0,0,0,0,0,11.199999999999989,63168.0,5964.0,43807.0
8749,L55928,L,297.3,308.5,1384,39.6,144,0,0,0,0,0,0,11.199999999999989,54806.4,5702.400000000001,44424.0
8750,L55929,L,297.2,308.4,1677,26.4,146,0,0,0,0,0,0,11.199999999999989,44272.799999999996,3854.3999999999996,45026.399999999994
8751,L55930,L,297.3,308.5,1764,30.8,148,0,0,0,0,0,0,11.199999999999989,54331.200000000004,4558.400000000001,45658.0
8752,M23611,M,297.4,308.5,1472,42.0,150,0,0,0,0,0,0,11.100000000000023,61824.0,6300.0,46275.0
8753,M23612,M,297.4,308.5,1465,55.9,153,0,0,0,0,0,0,11.100000000000023,81893.5,8552.699999999999,47200.5
8754,M23613,M,297.4,308.6,1657,33.1,156,0,0,0,0,0,0,11.200000000000045,54846.700000000004,5163.6,48141.600000000006
8755,L55934,L,297.4,308.6,1635,30.5,159,0,0,0,0,0,0,11.200000000000045,49867.5,4849.5,49067.4
8756,M23615,M,297.4,308.7,1582,31.9,161,0,0,0,0,0,0,11.300000000000011,50465.799999999996,5135.9,49700.7
8757,L55936,L,297.5,308.7,1761,26.2,164,0,0,0,0,0,0,11.199999999999989,46138.2,4296.8,50626.799999999996
8758,L55937,L,297.5,308.8,1587,34.9,166,0,0,0,0,0,0,11.300000000000011,55386.299999999996,5793.4,51260.8
8759,M23618,M,297.5,308.7,1446,53.0,168,0,0,0,0,0,0,11.199999999999989,76638.0,8904.0,51861.6
8760,M23619,M,297.5,308.7,1352,53.0,171,0,0,0,0,0,0,11.199999999999989,71656.0,9063.0,52787.7
8761,M23620,M,297.4,308.7,1392,46.4,174,0,0,0,0,0,0,11.300000000000011,64588.799999999996,8073.599999999999,53713.799999999996
8762,L55941,L,297.5,308.8,1417,49.8,177,0,0,0,0,0,0,11.300000000000011,70566.59999999999,8814.6,54657.6
8763,H38176,H,297.5,308.8,1824,24.0,179,0,0,0,0,0,0,11.300000000000011,43776.0,4296.0,55275.200000000004
8764,L55943,L,297.5,308.8,1603,36.7,184,0,0,0,0,0,0,11.300000000000011,58830.100000000006,6752.8,56819.200000000004
8765,L55944,L,297.4,308.8,1620,33.4,186,0,0,0,0,0,0,11.400000000000034,54108.0,6212.4,57436.8
8766,L55945,L,297.4,308.8,1353,49.4,188,0,0,0,0,0,0,11.400000000000034,66838.2,9287.199999999999,58054.4
8767,L55946,L,297.5,308.8,1360,50.7,190,0,0,0,0,0,0,11.300000000000011,68952.0,9633.0,58672.0
8768,L55947,L,297.5,308.6,1380,53.5,192,0,0,0,0,0,0,11.100000000000023,73830.0,10272.0,59251.200000000004
8769,M23628,M,297.5,308.7,1363,53.6,194,0,0,0,0,0,0,11.199999999999989,73056.8,10398.4,59887.799999999996
8770,M23629,M,297.4,308.6,1452,41.2,197,0,0,0,0,0,0,11.200000000000045,59822.4,8116.400000000001,60794.200000000004
8771,L55950,L,297.4,308.6,1680,32.8,200,0,0,0,0,0,0,11.200000000000045,55103.99999999999,6559.999999999999,61720.00000000001
8772,L55951,L,297.5,308.6,1536,39.0,202,0,0,0,0,0,0,11.100000000000023,59904.0,7878.0,62337.200000000004
8773,L55952,L,297.5,308.6,1621,28.9,0,0,0,0,0,0,0,11.100000000000023,46846.899999999994,0.0,0.0
8774,L55953,L,297.5,308.6,1585,37.6,2,0,0,0,0,0,0,11.100000000000023,59596.0,75.2,617.2
8775,M23634,M,297.6,308.7,1408,51.5,4,0,0,0,0,0,0,11.099999999999966,72512.0,206.0,1234.8
8776,H38189,H,297.5,308.6,1536,38.7,7,0,0,0,0,0,0,11.100000000000023,59443.200000000004,270.90000000000003,2160.2000000000003
8777,L55956,L,297.5,308.6,1352,52.6,12,0,0,0,0,0,0,11.100000000000023,71115.2,631.2,3703.2000000000003
8778,H38191,H,297.5,308.6,1481,38.8,14,0,0,0,0,0,0,11.100000000000023,57462.799999999996,543.1999999999999,4320.400000000001
8779,L55958,L,297.5,308.7,1454,45.0,19,0,0,0,0,0,0,11.199999999999989,65430.0,855.0,5865.3
8780,M23639,M,297.5,308.6,1349,51.5,21,0,0,0,0,0,0,11.100000000000023,69473.5,1081.5,6480.6
8781,M23640,M,297.5,308.6,1327,52.1,24,0,0,0,0,0,0,11.100000000000023,69136.7,1250.4,7406.400000000001
8782,L55961,L,297.6,308.7,1552,42.3,27,0,0,0,0,0,0,11.099999999999966,65649.59999999999,1142.1,8334.9
8783,L55962,L,297.5,308.7,1456,44.7,29,0,0,0,0,0,0,11.199999999999989,65083.200000000004,1296.3000000000002,8952.3
8784,M23643,M,297.6,308.6,1254,45.8,31,0,0,0,0,0,0,11.0,57433.2,1419.8,9566.6
8785,L55964,L,297.5,308.6,1437,43.3,34,0,0,0,0,0,0,11.100000000000023,62222.1,1472.1999999999998,10492.400000000001
8786,L55965,L,297.5,308.6,1694,27.1,36,0,0,0,0,0,0,11.100000000000023,45907.4,975.6,11109.6
8787,L55966,L,297.5,308.5,1306,50.7,38,0,0,0,0,0,0,11.0,66214.2,1926.6000000000001,11723.0
8788,M23647,M,297.5,308.5,1699,30.1,40,0,0,0,0,0,0,11.0,51139.9,1204.0,12340.0
8789,L55968,L,297.4,308.5,1369,53.2,43,0,0,0,0,0,0,11.100000000000023,72830.8,2287.6,13265.5
8790,L55969,L,297.4,308.5,1471,43.9,45,0,0,0,0,0,0,11.100000000000023,64576.9,1975.5,13882.5
8791,L55970,L,297.4,308.5,1410,43.9,47,0,0,0,0,0,0,11.100000000000023,61899.0,2063.2999999999997,14499.5
8792,M23651,M,297.4,308.5,1412,45.5,49,0,0,0,0,0,0,11.100000000000023,64246.0,2229.5,15116.5
8793,L55972,L,297.4,308.5,1418,51.2,52,0,0,0,0,0,0,11.100000000000023,72601.6,2662.4,16042.0
8794,L55973,L,297.4,308.5,1782,25.9,54,0,0,0,0,0,0,11.100000000000023,46153.799999999996,1398.6,16659.0
8795,M23654,M,297.4,308.5,1497,36.4,56,0,0,0,0,0,0,11.100000000000023,54490.799999999996,2038.3999999999999,17276.0
8796,L55975,L,297.3,308.4,1459,39.4,59,0,0,0,0,0,0,11.099999999999966,57484.6,2324.6,18195.6
8797,L55976,L,297.2,308.3,1796,23.8,61,0,0,0,0,0,0,11.100000000000023,42744.8,1451.8,18806.3
8798,L55977,L,297.2,308.3,1569,31.2,63,0,0,0,0,0,0,11.100000000000023,48952.799999999996,1965.6,19422.9
8799,L55978,L,297.3,308.4,1469,46.7,65,0,0,0,0,0,0,11.099999999999966,68602.3,3035.5,20046.0
8800,L55979,L,297.3,308.4,1472,41.3,67,0,0,0,0,0,0,11.099999999999966,60793.6,2767.1,20662.8
8801,L55980,L,297.4,308.5,1475,47.2,69,0,0,0,0,0,0,11.100000000000023,69620.0,3256.8,21286.5
8802,L55981,L,297.4,308.6,1488,36.4,71,0,0,0,0,0,0,11.200000000000045,54163.2,2584.4,21910.600000000002
8803,L55982,L,297.4,308.6,1524,43.1,73,0,0,0,0,0,0,11.200000000000045,65684.40000000001,3146.3,22527.800000000003
8804,L55983,L,297.4,308.5,1486,48.6,75,0,0,0,0,0,0,11.100000000000023,72219.6,3645.0,23137.5
8805,M23664,M,297.5,308.6,1255,60.7,77,0,0,0,0,0,0,11.100000000000023,76178.5,4673.900000000001,23762.2
8806,M23665,M,297.4,308.6,1469,42.6,80,0,0,0,0,0,0,11.200000000000045,62579.4,3408.0,24688.0
8807,L55986,L,297.4,308.5,1692,34.3,83,0,0,0,0,0,0,11.100000000000023,58035.6,2846.8999999999996,25605.5
8808,M23667,M,297.4,308.6,1604,32.8,85,0,0,0,0,0,0,11.200000000000045,52611.2,2787.9999999999995,26231.000000000004
8809,L55988,L,297.4,308.6,1446,48.1,88,0,0,0,0,0,0,11.200000000000045,69552.6,4232.8,27156.800000000003
8810,L55989,L,297.3,308.5,1503,43.3,90,0,0,0,0,0,0,11.199999999999989,65079.899999999994,3896.9999999999995,27765.0
8811,M23670,M,297.3,308.5,1625,32.8,92,0,0,0,0,0,0,11.199999999999989,53299.99999999999,3017.6,28382.0
8812,L55991,L,297.2,308.5,1574,35.8,95,0,0,0,0,0,0,11.300000000000011,56349.2,3400.9999999999995,29307.5
8813,M23672,M,297.2,308.4,1378,41.9,97,0,0,0,0,0,0,11.199999999999989,57738.2,4064.2999999999997,29914.8
8814,L55993,L,297.1,308.4,1693,29.5,100,0,0,0,0,0,0,11.299999999999955,49943.5,2950.0,30839.999999999996
8815,L55994,L,297.2,308.4,1462,51.2,102,0,0,0,0,0,0,11.199999999999989,74854.40000000001,5222.400000000001,31456.8
8816,H38229,H,297.3,308.5,1435,55.0,104,0,0,0,0,0,0,11.199999999999989,78925.0,5720.0,32084.0
8817,M23676,M,297.2,308.5,1425,45.8,109,0,0,0,0,0,0,11.300000000000011,65264.99999999999,4992.2,33626.5
8818,H38231,H,297.3,308.6,1376,53.5,112,0,0,0,0,0,0,11.300000000000011,73616.0,5992.0,34563.200000000004
8819,M23678,M,297.4,308.7,1481,48.0,117,0,0,0,0,0,0,11.300000000000011,71088.0,5616.0,36117.9
8820,H38233,H,297.4,308.7,1349,48.9,120,0,0,0,0,0,0,11.300000000000011,65966.09999999999,5868.0,37044.0
8821,L56000,L,297.3,308.7,1551,40.0,125,0,0,0,0,0,0,11.399999999999977,62040.0,5000.0,38587.5
8822,H38235,H,297.4,308.7,1623,33.8,127,0,0,0,0,0,0,11.300000000000011,54857.399999999994,4292.599999999999,39204.9
8823,L56002,L,297.4,308.8,1462,49.7,132,0,0,0,0,0,0,11.400000000000034,72661.40000000001,6560.400000000001,40761.6
8824,M23683,M,297.3,308.8,1447,57.4,134,0,0,0,0,0,0,11.5,83057.8,7691.599999999999,41379.200000000004
8825,M23684,M,297.3,308.9,1799,24.5,137,0,0,0,0,0,0,11.599999999999966,44075.5,3356.5,42319.299999999996
8826,M23685,M,297.3,308.8,1548,41.3,140,0,0,0,0,0,0,11.5,63932.399999999994,5782.0,43232.0
8827,M23686,M,297.2,308.8,1485,47.9,143,0,0,0,0,0,0,11.600000000000023,71131.5,6849.7,44158.4
8828,L56007,L,297.2,308.7,1463,49.9,146,0,0,0,0,0,0,11.5,73003.7,7285.4,45070.2
8829,L56008,L,297.3,308.7,1587,35.8,148,0,0,0,0,0,0,11.399999999999977,56814.6,5298.4,45687.6
8830,M23689,M,297.3,308.8,1469,44.1,150,0,0,0,0,0,0,11.5,64782.9,6615.0,46320.0
8831,H38244,H,297.3,308.7,1430,42.8,153,0,0,0,0,0,0,11.399999999999977,61203.99999999999,6548.4,47231.1
8832,H38245,H,297.4,308.7,1726,26.8,158,0,0,0,0,0,0,11.300000000000011,46256.8,4234.400000000001,48774.6
8833,L56012,L,297.4,308.8,1651,34.1,163,0,0,0,0,0,0,11.400000000000034,56299.100000000006,5558.3,50334.4
8834,L56013,L,297.4,308.8,1529,41.3,165,0,0,0,0,0,0,11.400000000000034,63147.7,6814.499999999999,50952.0
8835,L56014,L,297.4,308.8,1473,46.2,167,0,0,0,0,0,0,11.400000000000034,68052.6,7715.400000000001,51569.6
8836,H38249,H,297.4,308.8,1324,53.5,169,0,0,0,0,0,0,11.400000000000034,70834.0,9041.5,52187.200000000004
8837,L56016,L,297.4,308.9,1708,28.8,174,0,0,0,0,0,0,11.5,49190.4,5011.2,53748.6
8838,M23697,M,297.5,309.1,1540,38.5,176,0,0,0,0,0,0,11.600000000000023,59290.0,6776.0,54401.600000000006
8839,L56018,L,297.5,309.0,1320,54.7,179,0,0,0,0,0,0,11.5,72204.0,9791.300000000001,55311.0
8840,M23699,M,297.4,308.9,1376,39.0,181,0,0,0,0,0,0,11.5,53664.0,7059.0,55910.899999999994
8841,M23700,M,297.3,308.7,1542,37.0,184,0,0,0,0,0,0,11.399999999999977,57054.0,6808.0,56800.799999999996
8842,L56021,L,297.3,308.7,1506,39.3,187,0,0,0,0,0,0,11.399999999999977,59185.799999999996,7349.099999999999,57726.9
8843,L56022,L,297.3,308.7,1492,43.6,189,0,0,0,0,0,0,11.399999999999977,65051.200000000004,8240.4,58344.299999999996
8844,H38257,H,297.3,308.8,1564,38.0,191,0,0,0,0,0,0,11.5,59432.0,7258.0,58980.8
8845,H38258,H,297.4,308.9,1645,30.8,196,0,0,0,0,0,0,11.5,50666.0,6036.8,60544.399999999994
8846,M23705,M,297.4,308.9,1348,59.1,201,0,0,0,0,0,0,11.5,79666.8,11879.1,62088.899999999994
8847,M23706,M,297.4,308.8,1325,62.4,204,1,1,0,0,1,0,11.400000000000034,82680.0,12729.6,62995.200000000004
8848,L56027,L,297.5,308.9,1443,43.5,0,0,0,0,0,0,0,11.399999999999977,62770.5,0.0,0.0
8849,M23708,M,297.5,308.9,1436,44.8,2,0,0,0,0,0,0,11.399999999999977,64332.799999999996,89.6,617.8
8850,L56029,L,297.5,308.9,1596,30.7,5,0,0,0,0,0,0,11.399999999999977,48997.2,153.5,1544.5
8851,L56030,L,297.6,309.0,1491,43.2,7,0,0,0,0,0,0,11.399999999999977,64411.200000000004,302.40000000000003,2163.0
8852,M23711,M,297.7,308.9,1573,35.1,9,0,0,0,0,0,0,11.199999999999989,55212.3,315.90000000000003,2780.1
8853,L56032,L,297.7,308.9,1575,39.9,12,0,0,0,0,0,0,11.199999999999989,62842.5,478.79999999999995,3706.7999999999997
8854,L56033,L,297.7,308.9,1458,41.1,14,0,0,0,0,0,0,11.199999999999989,59923.8,575.4,4324.599999999999
8855,M23714,M,297.7,309.0,1433,41.8,16,0,0,0,0,0,0,11.300000000000011,59899.399999999994,668.8,4944.0
8856,L56035,L,297.7,308.9,1662,28.1,19,0,0,0,0,0,0,11.199999999999989,46702.200000000004,533.9,5869.099999999999
8857,M23716,M,297.7,308.9,1327,63.7,21,0,0,0,0,0,0,11.199999999999989,84529.90000000001,1337.7,6486.9
8858,L56037,L,297.7,308.9,1742,26.3,24,0,0,0,0,0,0,11.199999999999989,45814.6,631.2,7413.599999999999
8859,L56038,L,297.8,308.9,1506,33.5,26,0,0,0,0,0,0,11.099999999999966,50451.0,871.0,8031.4
8860,L56039,L,297.9,309.1,1457,44.4,28,0,0,0,0,0,0,11.200000000000045,64690.799999999996,1243.2,8654.800000000001
8861,M23720,M,297.9,309.1,1488,37.3,30,0,0,0,0,0,0,11.200000000000045,55502.399999999994,1119.0,9273.0
8862,L56041,L,297.9,309.1,1619,34.7,33,0,0,0,0,0,0,11.200000000000045,56179.3,1145.1000000000001,10200.300000000001
8863,M23722,M,298.0,309.2,1558,41.7,35,0,0,0,0,0,0,11.199999999999989,64968.600000000006,1459.5,10822.0
8864,L56043,L,298.0,309.2,1731,28.7,38,0,0,0,0,0,0,11.199999999999989,49679.7,1090.6,11749.6
8865,M23724,M,298.0,309.1,1574,34.8,40,0,0,0,0,0,0,11.100000000000023,54775.2,1392.0,12364.0
8866,L56045,L,297.9,309.0,1290,49.8,43,0,0,0,0,0,0,11.100000000000023,64241.99999999999,2141.4,13287.0
8867,H38280,H,297.9,308.9,1416,39.6,45,0,0,0,0,0,0,11.0,56073.6,1782.0,13900.499999999998
8868,L56047,L,297.9,308.9,1566,41.9,50,0,0,0,0,0,0,11.0,65615.4,2095.0,15444.999999999998
8869,L56048,L,297.9,309.0,1456,46.5,52,0,0,0,0,0,0,11.100000000000023,67704.0,2418.0,16068.0
8870,L56049,L,297.9,309.0,1528,37.5,54,0,0,0,0,0,0,11.100000000000023,57300.0,2025.0,16686.0
8871,M23730,M,297.9,309.1,1338,49.6,56,0,0,0,0,0,0,11.200000000000045,66364.8,2777.6,17309.600000000002
8872,M23731,M,297.9,309.1,1558,39.2,59,0,0,0,0,0,0,11.200000000000045,61073.600000000006,2312.8,18236.9
8873,M23732,M,297.9,309.1,1614,38.1,62,0,0,0,0,0,0,11.200000000000045,61493.4,2362.2000000000003,19164.2
8874,H38287,H,298.0,309.1,1557,36.4,65,0,0,0,0,0,0,11.100000000000023,56674.799999999996,2366.0,20091.5
8875,L56054,L,298.1,309.3,1443,45.3,70,0,0,0,0,0,0,11.199999999999989,65367.899999999994,3171.0,21651.0
8876,H38289,H,298.1,309.3,1332,51.0,72,0,0,0,0,0,0,11.199999999999989,67932.0,3672.0,22269.600000000002
8877,M23736,M,298.1,309.3,1752,25.2,77,0,0,0,0,0,0,11.199999999999989,44150.4,1940.3999999999999,23816.100000000002
8878,M23737,M,298.1,309.2,1460,45.8,80,0,0,0,0,0,0,11.099999999999966,66868.0,3664.0,24736.0
8879,L56058,L,298.1,309.2,1802,26.9,83,0,0,0,0,0,0,11.099999999999966,48473.799999999996,2232.7,25663.6
8880,L56059,L,298.0,309.2,1527,39.5,85,0,0,0,0,0,0,11.199999999999989,60316.5,3357.5,26282.0
8881,L56060,L,298.0,309.2,1458,39.8,87,0,0,0,0,0,0,11.199999999999989,58028.399999999994,3462.6,26900.399999999998
8882,H38295,H,298.0,309.2,1520,37.9,89,0,0,0,0,0,0,11.199999999999989,57608.0,3373.1,27518.8
8883,L56062,L,298.0,309.2,1378,49.7,94,0,0,0,0,0,0,11.199999999999989,68486.6,4671.8,29064.8
8884,M23743,M,297.9,309.2,1529,38.1,96,0,0,0,0,0,0,11.300000000000011,58254.9,3657.6000000000004,29683.199999999997
8885,L56064,L,298.0,309.2,1527,32.4,99,0,0,0,0,0,0,11.199999999999989,49474.799999999996,3207.6,30610.8
8886,M23745,M,298.0,309.2,1438,42.9,101,0,0,0,0,0,0,11.199999999999989,61690.2,4332.9,31229.199999999997
8887,L56066,L,297.9,309.0,1583,36.7,104,0,0,0,0,0,0,11.100000000000023,58096.100000000006,3816.8,32136.0
8888,L56067,L,297.8,308.9,1530,37.6,106,0,0,0,0,0,0,11.099999999999966,57528.0,3985.6000000000004,32743.399999999998
8889,M23748,M,297.7,308.9,1530,39.1,108,0,0,0,0,0,0,11.199999999999989,59823.0,4222.8,33361.2
8890,M23749,M,297.7,308.8,2089,19.1,111,0,0,0,0,0,0,11.100000000000023,39899.9,2120.1000000000004,34276.8
8891,L56070,L,297.7,308.8,1616,34.2,114,0,0,0,0,0,0,11.100000000000023,55267.200000000004,3898.8,35203.200000000004
8892,M23751,M,297.7,308.9,1681,28.3,116,0,0,0,0,0,0,11.199999999999989,47572.3,3282.8,35832.399999999994
8893,L56072,L,297.6,308.8,1475,43.0,119,0,0,0,0,0,0,11.199999999999989,63425.0,5117.0,36747.200000000004
8894,L56073,L,297.5,308.7,1371,46.5,121,0,0,0,0,0,0,11.199999999999989,63751.5,5626.5,37352.7
8895,M23754,M,297.5,308.7,1546,38.0,123,0,0,0,0,0,0,11.199999999999989,58748.0,4674.0,37970.1
8896,H38309,H,297.4,308.6,1461,40.1,126,0,0,0,0,0,0,11.200000000000045,58586.1,5052.6,38883.600000000006
8897,L56076,L,297.4,308.7,1638,31.9,131,0,0,0,0,0,0,11.300000000000011,52252.2,4178.9,40439.7
8898,M23757,M,297.3,308.7,1577,35.6,133,0,0,0,0,0,0,11.399999999999977,56141.200000000004,4734.8,41057.1
8899,L56078,L,297.4,308.6,1532,38.7,136,0,0,0,0,0,0,11.200000000000045,59288.4,5263.200000000001,41969.600000000006
8900,M23759,M,297.3,308.5,1710,27.7,138,0,0,0,0,0,0,11.199999999999989,47367.0,3822.6,42573.0
8901,M23760,M,297.3,308.6,1584,29.4,141,0,0,0,0,0,0,11.300000000000011,46569.6,4145.4,43512.600000000006
8902,L56081,L,297.3,308.6,1446,50.1,144,0,0,0,0,0,0,11.300000000000011,72444.6,7214.400000000001,44438.4
8903,H38316,H,297.4,308.7,1522,46.3,146,0,0,0,0,0,0,11.300000000000011,70468.59999999999,6759.799999999999,45070.2
8904,M23763,M,297.4,308.7,1382,49.9,151,0,0,0,0,0,0,11.300000000000011,68961.8,7534.9,46613.7
8905,L56084,L,297.4,308.7,1584,38.2,154,0,0,0,0,0,0,11.300000000000011,60508.8,5882.8,47539.799999999996
8906,L56085,L,297.3,308.6,1385,55.2,156,0,0,0,0,0,0,11.300000000000011,76452.0,8611.2,48141.600000000006
8907,L56086,L,297.3,308.7,1592,34.4,158,0,0,0,0,0,0,11.399999999999977,54764.799999999996,5435.2,48774.6
8908,M23767,M,297.2,308.6,1404,43.7,160,0,0,0,0,0,0,11.400000000000034,61354.8,6992.0,49376.0
8909,L56088,L,297.2,308.5,1518,44.3,163,0,0,0,0,0,0,11.300000000000011,67247.4,7220.9,50285.5
8910,L56089,L,297.1,308.4,1529,40.4,165,0,0,0,0,0,0,11.299999999999955,61771.6,6666.0,50885.99999999999
8911,L56090,L,297.1,308.4,1550,37.0,167,0,0,0,0,0,0,11.299999999999955,57350.0,6179.0,51502.799999999996
8912,L56091,L,297.1,308.3,1773,23.8,169,0,0,0,0,0,0,11.199999999999989,42197.4,4022.2000000000003,52102.700000000004
8913,L56092,L,297.2,308.5,1446,43.7,171,0,0,0,0,0,0,11.300000000000011,63190.200000000004,7472.700000000001,52753.5
8914,M23773,M,297.2,308.5,1487,46.9,173,0,0,0,0,0,0,11.300000000000011,69740.3,8113.7,53370.5
8915,M23774,M,297.3,308.5,1524,49.3,176,0,0,0,0,0,0,11.199999999999989,75133.2,8676.8,54296.0
8916,L56095,L,297.1,308.3,1403,54.1,179,0,0,0,0,0,0,11.199999999999989,75902.3,9683.9,55185.700000000004
8917,L56096,L,297.1,308.2,2267,15.7,181,0,0,0,0,0,0,11.099999999999966,35591.9,2841.7,55784.2
8918,M23777,M,297.1,308.2,1529,37.9,183,0,0,0,0,0,0,11.099999999999966,57949.1,6935.7,56400.6
8919,L56098,L,297.1,308.2,1402,51.2,186,0,0,0,0,0,0,11.099999999999966,71782.40000000001,9523.2,57325.2
8920,L56099,L,297.2,308.3,1693,28.0,188,0,0,0,0,0,0,11.100000000000023,47404.0,5264.0,57960.4
8921,L56100,L,297.1,308.3,1496,45.8,190,0,0,0,0,0,0,11.199999999999989,68516.8,8702.0,58577.0
8922,L56101,L,297.1,308.1,1633,33.3,192,0,0,0,0,0,0,11.0,54378.899999999994,6393.599999999999,59155.200000000004
8923,L56102,L,297.1,308.2,1399,42.6,194,0,0,0,0,0,0,11.099999999999966,59597.4,8264.4,59790.799999999996
8924,M23783,M,297.0,308.1,1363,45.3,196,0,0,0,0,0,0,11.100000000000023,61743.899999999994,8878.8,60387.600000000006
8925,H38338,H,297.1,308.2,1527,42.2,199,0,0,0,0,0,0,11.099999999999966,64439.4,8397.800000000001,61331.799999999996
8926,M23785,M,297.2,308.2,1405,42.5,204,0,0,0,0,0,0,11.0,59712.5,8670.0,62872.799999999996
8927,M23786,M,297.3,308.3,1459,59.6,207,1,0,0,1,1,0,11.0,86956.40000000001,12337.2,63818.100000000006
8928,M23787,M,297.4,308.4,1789,25.0,210,0,0,0,0,0,0,11.0,44725.0,5250.0,64763.99999999999
8929,L56108,L,297.4,308.4,1531,41.5,213,0,0,0,0,0,0,11.0,63536.5,8839.5,65689.2
8930,M23789,M,297.4,308.4,1620,35.8,215,0,0,0,0,0,0,11.0,57995.99999999999,7696.999999999999,66306.0
8931,L56110,L,297.4,308.4,1571,39.4,0,0,0,0,0,0,0,11.0,61897.399999999994,0.0,0.0
8932,L56111,L,297.4,308.4,1434,39.9,2,0,0,0,0,0,0,11.0,57216.6,79.8,616.8
8933,L56112,L,297.4,308.4,1474,43.6,4,0,0,0,0,0,0,11.0,64266.4,174.4,1233.6
8934,M23793,M,297.3,308.3,1544,41.7,6,0,0,0,0,0,0,11.0,64384.8,250.20000000000002,1849.8000000000002
8935,L56114,L,297.3,308.2,1601,35.7,9,0,0,0,0,0,0,10.899999999999977,57155.700000000004,321.3,2773.7999999999997
8936,L56115,L,297.4,308.3,1801,26.9,11,0,0,0,0,0,0,10.900000000000034,48446.899999999994,295.9,3391.3
8937,L56116,L,297.4,308.3,1465,42.0,13,0,0,0,0,0,0,10.900000000000034,61530.0,546.0,4007.9
8938,M23797,M,297.4,308.4,1340,52.6,15,0,0,0,0,0,0,11.0,70484.0,789.0,4626.0
8939,M23798,M,297.4,308.4,1517,41.0,18,0,0,0,0,0,0,11.0,62197.0,738.0,5551.2
8940,M23799,M,297.3,308.4,1434,44.8,21,0,0,0,0,0,0,11.099999999999966,64243.2,940.8,6476.4
8941,H38354,H,297.3,308.3,1935,19.3,24,0,0,0,0,0,0,11.0,37345.5,463.20000000000005,7399.200000000001
8942,M23801,M,297.3,308.3,1595,32.2,29,0,0,0,0,0,0,11.0,51359.00000000001,933.8000000000001,8940.7
8943,L56122,L,297.3,308.3,2188,17.0,32,0,0,0,0,0,0,11.0,37196.0,544.0,9865.6
8944,M23803,M,297.3,308.4,1449,44.4,34,0,0,0,0,0,0,11.099999999999966,64335.6,1509.6,10485.599999999999
8945,L56124,L,297.3,308.3,1471,38.2,37,0,0,0,0,0,0,11.0,56192.200000000004,1413.4,11407.1
8946,L56125,L,297.4,308.2,1639,33.8,39,0,0,0,0,0,0,10.800000000000011,55398.2,1318.1999999999998,12019.8
8947,M23806,M,297.3,308.2,1846,24.5,41,0,0,0,0,0,0,10.899999999999977,45227.0,1004.5,12636.199999999999
8948,M23807,M,297.3,308.2,1452,38.2,44,0,0,0,0,0,0,10.899999999999977,55466.4,1680.8000000000002,13560.8
8949,M23808,M,297.4,308.3,1483,41.9,47,0,0,0,0,0,0,10.900000000000034,62137.7,1969.3,14490.1
8950,L56129,L,297.4,308.3,1284,60.3,50,0,0,0,0,0,0,10.900000000000034,77425.2,3015.0,15415.0
8951,L56130,L,297.4,308.2,1419,50.0,52,0,0,0,0,0,0,10.800000000000011,70950.0,2600.0,16026.4
8952,L56131,L,297.3,308.1,1763,28.4,54,0,0,0,0,0,0,10.800000000000011,50069.2,1533.6,16637.4
8953,M23812,M,297.2,308.0,1478,42.5,56,0,0,0,0,0,0,10.800000000000011,62815.0,2380.0,17248.0
8954,L56133,L,297.3,308.0,1518,36.0,59,0,0,0,0,0,0,10.699999999999989,54648.0,2124.0,18172.0
8955,L56134,L,297.3,308.0,1447,49.0,61,0,0,0,0,0,0,10.699999999999989,70903.0,2989.0,18788.0
8956,M23815,M,297.4,308.0,1355,55.1,63,0,0,0,0,0,0,10.600000000000023,74660.5,3471.3,19404.0
8957,L56136,L,297.4,308.1,1348,57.4,66,0,0,0,0,0,0,10.700000000000045,77375.2,3788.4,20334.600000000002
8958,L56137,L,297.4,308.1,1348,53.7,68,0,0,0,0,0,0,10.700000000000045,72387.6,3651.6000000000004,20950.800000000003
8959,M23818,M,297.4,308.1,1734,27.7,70,0,0,0,0,0,0,10.700000000000045,48031.799999999996,1939.0,21567.0
8960,L56139,L,297.3,308.0,1420,46.5,73,0,0,0,0,0,0,10.699999999999989,66030.0,3394.5,22484.0
8961,L56140,L,297.3,307.9,1797,24.7,75,0,0,0,0,0,0,10.599999999999966,44385.9,1852.5,23092.5
8962,M23821,M,297.3,308.0,1403,45.0,77,0,0,0,0,0,0,10.699999999999989,63135.0,3465.0,23716.0
8963,L56142,L,297.3,307.9,1628,30.2,80,0,0,0,0,0,0,10.599999999999966,49165.6,2416.0,24632.0
8964,M23823,M,297.2,307.9,1687,30.4,82,0,0,0,0,0,0,10.699999999999989,51284.799999999996,2492.7999999999997,25247.8
8965,M23824,M,297.2,307.9,1456,44.9,85,0,0,0,0,0,0,10.699999999999989,65374.4,3816.5,26171.499999999996
8966,L56145,L,297.1,307.9,1496,44.7,88,0,0,0,0,0,0,10.799999999999955,66871.2,3933.6000000000004,27095.199999999997
8967,L56146,L,297.1,307.8,1636,30.3,90,0,0,0,0,0,0,10.699999999999989,49570.8,2727.0,27702.0
8968,L56147,L,297.1,307.8,1536,40.4,92,0,0,0,0,0,0,10.699999999999989,62054.399999999994,3716.7999999999997,28317.600000000002
8969,L56148,L,297.1,307.8,1454,50.6,94,0,0,0,0,0,0,10.699999999999989,73572.40000000001,4756.400000000001,28933.2
8970,L56149,L,297.0,307.8,1396,50.0,96,0,0,0,0,0,0,10.800000000000011,69800.0,4800.0,29548.800000000003
8971,L56150,L,297.0,307.6,1575,37.4,98,0,0,0,0,0,0,10.600000000000023,58905.0,3665.2,30144.800000000003
8972,L56151,L,296.9,307.6,1514,35.7,100,0,0,0,0,0,0,10.700000000000045,54049.8,3570.0000000000005,30760.000000000004
8973,M23832,M,296.8,307.4,1455,49.9,102,0,0,0,0,0,0,10.599999999999966,72604.5,5089.8,31354.8
8974,L56153,L,296.8,307.4,1549,48.3,105,0,0,0,0,0,0,10.599999999999966,74816.7,5071.5,32276.999999999996
8975,L56154,L,296.8,307.5,1474,42.4,107,0,0,0,0,0,0,10.699999999999989,62497.6,4536.8,32902.5
8976,H38389,H,296.7,307.4,1661,34.2,109,0,0,0,0,0,0,10.699999999999989,56806.200000000004,3727.8,33506.6
8977,L56156,L,296.7,307.4,1535,34.6,114,0,0,0,0,0,0,10.699999999999989,53111.0,3944.4,35043.6
8978,M23837,M,296.9,307.5,1556,31.2,116,0,0,0,0,0,0,10.600000000000023,48547.2,3619.2,35670.0
8979,L56158,L,296.9,307.6,1435,45.0,119,0,0,0,0,0,0,10.700000000000045,64575.0,5355.0,36604.4
8980,M23839,M,296.9,307.5,1332,51.1,121,0,0,0,0,0,0,10.600000000000023,68065.2,6183.1,37207.5
8981,L56160,L,297.0,307.6,1513,42.4,124,0,0,0,0,0,0,10.600000000000023,64151.2,5257.599999999999,38142.4
8982,L56161,L,297.0,307.7,1502,39.4,126,0,0,0,0,0,0,10.699999999999989,59178.799999999996,4964.4,38770.2
8983,L56162,L,297.0,307.7,1315,60.1,128,0,0,0,0,0,0,10.699999999999989,79031.5,7692.8,39385.6
8984,M23843,M,297.0,307.7,1261,51.1,130,0,0,0,0,0,0,10.699999999999989,64437.1,6643.0,40001.0
8985,L56164,L,297.1,307.8,1406,60.4,133,0,0,0,0,0,0,10.699999999999989,84922.4,8033.2,40937.4
8986,L56165,L,297.1,307.8,1584,42.3,135,0,0,0,0,0,0,10.699999999999989,67003.2,5710.5,41553.0
8987,M23846,M,297.1,307.8,1443,43.9,137,0,0,0,0,0,0,10.699999999999989,63347.7,6014.3,42168.6
8988,L56167,L,297.2,307.9,1580,35.8,140,0,0,0,0,0,0,10.699999999999989,56563.99999999999,5012.0,43106.0
8989,L56168,L,297.2,307.9,1825,24.6,142,0,0,0,0,0,0,10.699999999999989,44895.0,3493.2000000000003,43721.799999999996
8990,L56169,L,297.2,307.9,1469,48.2,144,0,0,0,0,0,0,10.699999999999989,70805.8,6940.8,44337.6
8991,L56170,L,297.2,307.9,1493,38.4,146,0,0,0,0,0,0,10.699999999999989,57331.2,5606.4,44953.399999999994
8992,M23851,M,297.3,308.0,1598,29.4,148,0,0,0,0,0,0,10.699999999999989,46981.2,4351.2,45584.0
8993,H38406,H,297.2,307.9,1450,37.2,151,0,0,0,0,0,0,10.699999999999989,53940.00000000001,5617.200000000001,46492.899999999994
8994,M23853,M,297.2,307.9,1632,37.5,156,0,0,0,0,0,0,10.699999999999989,61200.0,5850.0,48032.399999999994
8995,M23854,M,297.1,307.9,1980,20.3,159,0,0,0,0,0,0,10.799999999999955,40194.0,3227.7000000000003,48956.1
8996,L56175,L,297.2,308.0,1474,43.7,162,0,0,0,0,0,0,10.800000000000011,64413.8,7079.400000000001,49896.0
8997,L56176,L,297.2,307.9,1540,37.1,164,0,0,0,0,0,0,10.699999999999989,57134.0,6084.400000000001,50495.6
8998,M23857,M,297.1,307.9,1609,38.9,166,0,0,0,0,0,0,10.799999999999955,62590.1,6457.4,51111.399999999994
8999,L56178,L,297.1,308.0,1467,42.8,169,0,0,0,0,0,0,10.899999999999977,62787.6,7233.2,52052.0
9000,L56179,L,297.1,307.9,1492,39.4,171,0,0,0,0,0,0,10.799999999999955,58784.799999999996,6737.4,52650.899999999994
9001,L56180,L,297.0,307.9,1493,46.1,173,0,0,0,0,0,0,10.899999999999977,68827.3,7975.3,53266.7
9002,L56181,L,297.0,307.8,1500,39.9,175,0,0,0,0,0,0,10.800000000000011,59850.0,6982.5,53865.0
9003,L56182,L,297.1,307.8,1477,36.6,177,0,0,0,0,0,0,10.699999999999989,54058.200000000004,6478.2,54480.6
9004,L56183,L,297.1,307.9,1342,49.1,179,0,0,0,0,0,0,10.799999999999955,65892.2,8788.9,55114.1
9005,M23864,M,297.1,307.8,1538,34.3,181,0,0,0,0,0,0,10.699999999999989,52753.399999999994,6208.299999999999,55711.8
9006,L56185,L,297.2,307.9,1337,58.1,184,0,0,0,0,0,0,10.699999999999989,77679.7,10690.4,56653.6
9007,L56186,L,297.3,307.9,1417,41.8,186,0,0,0,0,0,0,10.599999999999966,59230.6,7774.799999999999,57269.399999999994
9008,L56187,L,297.4,308.0,1383,46.2,188,0,0,0,0,0,0,10.600000000000023,63894.600000000006,8685.6,57904.0
9009,M23868,M,297.4,308.0,1440,42.4,190,0,0,0,0,0,0,10.600000000000023,61056.0,8056.0,58520.0
9010,L56189,L,297.3,307.9,1579,34.4,193,0,0,0,0,0,0,10.599999999999966,54317.6,6639.2,59424.7
9011,L56190,L,297.2,307.9,1441,40.0,195,0,0,0,0,0,0,10.699999999999989,57640.0,7800.0,60040.49999999999
9012,M23871,M,297.2,307.9,1530,35.9,197,0,0,0,0,0,0,10.699999999999989,54927.0,7072.299999999999,60656.299999999996
9013,L56192,L,297.2,308.0,1705,26.0,200,0,0,0,0,0,0,10.800000000000011,44330.0,5200.0,61600.0
9014,H38427,H,297.2,308.0,1435,43.0,202,0,0,0,0,0,0,10.800000000000011,61705.0,8686.0,62216.0
9015,M23874,M,297.2,308.1,1340,61.3,207,1,0,0,0,1,0,10.900000000000034,82142.0,12689.099999999999,63776.700000000004
9016,L56195,L,297.2,308.1,1431,49.7,210,1,0,0,0,0,0,10.900000000000034,71120.7,10437.0,64701.00000000001
9017,L56196,L,297.3,308.2,1396,52.7,212,1,0,0,0,1,0,10.899999999999977,73569.2,11172.400000000001,65338.399999999994
9018,M23877,M,297.3,308.1,1369,52.0,214,0,0,0,0,0,0,10.800000000000011,71188.0,11128.0,65933.40000000001
9019,L56198,L,297.3,308.1,1615,35.4,217,1,1,0,0,0,0,10.800000000000011,57171.0,7681.799999999999,66857.70000000001
9020,L56199,L,297.2,308.1,1662,31.3,0,0,0,0,0,0,0,10.900000000000034,52020.6,0.0,0.0
9021,L56200,L,297.3,308.2,1553,33.5,2,0,0,0,0,0,0,10.899999999999977,52025.5,67.0,616.4
9022,M23881,M,297.4,308.2,1536,34.6,4,0,0,0,0,0,0,10.800000000000011,53145.600000000006,138.4,1232.8
9023,L56202,L,297.4,308.3,1548,46.6,7,0,0,0,0,0,0,10.900000000000034,72136.8,326.2,2158.1
9024,L56203,L,297.4,308.3,1706,30.9,9,0,0,0,0,0,0,10.900000000000034,52715.399999999994,278.09999999999997,2774.7000000000003
9025,L56204,L,297.4,308.3,1366,45.5,11,0,0,0,0,0,0,10.900000000000034,62153.0,500.5,3391.3
9026,L56205,L,297.5,308.4,1440,35.9,13,0,0,0,0,0,0,10.899999999999977,51696.0,466.7,4009.2
9027,M23886,M,297.5,308.4,1685,28.1,15,0,0,0,0,0,0,10.899999999999977,47348.5,421.5,4626.0
9028,M23887,M,297.4,308.3,1444,44.0,18,0,0,0,0,0,0,10.900000000000034,63536.0,792.0,5549.400000000001
9029,L56208,L,297.4,308.3,1395,48.7,21,0,0,0,0,0,0,10.900000000000034,67936.5,1022.7,6474.3
9030,L56209,L,297.4,308.3,1483,38.8,23,0,0,0,0,0,0,10.900000000000034,57540.399999999994,892.4,7090.900000000001
9031,M23890,M,297.5,308.4,1403,44.3,25,0,0,0,0,0,0,10.899999999999977,62152.899999999994,1107.5,7709.999999999999
9032,H38445,H,297.5,308.4,1793,23.9,28,0,0,0,0,0,0,10.899999999999977,42852.7,669.1999999999999,8635.199999999999
9033,L56212,L,297.4,308.3,1723,28.8,33,0,0,0,0,0,0,10.900000000000034,49622.4,950.4,10173.9
9034,L56213,L,297.4,308.2,1386,41.0,35,0,0,0,0,0,0,10.800000000000011,56826.0,1435.0,10787.0
9035,H38448,H,297.4,308.2,1585,46.2,37,0,0,0,0,0,0,10.800000000000011,73227.0,1709.4,11403.4
9036,M23895,M,297.3,308.1,1731,27.7,42,0,0,0,0,0,0,10.800000000000011,47948.7,1163.3999999999999,12940.2
9037,L56216,L,297.3,308.3,1519,37.7,45,0,0,0,0,0,0,11.0,57266.3,1696.5000000000002,13873.5
9038,L56217,L,297.3,308.2,1896,24.4,47,0,0,0,0,0,0,10.899999999999977,46262.399999999994,1146.8,14485.4
9039,L56218,L,297.3,308.3,2358,14.9,49,0,0,0,0,0,0,11.0,35134.200000000004,730.1,15106.7
9040,M23899,M,297.3,308.3,1341,51.9,51,0,0,0,0,0,0,11.0,69597.9,2646.9,15723.300000000001
9041,L56220,L,297.3,308.3,1550,37.0,54,0,0,0,0,0,0,11.0,57350.0,1998.0,16648.2
9042,L56221,L,297.3,308.3,1309,61.5,56,0,0,0,0,0,0,11.0,80503.5,3444.0,17264.8
9043,M23902,M,297.3,308.4,1599,32.9,58,0,0,0,0,0,0,11.099999999999966,52607.1,1908.1999999999998,17887.199999999997
9044,L56223,L,297.4,308.4,1343,40.0,61,0,0,0,0,0,0,11.0,53720.0,2440.0,18812.399999999998
9045,L56224,L,297.4,308.4,1378,39.9,63,0,0,0,0,0,0,11.0,54982.2,2513.7,19429.199999999997
9046,L56225,L,297.4,308.4,1603,34.6,65,0,0,0,0,0,0,11.0,55463.8,2249.0,20046.0
9047,L56226,L,297.4,308.4,1664,28.1,67,0,0,0,0,0,0,11.0,46758.4,1882.7,20662.8
9048,L56227,L,297.3,308.4,1488,37.4,69,0,0,0,0,0,0,11.099999999999966,55651.2,2580.6,21279.6
9049,M23908,M,297.3,308.4,1370,50.5,71,0,0,0,0,0,0,11.099999999999966,69185.0,3585.5,21896.399999999998
9050,L56229,L,297.3,308.5,1545,34.3,74,0,0,0,0,0,0,11.199999999999989,52993.49999999999,2538.2,22829.0
9051,M23910,M,297.4,308.5,1566,31.4,76,0,0,0,0,0,0,11.100000000000023,49172.399999999994,2386.4,23446.0
9052,L56231,L,297.4,308.6,1820,24.6,79,0,0,0,0,0,0,11.200000000000045,44772.0,1943.4,24379.4
9053,M23912,M,297.4,308.6,1901,22.1,81,0,0,0,0,0,0,11.200000000000045,42012.100000000006,1790.1000000000001,24996.600000000002
9054,M23913,M,297.4,308.5,1638,32.2,84,0,0,0,0,0,0,11.100000000000023,52743.600000000006,2704.8,25914.0
9055,M23914,M,297.3,308.4,1521,38.2,87,0,0,0,0,0,0,11.099999999999966,58102.200000000004,3323.4,26830.8
9056,H38469,H,297.3,308.4,1864,23.1,90,0,0,0,0,0,0,11.099999999999966,43058.4,2079.0,27755.999999999996
9057,L56236,L,297.3,308.3,1430,41.9,95,0,0,0,0,0,0,11.0,59917.0,3980.5,29288.5
9058,M23917,M,297.3,308.4,1686,34.5,97,0,0,0,0,0,0,11.099999999999966,58167.0,3346.5,29914.8
9059,M23918,M,297.2,308.3,1326,57.2,100,0,0,0,0,0,0,11.100000000000023,75847.2,5720.0,30830.0
9060,L56239,L,297.2,308.3,1805,25.6,103,0,0,0,0,0,0,11.100000000000023,46208.0,2636.8,31754.9
9061,H38474,H,297.2,308.3,1453,45.8,105,0,0,0,0,0,0,11.100000000000023,66547.4,4809.0,32371.5
9062,M23921,M,297.2,308.4,1863,26.0,110,0,0,0,0,0,0,11.199999999999989,48438.0,2860.0,33924.0
9063,L56242,L,297.2,308.3,1576,35.3,113,0,0,0,0,0,0,11.100000000000023,55632.799999999996,3988.8999999999996,34837.9
9064,L56243,L,297.2,308.3,1419,39.7,115,0,0,0,0,0,0,11.100000000000023,56334.3,4565.5,35454.5
9065,L56244,L,297.2,308.4,1833,25.2,117,0,0,0,0,0,0,11.199999999999989,46191.6,2948.4,36082.799999999996
9066,H38479,H,297.2,308.4,2182,17.3,119,0,0,0,0,0,0,11.199999999999989,37748.6,2058.7000000000003,36699.6
9067,L56246,L,297.2,308.3,1656,30.3,124,0,0,0,0,0,0,11.100000000000023,50176.8,3757.2000000000003,38229.200000000004
9068,L56247,L,297.1,308.2,1351,56.6,126,0,0,0,0,0,0,11.099999999999966,76466.6,7131.6,38833.2
9069,H38482,H,297.1,308.2,1790,30.3,128,0,0,0,0,0,0,11.099999999999966,54237.0,3878.4,39449.6
9070,M23929,M,297.2,308.2,1678,28.1,133,0,0,0,0,0,0,11.0,47151.8,3737.3,40990.6
9071,L56250,L,297.1,308.2,1427,45.2,136,0,0,0,0,0,0,11.099999999999966,64500.4,6147.200000000001,41915.2
9072,L56251,L,297.0,308.1,1429,54.0,138,0,0,0,0,0,0,11.100000000000023,77166.0,7452.0,42517.8
9073,H38486,H,297.2,308.1,1770,27.2,140,0,0,0,0,0,0,10.900000000000034,48144.0,3808.0,43134.0
9074,L56253,L,297.2,308.1,1689,31.2,145,0,0,0,0,0,0,10.900000000000034,52696.799999999996,4524.0,44674.5
9075,M23934,M,297.2,308.1,1554,41.3,147,0,0,0,0,0,0,10.900000000000034,64180.2,6071.099999999999,45290.700000000004
9076,L56255,L,297.3,308.1,1506,36.0,150,0,0,0,0,0,0,10.800000000000011,54216.0,5400.0,46215.0
9077,L56256,L,297.2,308.1,1474,44.3,152,0,0,0,0,0,0,10.900000000000034,65298.2,6733.599999999999,46831.200000000004
9078,L56257,L,297.3,308.1,1762,26.1,154,0,0,0,0,0,0,10.800000000000011,45988.200000000004,4019.4,47447.4
9079,L56258,L,297.3,308.1,1566,35.7,156,0,0,0,0,0,0,10.800000000000011,55906.200000000004,5569.200000000001,48063.600000000006
9080,H38493,H,297.3,308.1,1554,42.4,158,0,0,0,0,0,0,10.800000000000011,65889.59999999999,6699.2,48679.8
9081,L56260,L,297.2,308.0,1869,25.4,163,0,0,0,0,0,0,10.800000000000011,47472.6,4140.2,50204.0
9082,L56261,L,297.3,308.0,1527,35.1,165,0,0,0,0,0,0,10.699999999999989,53597.700000000004,5791.5,50820.0
9083,L56262,L,297.2,307.9,1309,49.6,167,0,0,0,0,0,0,10.699999999999989,64926.4,8283.2,51419.299999999996
9084,M23943,M,297.2,307.9,1541,35.7,169,0,0,0,0,0,0,10.699999999999989,55013.700000000004,6033.3,52035.1
9085,L56264,L,297.2,307.9,1326,75.4,172,1,0,0,1,1,0,10.699999999999989,99980.40000000001,12968.800000000001,52958.799999999996
9086,H38499,H,297.1,307.9,1365,54.0,174,0,0,0,0,0,0,10.799999999999955,73710.0,9396.0,53574.6
9087,L56266,L,297.1,307.8,1428,43.7,179,0,0,0,0,0,0,10.699999999999989,62403.600000000006,7822.3,55096.200000000004
9088,L56267,L,297.1,307.8,1681,27.6,181,0,0,0,0,0,0,10.699999999999989,46395.600000000006,4995.6,55711.8
9089,M23948,M,297.1,307.9,1662,26.9,183,0,0,0,0,0,0,10.799999999999955,44707.799999999996,4922.7,56345.7
9090,L56269,L,297.2,307.9,1989,20.3,186,0,0,0,0,0,0,10.699999999999989,40376.700000000004,3775.8,57269.399999999994
9091,M23950,M,297.2,307.9,1747,29.0,188,0,0,0,0,0,0,10.699999999999989,50663.0,5452.0,57885.2
9092,M23951,M,297.2,308.0,1765,31.1,191,0,0,0,0,0,0,10.800000000000011,54891.5,5940.1,58828.0
9093,L56272,L,297.3,308.1,1568,34.4,194,0,0,0,0,0,0,10.800000000000011,53939.2,6673.599999999999,59771.4
9094,M23953,M,297.3,308.1,1709,30.6,196,0,0,0,0,0,0,10.800000000000011,52295.4,5997.6,60387.600000000006
9095,M23954,M,297.3,308.1,1370,58.8,199,0,0,0,0,0,0,10.800000000000011,80556.0,11701.199999999999,61311.9
9096,L56275,L,297.3,308.1,1458,45.7,202,0,0,0,0,0,0,10.800000000000011,66630.6,9231.400000000001,62236.200000000004
9097,L56276,L,297.2,308.1,1712,30.9,204,0,0,0,0,0,0,10.900000000000034,52900.799999999996,6303.599999999999,62852.4
9098,L56277,L,297.3,308.1,1642,36.9,206,0,0,0,0,0,0,10.800000000000011,60589.799999999996,7601.4,63468.600000000006
9099,L56278,L,297.3,308.1,1468,49.8,0,0,0,0,0,0,0,10.800000000000011,73106.4,0.0,0.0
9100,H38513,H,297.3,308.1,1477,52.3,2,0,0,0,0,0,0,10.800000000000011,77247.09999999999,104.6,616.2
9101,L56280,L,297.3,308.2,1446,53.5,7,0,0,0,0,0,0,10.899999999999977,77361.0,374.5,2157.4
9102,H38515,H,297.3,308.2,1653,31.4,9,0,0,0,0,0,0,10.899999999999977,51904.2,282.59999999999997,2773.7999999999997
9103,L56282,L,297.3,308.3,1494,38.2,14,0,0,0,0,0,0,11.0,57070.8,534.8000000000001,4316.2
9104,L56283,L,297.3,308.2,1490,41.0,16,0,0,0,0,0,0,10.899999999999977,61090.0,656.0,4931.2
9105,M23964,M,297.4,308.3,1550,47.8,18,0,0,0,0,0,0,10.900000000000034,74090.0,860.4,5549.400000000001
9106,M23965,M,297.3,308.2,1677,34.9,21,0,0,0,0,0,0,10.899999999999977,58527.299999999996,732.9,6472.2
9107,L56286,L,297.4,308.3,1854,21.8,24,0,0,0,0,0,0,10.900000000000034,40417.200000000004,523.2,7399.200000000001
9108,M23967,M,297.5,308.5,1662,30.3,26,0,0,0,0,0,0,11.0,50358.6,787.8000000000001,8021.0
9109,M23968,M,297.5,308.6,1440,38.8,29,0,0,0,0,0,0,11.100000000000023,55871.99999999999,1125.1999999999998,8949.400000000001
9110,L56289,L,297.5,308.6,1513,39.7,32,0,0,0,0,0,0,11.100000000000023,60066.100000000006,1270.4,9875.2
9111,M23970,M,297.6,308.6,1389,49.0,34,0,0,0,0,0,0,11.0,68061.0,1666.0,10492.400000000001
9112,L56291,L,297.6,308.6,1351,51.0,37,0,0,0,0,0,0,11.0,68901.0,1887.0,11418.2
9113,M23972,M,297.6,308.6,1482,38.3,39,0,0,0,0,0,0,11.0,56760.6,1493.6999999999998,12035.400000000001
9114,L56293,L,297.6,308.6,1744,28.5,42,0,0,0,0,0,0,11.0,49704.0,1197.0,12961.2
9115,L56294,L,297.6,308.7,1476,39.0,44,0,0,0,0,0,0,11.099999999999966,57564.0,1716.0,13582.8
9116,M23975,M,297.6,308.6,1444,48.2,46,0,0,0,0,0,0,11.0,69600.8,2217.2000000000003,14195.6
9117,H38530,H,297.6,308.7,1659,32.1,49,0,0,0,0,0,0,11.099999999999966,53253.9,1572.9,15126.3
9118,M23977,M,297.6,308.7,1475,46.6,54,0,0,0,0,0,0,11.099999999999966,68735.0,2516.4,16669.8
9119,L56298,L,297.6,308.6,1526,42.1,57,0,0,0,0,0,0,11.0,64244.6,2399.7000000000003,17590.2
9120,M23979,M,297.4,308.4,1675,29.5,59,0,0,0,0,0,0,11.0,49412.5,1740.5,18195.6
9121,L56300,L,297.4,308.4,1525,38.7,62,0,0,0,0,0,0,11.0,59017.50000000001,2399.4,19120.8
9122,L56301,L,297.3,308.3,1396,45.9,64,0,0,0,0,0,0,11.0,64076.4,2937.6,19731.2
9123,L56302,L,297.4,308.4,1580,41.2,66,0,0,0,0,0,0,11.0,65096.00000000001,2719.2000000000003,20354.399999999998
9124,L56303,L,297.4,308.5,1462,42.8,68,0,0,0,0,0,0,11.100000000000023,62573.6,2910.3999999999996,20978.0
9125,L56304,L,297.4,308.4,1426,50.4,70,0,0,0,0,0,0,11.0,71870.4,3528.0,21588.0
9126,L56305,L,297.4,308.5,1569,34.2,72,0,0,0,0,0,0,11.100000000000023,53659.8,2462.4,22212.0
9127,L56306,L,297.4,308.5,1477,40.7,74,0,0,0,0,0,0,11.100000000000023,60113.9,3011.8,22829.0
9128,L56307,L,297.4,308.5,1761,27.2,76,0,0,0,0,0,0,11.100000000000023,47899.2,2067.2,23446.0
9129,M23988,M,297.5,308.6,1486,45.9,78,0,0,0,0,0,0,11.100000000000023,68207.4,3580.2,24070.800000000003
9130,L56309,L,297.6,308.6,1664,30.1,81,0,0,0,0,0,0,11.0,50086.4,2438.1,24996.600000000002
9131,L56310,L,297.6,308.6,1576,32.7,83,0,0,0,0,0,0,11.0,51535.200000000004,2714.1000000000004,25613.800000000003
9132,H38545,H,297.6,308.6,1463,46.7,85,0,0,0,0,0,0,11.0,68322.1,3969.5000000000005,26231.000000000004
9133,M23992,M,297.6,308.6,1585,42.0,90,0,0,0,0,0,0,11.0,66570.0,3780.0,27774.000000000004
9134,L56313,L,297.7,308.7,1479,45.7,93,0,0,0,0,0,0,11.0,67590.3,4250.1,28709.1
9135,L56314,L,297.7,308.7,1449,40.2,95,0,0,0,0,0,0,11.0,58249.8,3819.0000000000005,29326.5
9136,H38549,H,297.7,308.8,1404,50.3,97,0,0,0,0,0,0,11.100000000000023,70621.2,4879.099999999999,29953.600000000002
9137,L56316,L,297.7,308.7,1694,29.1,102,0,0,0,0,0,0,11.0,49295.4,2968.2000000000003,31487.399999999998
9138,L56317,L,297.7,308.7,1731,28.4,104,0,0,0,0,0,0,11.0,49160.399999999994,2953.6,32104.8
9139,L56318,L,297.6,308.6,1522,37.0,106,0,0,0,0,0,0,11.0,56314.0,3922.0,32711.600000000002
9140,L56319,L,297.5,308.5,1536,36.9,108,0,0,0,0,0,0,11.0,56678.399999999994,3985.2,33318.0
9141,L56320,L,297.5,308.5,1373,39.9,110,0,0,0,0,0,0,11.0,54782.7,4389.0,33935.0
9142,L56321,L,297.5,308.5,1597,36.4,112,0,0,0,0,0,0,11.0,58130.799999999996,4076.7999999999997,34552.0
9143,L56322,L,297.6,308.5,1678,34.2,114,0,0,0,0,0,0,10.899999999999977,57387.600000000006,3898.8,35169.0
9144,L56323,L,297.6,308.5,1452,42.6,116,0,0,0,0,0,0,10.899999999999977,61855.200000000004,4941.6,35786.0
9145,M24004,M,297.5,308.5,1447,41.6,118,0,0,0,0,0,0,11.0,60195.200000000004,4908.8,36403.0
9146,L56325,L,297.6,308.5,1574,37.1,121,0,0,0,0,0,0,10.899999999999977,58395.4,4489.1,37328.5
9147,L56326,L,297.6,308.6,1528,40.0,123,0,0,0,0,0,0,11.0,61120.0,4920.0,37957.8
9148,L56327,L,297.7,308.7,1688,27.2,125,0,0,0,0,0,0,11.0,45913.6,3400.0,38587.5
9149,L56328,L,297.6,308.6,1393,40.4,127,0,0,0,0,0,0,11.0,56277.2,5130.8,39192.200000000004
9150,M24009,M,297.5,308.6,1429,50.5,129,0,0,0,0,0,0,11.100000000000023,72164.5,6514.5,39809.4
9151,M24010,M,297.5,308.6,1347,57.0,132,0,0,0,0,0,0,11.100000000000023,76779.0,7524.0,40735.200000000004
9152,L56331,L,297.6,308.6,1553,40.5,135,0,0,0,0,0,0,11.0,62896.5,5467.5,41661.0
9153,L56332,L,297.5,308.6,1260,53.6,137,0,0,0,0,0,0,11.100000000000023,67536.0,7343.2,42278.200000000004
9154,L56333,L,297.5,308.6,1546,33.8,139,0,0,0,0,0,0,11.100000000000023,52254.799999999996,4698.2,42895.4
9155,L56334,L,297.5,308.6,1596,36.0,141,0,0,0,0,0,0,11.100000000000023,57456.0,5076.0,43512.600000000006
9156,L56335,L,297.5,308.5,1340,57.4,143,0,0,0,0,0,0,11.0,76916.0,8208.199999999999,44115.5
9157,M24016,M,297.5,308.4,1369,54.8,145,0,0,0,0,0,0,10.899999999999977,75021.2,7946.0,44718.0
9158,L56337,L,297.5,308.5,1462,52.3,148,0,0,0,0,0,0,11.0,76462.59999999999,7740.4,45658.0
9159,H38572,H,297.4,308.4,1487,46.2,150,0,0,0,0,0,0,11.0,68699.40000000001,6930.0,46260.0
9160,M24019,M,297.5,308.6,1510,35.5,155,0,0,0,0,0,0,11.100000000000023,53605.0,5502.5,47833.0
9161,H38574,H,297.5,308.5,1671,28.0,158,0,0,0,0,0,0,11.0,46788.0,4424.0,48743.0
9162,M24021,M,297.5,308.5,1612,30.0,163,0,0,0,0,0,0,11.0,48360.0,4890.0,50285.5
9163,M24022,M,297.6,308.6,1509,39.7,166,0,0,0,0,0,0,11.0,59907.3,6590.200000000001,51227.600000000006
9164,L56343,L,297.6,308.6,1415,47.3,169,0,0,0,0,0,0,11.0,66929.5,7993.7,52153.4
9165,L56344,L,297.6,308.6,2384,14.4,171,0,0,0,0,0,0,11.0,34329.6,2462.4,52770.600000000006
9166,L56345,L,297.6,308.6,1326,62.4,173,0,0,0,0,0,0,11.0,82742.4,10795.199999999999,53387.8
9167,M24026,M,297.6,308.6,1390,53.4,175,0,0,0,0,0,0,11.0,74226.0,9345.0,54005.00000000001
9168,M24027,M,297.6,308.7,1392,41.2,178,0,0,0,0,0,0,11.099999999999966,57350.4,7333.6,54948.6
9169,H38582,H,297.6,308.8,1385,44.4,181,0,0,0,0,0,0,11.199999999999989,61494.0,8036.4,55892.8
9170,L56349,L,297.7,308.8,1896,24.5,186,0,0,0,0,0,0,11.100000000000023,46452.0,4557.0,57436.8
9171,L56350,L,297.7,308.7,1474,46.8,188,0,0,0,0,0,0,11.0,68983.2,8798.4,58035.6
9172,M24031,M,297.7,308.8,1388,45.6,190,0,0,0,0,0,0,11.100000000000023,63292.8,8664.0,58672.0
9173,L56352,L,297.7,308.9,1715,27.2,193,0,0,0,0,0,0,11.199999999999989,46648.0,5249.599999999999,59617.7
9174,H38587,H,297.8,308.9,1650,32.2,195,0,0,0,0,0,0,11.099999999999966,53130.00000000001,6279.000000000001,60235.49999999999
9175,L56354,L,297.8,308.9,1871,25.6,200,1,1,0,0,0,0,11.099999999999966,47897.600000000006,5120.0,61779.99999999999
9176,L56355,L,297.8,309.0,1403,64.2,0,1,0,0,1,0,0,11.199999999999989,90072.6,0.0,0.0
9177,L56356,L,297.8,308.9,1518,40.4,2,0,0,0,0,0,0,11.099999999999966,61327.2,80.8,617.8
9178,L56357,L,297.9,309.1,1504,43.0,4,0,0,0,0,0,0,11.200000000000045,64672.0,172.0,1236.4
9179,L56358,L,297.8,309.0,1340,56.9,6,0,0,0,0,0,0,11.199999999999989,76246.0,341.4,1854.0
9180,H38593,H,297.9,309.1,1435,44.7,8,0,0,0,0,0,0,11.200000000000045,64144.50000000001,357.6,2472.8
9181,L56360,L,297.9,309.1,1507,36.9,13,0,0,0,0,0,0,11.200000000000045,55608.299999999996,479.7,4018.3
9182,L56361,L,297.9,309.1,1521,36.1,15,0,0,0,0,0,0,11.200000000000045,54908.1,541.5,4636.5
9183,M24042,M,297.8,309.0,1576,45.0,17,0,0,0,0,0,0,11.199999999999989,70920.0,765.0,5253.0
9184,L56363,L,297.9,309.1,1543,36.6,20,0,0,0,0,0,0,11.200000000000045,56473.8,732.0,6182.0
9185,L56364,L,298.0,309.2,1665,36.6,22,0,0,0,0,0,0,11.199999999999989,60939.0,805.2,6802.4
9186,L56365,L,297.9,309.1,1442,50.3,24,0,0,0,0,0,0,11.200000000000045,72532.59999999999,1207.1999999999998,7418.400000000001
9187,L56366,L,297.9,309.0,1629,29.0,26,0,0,0,0,0,0,11.100000000000023,47241.0,754.0,8034.0
9188,L56367,L,297.9,309.0,1379,47.3,28,0,0,0,0,0,0,11.100000000000023,65226.7,1324.3999999999999,8652.0
9189,L56368,L,297.9,309.0,1502,40.2,30,0,0,0,0,0,0,11.100000000000023,60380.4,1206.0,9270.0
9190,L56369,L,297.9,309.1,1595,32.0,32,0,0,0,0,0,0,11.200000000000045,51040.0,1024.0,9891.2
9191,M24050,M,298.0,309.0,1439,38.5,34,0,0,0,0,0,0,11.0,55401.5,1309.0,10506.0
9192,M24051,M,297.9,309.0,1970,21.6,37,0,0,0,0,0,0,11.100000000000023,42552.0,799.2,11433.0
9193,L56372,L,297.9,309.0,1562,35.8,40,0,0,0,0,0,0,11.100000000000023,55919.6,1432.0,12360.0
9194,M24053,M,297.9,309.0,1530,40.9,42,0,0,0,0,0,0,11.100000000000023,62577.0,1717.8,12978.0
9195,L56374,L,297.9,308.9,1393,40.6,45,0,0,0,0,0,0,11.0,56555.8,1827.0,13900.499999999998
9196,L56375,L,297.9,309.0,1532,37.6,47,0,0,0,0,0,0,11.100000000000023,57603.200000000004,1767.2,14523.0
9197,L56376,L,298.0,308.9,1607,37.7,49,0,0,0,0,0,0,10.899999999999977,60583.9,1847.3000000000002,15136.099999999999
9198,M24057,M,297.9,308.8,1469,49.0,51,0,0,0,0,0,0,10.900000000000034,71981.0,2499.0,15748.800000000001
9199,M24058,M,297.9,308.8,1538,37.6,54,0,0,0,0,0,0,10.900000000000034,57828.8,2030.4,16675.2
9200,L56379,L,297.9,308.8,1613,31.4,57,0,0,0,0,0,0,10.900000000000034,50648.2,1789.8,17601.600000000002
9201,M24060,M,297.9,308.8,1602,32.1,59,0,0,0,0,0,0,10.900000000000034,51424.200000000004,1893.9,18219.2
9202,L56381,L,297.8,308.7,1404,44.2,62,0,0,0,0,0,0,10.899999999999977,62056.8,2740.4,19139.399999999998
9203,L56382,L,297.8,308.8,1548,36.9,64,0,0,0,0,0,0,11.0,57121.2,2361.6,19763.2
9204,L56383,L,297.8,308.8,1559,35.2,66,0,0,0,0,0,0,11.0,54876.8,2323.2000000000003,20380.8
9205,L56384,L,297.8,308.8,1621,36.1,68,0,0,0,0,0,0,11.0,58518.100000000006,2454.8,20998.4
9206,L56385,L,297.8,308.8,1579,32.9,70,0,0,0,0,0,0,11.0,51949.1,2303.0,21616.0
9207,M24066,M,297.9,308.9,1547,44.0,72,0,0,0,0,0,0,11.0,68068.0,3168.0,22240.8
9208,L56387,L,297.9,308.8,1386,48.6,75,0,0,0,0,0,0,10.900000000000034,67359.6,3645.0,23160.0
9209,L56388,L,298.0,308.9,1406,40.9,77,0,0,0,0,0,0,10.899999999999977,57505.4,3149.2999999999997,23785.3
9210,M24069,M,298.0,309.0,1393,55.9,79,0,0,0,0,0,0,11.0,77868.7,4416.099999999999,24411.0
9211,M24070,M,297.9,309.0,2456,13.9,82,0,0,0,0,0,0,11.100000000000023,34138.4,1139.8,25338.0
9212,M24071,M,298.0,309.0,1409,49.1,85,0,0,0,0,0,0,11.0,69181.90000000001,4173.5,26265.0
9213,L56392,L,298.0,308.9,1390,53.9,88,0,0,0,0,0,0,10.899999999999977,74921.0,4743.2,27183.199999999997
9214,L56393,L,298.0,309.0,1679,32.4,90,0,0,0,0,0,0,11.0,54399.6,2916.0,27810.0
9215,L56394,L,298.0,308.9,1508,37.1,92,0,0,0,0,0,0,10.899999999999977,55946.8,3413.2000000000003,28418.8
9216,L56395,L,297.9,308.8,1681,31.7,94,0,0,0,0,0,0,10.900000000000034,53287.7,2979.7999999999997,29027.2
9217,H38630,H,297.7,308.8,1469,43.7,96,0,0,0,0,0,0,11.100000000000023,64195.3,4195.200000000001,29644.800000000003
9218,L56397,L,297.8,308.8,1421,49.6,101,0,0,0,0,0,0,11.0,70481.6,5009.6,31188.800000000003
9219,L56398,L,297.7,308.8,1354,50.2,103,0,0,0,0,0,0,11.100000000000023,67970.8,5170.6,31806.4
9220,M24079,M,297.7,308.8,1350,57.0,105,0,0,0,0,0,0,11.100000000000023,76950.0,5985.0,32424.0
9221,L56400,L,297.8,308.9,1282,58.1,108,0,0,0,0,0,0,11.099999999999966,74484.2,6274.8,33361.2
9222,M24081,M,297.8,309.0,1675,30.0,110,0,0,0,0,0,0,11.199999999999989,50250.0,3300.0,33990.0
9223,M24082,M,297.9,309.0,1525,38.5,113,0,0,0,0,0,0,11.100000000000023,58712.5,4350.5,34917.0
9224,L56403,L,297.9,309.0,1382,43.9,116,0,0,0,0,0,0,11.100000000000023,60669.799999999996,5092.4,35844.0
9225,L56404,L,297.9,309.0,1450,46.8,118,0,0,0,0,0,0,11.100000000000023,67860.0,5522.4,36462.0
9226,L56405,L,298.0,309.1,1820,23.6,120,0,0,0,0,0,0,11.100000000000023,42952.0,2832.0,37092.0
9227,L56406,L,298.0,309.1,1822,23.5,122,0,0,0,0,0,0,11.100000000000023,42817.0,2867.0,37710.200000000004
9228,L56407,L,298.0,309.1,1473,44.3,124,0,0,0,0,0,0,11.100000000000023,65253.899999999994,5493.2,38328.4
9229,M24088,M,298.1,309.1,1572,37.5,126,0,0,0,0,0,0,11.0,58950.0,4725.0,38946.600000000006
9230,M24089,M,298.1,309.0,2042,17.8,129,0,0,0,0,0,0,10.899999999999977,36347.6,2296.2000000000003,39861.0
9231,L56410,L,298.2,309.2,1922,22.6,132,0,0,0,0,0,0,11.0,43437.200000000004,2983.2000000000003,40814.4
9232,L56411,L,298.2,309.1,1539,36.5,134,0,0,0,0,0,0,10.900000000000034,56173.5,4891.0,41419.4
9233,L56412,L,298.2,309.1,1350,52.0,136,0,0,0,0,0,0,10.900000000000034,70200.0,7072.0,42037.600000000006
9234,L56413,L,298.3,309.1,1403,45.1,138,0,0,0,0,0,0,10.800000000000011,63275.3,6223.8,42655.8
9235,L56414,L,298.3,309.1,1904,20.3,140,0,0,0,0,0,0,10.800000000000011,38651.200000000004,2842.0,43274.0
9236,M24095,M,298.2,308.9,1592,35.2,142,0,0,0,0,0,0,10.699999999999989,56038.4,4998.400000000001,43863.799999999996
9237,L56416,L,298.1,308.7,1556,31.6,145,0,0,0,0,0,0,10.599999999999966,49169.600000000006,4582.0,44761.5
9238,M24097,M,298.1,308.8,1811,25.4,147,0,0,0,0,0,0,10.699999999999989,45999.399999999994,3733.7999999999997,45393.6
9239,M24098,M,298.2,308.8,1456,41.2,150,0,0,0,0,0,0,10.600000000000023,59987.200000000004,6180.0,46320.0
9240,H38653,H,298.2,308.8,1436,51.9,153,0,0,0,0,0,0,10.600000000000023,74528.4,7940.7,47246.4
9241,M24100,M,298.1,308.7,1362,49.6,158,0,0,0,0,0,0,10.599999999999966,67555.2,7836.8,48774.6
9242,L56421,L,298.1,308.7,1683,29.1,161,0,0,0,0,0,0,10.599999999999966,48975.3,4685.1,49700.7
9243,M24102,M,298.2,308.7,1269,60.9,163,0,0,0,0,0,0,10.5,77282.09999999999,9926.699999999999,50318.1
9244,L56423,L,298.3,308.8,1454,49.0,166,0,0,0,0,0,0,10.5,71246.0,8134.0,51260.8
9245,L56424,L,298.3,308.8,1767,27.3,168,0,0,0,0,0,0,10.5,48239.1,4586.400000000001,51878.4
9246,L56425,L,298.3,308.9,1708,27.3,170,0,0,0,0,0,0,10.599999999999966,46628.4,4641.0,52512.99999999999
9247,L56426,L,298.3,308.9,1862,27.0,172,0,0,0,0,0,0,10.599999999999966,50274.0,4644.0,53130.799999999996
9248,L56427,L,298.3,308.9,1695,30.7,174,0,0,0,0,0,0,10.599999999999966,52036.5,5341.8,53748.6
9249,M24108,M,298.3,309.1,1488,40.6,176,0,0,0,0,0,0,10.800000000000011,60412.8,7145.6,54401.600000000006
9250,L56429,L,298.3,309.0,1657,32.2,179,0,0,0,0,0,0,10.699999999999989,53355.4,5763.8,55311.0
9251,H38664,H,298.3,309.0,1823,25.9,181,0,0,0,0,0,0,10.699999999999989,47215.7,4687.9,55929.0
9252,M24111,M,298.2,309.1,1651,28.8,186,0,0,0,0,0,0,10.900000000000034,47548.8,5356.8,57492.600000000006
9253,M24112,M,298.1,309.0,1533,36.1,189,0,0,0,0,0,0,10.899999999999977,55341.3,6822.900000000001,58401.0
9254,M24113,M,298.2,309.0,1508,40.5,192,0,0,0,0,0,0,10.800000000000011,61074.0,7776.0,59328.0
9255,L56434,L,298.3,309.1,1616,31.1,195,0,0,0,0,0,0,10.800000000000011,50257.600000000006,6064.5,60274.50000000001
9256,L56435,L,298.2,309.0,1651,31.5,197,0,0,0,0,0,0,10.800000000000011,52006.5,6205.5,60873.0
9257,L56436,L,298.2,309.1,1569,35.2,199,0,0,0,0,0,0,10.900000000000034,55228.8,7004.8,61510.9
9258,M24117,M,298.3,309.1,1296,58.7,201,0,0,0,0,0,0,10.800000000000011,76075.2,11798.7,62129.100000000006
9259,H38672,H,298.3,309.0,1379,43.2,0,0,0,0,0,0,0,10.699999999999989,59572.8,0.0,0.0
9260,M24119,M,298.2,309.0,1694,28.0,5,0,0,0,0,0,0,10.800000000000011,47432.0,140.0,1545.0
9261,L56440,L,298.2,309.0,1377,57.8,8,0,0,0,0,0,0,10.800000000000011,79590.59999999999,462.4,2472.0
9262,H38675,H,298.3,309.0,1470,38.4,10,0,0,0,0,0,0,10.699999999999989,56448.0,384.0,3090.0
9263,M24122,M,298.3,309.1,1404,47.0,15,0,0,0,0,0,0,10.800000000000011,65988.0,705.0,4636.5
9264,L56443,L,298.3,309.1,1593,40.1,18,0,0,0,0,0,0,10.800000000000011,63879.3,721.8000000000001,5563.8
9265,M24124,M,298.3,309.0,1526,36.9,20,0,0,0,0,0,0,10.699999999999989,56309.4,738.0,6180.0
9266,M24125,M,298.3,308.9,1390,49.7,23,0,0,0,0,0,0,10.599999999999966,69083.0,1143.1000000000001,7104.7
9267,L56446,L,298.2,308.9,1737,25.5,26,0,0,0,0,0,0,10.699999999999989,44293.5,663.0,8031.4
9268,L56447,L,298.2,308.8,1362,57.3,28,0,0,0,0,0,0,10.600000000000023,78042.59999999999,1604.3999999999999,8646.4
9269,L56448,L,298.2,308.8,1666,31.5,30,0,0,0,0,0,0,10.600000000000023,52479.0,945.0,9264.0
9270,L56449,L,298.2,308.8,1354,60.9,32,0,0,0,0,0,0,10.600000000000023,82458.59999999999,1948.8,9881.6
9271,L56450,L,298.2,308.8,1302,60.4,34,0,0,0,0,0,0,10.600000000000023,78640.8,2053.6,10499.2
9272,L56451,L,298.2,308.7,1991,20.5,36,0,0,0,0,0,0,10.5,40815.5,738.0,11113.199999999999
9273,L56452,L,298.2,308.6,1353,54.1,38,0,0,0,0,0,0,10.400000000000034,73197.3,2055.8,11726.800000000001
9274,H38687,H,298.2,308.7,1520,35.7,40,0,0,0,0,0,0,10.5,54264.00000000001,1428.0,12348.0
9275,L56454,L,298.2,308.7,1428,54.9,45,0,0,0,0,0,0,10.5,78397.2,2470.5,13891.5
9276,L56455,L,298.2,308.7,1605,29.4,47,0,0,0,0,0,0,10.5,47187.0,1381.8,14508.9
9277,L56456,L,298.1,308.7,1691,30.3,49,0,0,0,0,0,0,10.599999999999966,51237.3,1484.7,15126.3
9278,L56457,L,298.2,308.7,1447,48.4,51,0,0,0,0,0,0,10.5,70034.8,2468.4,15743.699999999999
9279,H38692,H,298.2,308.8,1606,39.9,53,0,0,0,0,0,0,10.600000000000023,64079.399999999994,2114.7,16366.400000000001
9280,M24139,M,298.2,308.8,1645,28.2,58,0,0,0,0,0,0,10.600000000000023,46389.0,1635.6,17910.4
9281,H38694,H,298.2,308.8,1470,43.3,61,0,0,0,0,0,0,10.600000000000023,63650.99999999999,2641.2999999999997,18836.8
9282,L56461,L,298.2,308.9,1336,45.0,66,0,0,0,0,0,0,10.699999999999989,60120.0,2970.0,20387.399999999998
9283,M24142,M,298.2,308.9,1414,44.3,68,0,0,0,0,0,0,10.699999999999989,62640.2,3012.3999999999996,21005.199999999997
9284,M24143,M,298.3,309.0,1802,27.5,71,0,0,0,0,0,0,10.699999999999989,49555.0,1952.5,21939.0
9285,L56464,L,298.2,308.9,1683,31.7,74,0,0,0,0,0,0,10.699999999999989,53351.1,2345.7999999999997,22858.6
9286,M24145,M,298.2,309.0,1410,47.6,76,0,0,0,0,0,0,10.800000000000011,67116.0,3617.6,23484.0
9287,L56466,L,298.2,308.9,1605,32.0,79,0,0,0,0,0,0,10.699999999999989,51360.0,2528.0,24403.1
9288,L56467,L,298.2,308.9,1709,28.1,81,0,0,0,0,0,0,10.699999999999989,48022.9,2276.1,25020.899999999998
9289,L56468,L,298.2,308.9,1444,53.1,83,0,0,0,0,0,0,10.699999999999989,76676.40000000001,4407.3,25638.699999999997
9290,L56469,L,298.2,308.9,1367,45.0,85,0,0,0,0,0,0,10.699999999999989,61515.0,3825.0,26256.499999999996
9291,L56470,L,298.2,309.0,1418,44.2,87,0,0,0,0,0,0,10.800000000000011,62675.600000000006,3845.4,26883.0
9292,L56471,L,298.2,309.0,1353,57.8,89,0,0,0,0,0,0,10.800000000000011,78203.4,5144.2,27501.0
9293,L56472,L,298.2,309.0,1643,34.1,91,0,0,0,0,0,0,10.800000000000011,56026.3,3103.1,28119.0
9294,L56473,L,298.3,309.1,1437,38.0,93,0,0,0,0,0,0,10.800000000000011,54606.0,3534.0,28746.300000000003
9295,L56474,L,298.1,309.0,1437,36.2,95,0,0,0,0,0,0,10.899999999999977,52019.4,3439.0000000000005,29355.0
9296,M24155,M,298.2,309.0,1413,47.9,97,0,0,0,0,0,0,10.800000000000011,67682.7,4646.3,29973.0
9297,H38710,H,298.2,309.0,1524,39.1,100,0,0,0,0,0,0,10.800000000000011,59588.4,3910.0,30900.0
9298,M24157,M,298.1,308.9,1479,43.4,105,0,0,0,0,0,0,10.799999999999955,64188.6,4557.0,32434.499999999996
9299,L56478,L,298.1,308.9,1313,50.6,108,0,0,0,0,0,0,10.799999999999955,66437.8,5464.8,33361.2
9300,M24159,M,298.1,308.9,1335,50.4,110,0,0,0,0,0,0,10.799999999999955,67284.0,5544.0,33979.0
9301,L56480,L,298.1,308.9,1367,41.9,113,0,0,0,0,0,0,10.799999999999955,57277.299999999996,4734.7,34905.7
9302,M24161,M,298.1,308.9,1459,50.3,115,0,0,0,0,0,0,10.799999999999955,73387.7,5784.5,35523.5
9303,M24162,M,298.1,308.9,1804,25.1,118,0,0,0,0,0,0,10.799999999999955,45280.4,2961.8,36450.2
9304,L56483,L,298.2,309.0,1491,38.3,121,0,0,0,0,0,0,10.800000000000011,57105.299999999996,4634.299999999999,37389.0
9305,L56484,L,298.3,309.1,1537,43.0,123,0,0,0,0,0,0,10.800000000000011,66091.0,5289.0,38019.3
9306,H38719,H,298.3,309.1,1646,30.2,125,0,0,0,0,0,0,10.800000000000011,49709.2,3775.0,38637.5
9307,M24166,M,298.3,309.2,1783,28.3,130,0,0,0,0,0,0,10.899999999999977,50458.9,3679.0,40196.0
9308,L56487,L,298.3,309.1,1395,49.8,133,0,0,0,0,0,0,10.800000000000011,69471.0,6623.4,41110.3
9309,L56488,L,298.4,309.1,1423,48.0,135,0,0,0,0,0,0,10.700000000000045,68304.0,6480.0,41728.5
9310,L56489,L,298.3,309.2,1562,37.6,137,0,0,0,0,0,0,10.899999999999977,58731.200000000004,5151.2,42360.4
9311,L56490,L,298.4,309.3,1549,40.8,139,0,0,0,0,0,0,10.900000000000034,63199.2,5671.2,42992.700000000004
9312,L56491,L,298.4,309.4,1540,43.2,141,0,0,0,0,0,0,11.0,66528.0,6091.200000000001,43625.399999999994
9313,H38726,H,298.5,309.4,1573,33.6,143,0,0,0,0,0,0,10.899999999999977,52852.8,4804.8,44244.2
9314,L56493,L,298.5,309.4,1418,45.1,148,0,0,0,0,0,0,10.899999999999977,63951.8,6674.8,45791.2
9315,M24174,M,298.5,309.4,1565,33.7,150,0,0,0,0,0,0,10.899999999999977,52740.50000000001,5055.0,46410.0
9316,L56495,L,298.5,309.5,1569,41.0,153,0,0,0,0,0,0,11.0,64329.0,6273.0,47353.5
9317,H38730,H,298.5,309.4,1417,41.2,155,0,0,0,0,0,0,10.899999999999977,58380.4,6386.0,47957.0
9318,L56497,L,298.5,309.5,1480,38.1,160,0,0,0,0,0,0,11.0,56388.0,6096.0,49520.0
9319,L56498,L,298.5,309.4,1364,44.5,162,0,0,0,0,0,0,10.899999999999977,60698.0,7209.0,50122.799999999996
9320,L56499,L,298.5,309.4,1911,21.5,164,0,0,0,0,0,0,10.899999999999977,41086.5,3526.0,50741.6
9321,L56500,L,298.4,309.3,1409,43.1,166,0,0,0,0,0,0,10.900000000000034,60727.9,7154.6,51343.8
9322,L56501,L,298.4,309.2,1335,53.5,168,0,0,0,0,0,0,10.800000000000011,71422.5,8988.0,51945.6
9323,M24182,M,298.5,309.3,1512,38.1,170,0,0,0,0,0,0,10.800000000000011,57607.200000000004,6477.0,52581.0
9324,L56503,L,298.6,309.4,1447,40.2,173,0,0,0,0,0,0,10.799999999999955,58169.4,6954.6,53526.2
9325,L56504,L,298.6,309.3,1537,37.6,175,0,0,0,0,0,0,10.699999999999989,57791.200000000004,6580.0,54127.5
9326,M24185,M,298.6,309.3,1510,40.8,177,0,0,0,0,0,0,10.699999999999989,61607.99999999999,7221.599999999999,54746.1
9327,L56506,L,298.6,309.3,1677,31.2,180,0,0,0,0,0,0,10.699999999999989,52322.4,5616.0,55674.0
9328,L56507,L,298.5,309.2,1504,33.7,182,0,0,0,0,0,0,10.699999999999989,50684.8,6133.400000000001,56274.4
9329,H38742,H,298.5,309.1,2051,19.0,184,0,0,0,0,0,0,10.600000000000023,38969.0,3496.0,56874.4
9330,L56509,L,298.5,309.1,1474,41.3,189,0,0,0,0,0,0,10.600000000000023,60876.2,7805.7,58419.9
9331,M24190,M,298.4,309.0,1507,36.1,191,0,0,0,0,0,0,10.600000000000023,54402.700000000004,6895.1,59019.0
9332,L56511,L,298.4,308.9,1496,37.9,194,0,0,0,0,0,0,10.5,56698.4,7352.599999999999,59926.6
9333,M24192,M,298.5,309.0,1921,22.0,196,0,0,0,0,0,0,10.5,42262.0,4312.0,60564.0
9334,L56513,L,298.5,309.0,1450,40.5,199,0,0,0,0,0,0,10.5,58725.0,8059.5,61491.0
9335,L56514,L,298.4,308.9,1402,44.8,201,0,0,0,0,0,0,10.5,62809.6,9004.8,62088.899999999994
9336,L56515,L,298.4,308.9,1501,50.0,203,0,0,0,0,0,0,10.5,75050.0,10150.0,62706.7
9337,L56516,L,298.5,308.9,1725,31.9,205,0,0,0,0,0,0,10.399999999999977,55027.5,6539.5,63324.49999999999
9338,H38751,H,298.5,308.9,1500,40.3,207,0,0,0,0,0,0,10.399999999999977,60449.99999999999,8342.099999999999,63942.299999999996
9339,H38752,H,298.5,309.0,1531,30.8,212,0,0,0,0,0,0,10.5,47154.8,6529.6,65508.0
9340,L56519,L,298.5,309.0,1458,44.8,217,0,0,0,0,0,0,10.5,65318.399999999994,9721.599999999999,67053.0
9341,H38754,H,298.4,308.9,1577,37.1,0,0,0,0,0,0,0,10.5,58506.700000000004,0.0,0.0
9342,M24201,M,298.3,308.9,1363,46.1,5,0,0,0,0,0,0,10.599999999999966,62834.3,230.5,1544.5
9343,H38756,H,298.3,308.9,1706,31.8,8,0,0,0,0,0,0,10.599999999999966,54250.8,254.4,2471.2
9344,M24203,M,298.3,308.8,1391,50.4,13,0,0,0,0,0,0,10.5,70106.4,655.1999999999999,4014.4
9345,L56524,L,298.2,308.8,1616,33.7,16,0,0,0,0,0,0,10.600000000000023,54459.200000000004,539.2,4940.8
9346,L56525,L,298.2,308.8,1442,47.0,18,0,0,0,0,0,0,10.600000000000023,67774.0,846.0,5558.400000000001
9347,M24206,M,298.2,308.8,1626,40.4,20,0,0,0,0,0,0,10.600000000000023,65690.4,808.0,6176.0
9348,M24207,M,298.2,308.7,1426,42.6,23,0,0,0,0,0,0,10.5,60747.6,979.8000000000001,7100.099999999999
9349,L56528,L,298.2,308.7,1436,49.1,26,0,0,0,0,0,0,10.5,70507.6,1276.6000000000001,8026.2
9350,M24209,M,298.2,308.7,1599,36.2,28,0,0,0,0,0,0,10.5,57883.8,1013.6000000000001,8643.6
9351,L56530,L,298.2,308.7,2186,17.8,31,0,0,0,0,0,0,10.5,38910.8,551.8000000000001,9569.699999999999
9352,L56531,L,298.3,308.8,1645,30.4,33,0,0,0,0,0,0,10.5,50008.0,1003.1999999999999,10190.4
9353,L56532,L,298.2,308.7,1780,27.9,35,0,0,0,0,0,0,10.5,49662.0,976.5,10804.5
9354,L56533,L,298.2,308.8,1345,44.3,37,0,0,0,0,0,0,10.600000000000023,59583.49999999999,1639.1,11425.6
9355,M24214,M,298.2,308.8,1607,31.9,39,0,0,0,0,0,0,10.600000000000023,51263.299999999996,1244.1,12043.2
9356,L56535,L,298.3,308.9,1708,28.0,42,0,0,0,0,0,0,10.599999999999966,47824.0,1176.0,12973.8
9357,L56536,L,298.3,308.9,1270,52.7,44,0,0,0,0,0,0,10.599999999999966,66929.0,2318.8,13591.599999999999
9358,M24217,M,298.3,308.9,1646,25.4,46,0,0,0,0,0,0,10.599999999999966,41808.399999999994,1168.3999999999999,14209.4
9359,L56538,L,298.2,308.7,1407,45.1,49,0,0,0,0,0,0,10.5,63455.700000000004,2209.9,15126.3
9360,M24219,M,298.1,308.7,1581,47.4,51,0,0,0,0,0,0,10.599999999999966,74939.4,2417.4,15743.699999999999
9361,L56540,L,298.0,308.6,1532,42.6,54,0,0,0,0,0,0,10.600000000000023,65263.200000000004,2300.4,16664.4
9362,L56541,L,298.0,308.6,1610,33.1,56,0,0,0,0,0,0,10.600000000000023,53291.0,1853.6000000000001,17281.600000000002
9363,M24222,M,298.0,308.5,1682,33.0,58,0,0,0,0,0,0,10.5,55506.0,1914.0,17893.0
9364,L56543,L,297.9,308.5,1519,34.3,61,0,0,0,0,0,0,10.600000000000023,52101.7,2092.2999999999997,18818.5
9365,L56544,L,297.9,308.5,1683,28.5,63,0,0,0,0,0,0,10.600000000000023,47965.5,1795.5,19435.5
9366,M24225,M,298.0,308.6,1254,55.8,65,0,0,0,0,0,0,10.600000000000023,69973.2,3627.0,20059.0
9367,L56546,L,298.0,308.5,1461,48.0,68,0,0,0,0,0,0,10.5,70128.0,3264.0,20978.0
9368,L56547,L,297.9,308.5,1472,45.1,70,0,0,0,0,0,0,10.600000000000023,66387.2,3157.0,21595.0
9369,L56548,L,297.7,308.4,1510,38.6,72,0,0,0,0,0,0,10.699999999999989,58286.0,2779.2000000000003,22204.8
9370,M24229,M,297.7,308.3,1547,36.8,74,0,0,0,0,0,0,10.600000000000023,56929.6,2723.2,22814.2
9371,H38784,H,297.7,308.4,1418,51.9,77,0,0,0,0,0,0,10.699999999999989,73594.2,3996.2999999999997,23746.8
9372,L56551,L,297.7,308.4,1289,51.3,82,0,0,0,0,0,0,10.699999999999989,66125.7,4206.599999999999,25288.8
9373,L56552,L,297.7,308.4,1487,41.4,84,0,0,0,0,0,0,10.699999999999989,61561.799999999996,3477.6,25905.6
9374,L56553,L,297.7,308.5,1453,45.5,86,0,0,0,0,0,0,10.800000000000011,66111.5,3913.0,26531.0
9375,M24234,M,297.8,308.5,1466,44.7,88,0,0,0,0,0,0,10.699999999999989,65530.200000000004,3933.6000000000004,27148.0
9376,H38789,H,297.7,308.4,1288,49.5,91,0,0,0,0,0,0,10.699999999999989,63756.0,4504.5,28064.399999999998
9377,H38790,H,297.7,308.4,1738,27.7,96,0,0,0,0,0,0,10.699999999999989,48142.6,2659.2,29606.399999999998
9378,H38791,H,297.7,308.3,1488,41.0,101,0,0,0,0,0,0,10.600000000000023,61008.0,4141.0,31138.300000000003
9379,L56558,L,297.6,308.3,1816,28.8,106,0,0,0,0,0,0,10.699999999999989,52300.8,3052.8,32679.800000000003
9380,L56559,L,297.5,308.2,1419,48.5,108,0,0,0,0,0,0,10.699999999999989,68821.5,5238.0,33285.6
9381,L56560,L,297.4,308.1,1435,45.7,110,0,0,0,0,0,0,10.700000000000045,65579.5,5027.0,33891.0
9382,M24241,M,297.5,308.1,1480,42.4,112,0,0,0,0,0,0,10.600000000000023,62752.0,4748.8,34507.200000000004
9383,L56562,L,297.5,308.2,1610,33.6,115,0,0,0,0,0,0,10.699999999999989,54096.0,3864.0,35443.0
9384,H38797,H,297.5,308.1,1548,38.2,117,0,0,0,0,0,0,10.600000000000023,59133.600000000006,4469.400000000001,36047.700000000004
9385,M24244,M,297.6,308.1,1379,57.4,122,0,0,0,0,0,0,10.5,79154.59999999999,7002.8,37588.200000000004
9386,M24245,M,297.5,308.1,1907,23.5,125,0,0,0,0,0,0,10.600000000000023,44814.5,2937.5,38512.5
9387,M24246,M,297.5,308.0,2033,16.7,128,0,0,0,0,0,0,10.5,33951.1,2137.6,39424.0
9388,H38801,H,297.4,307.9,1390,52.0,131,0,0,0,0,0,0,10.5,72280.0,6812.0,40334.899999999994
9389,M24248,M,297.5,307.9,1544,37.9,136,0,0,0,0,0,0,10.399999999999977,58517.6,5154.4,41874.399999999994
9390,L56569,L,297.6,308.0,1258,57.4,139,0,0,0,0,0,0,10.399999999999977,72209.2,7978.599999999999,42812.0
9391,M24250,M,297.5,308.0,1560,39.0,141,0,0,0,0,0,0,10.5,60840.0,5499.0,43428.0
9392,H38805,H,297.6,308.2,2071,18.5,144,0,0,0,0,0,0,10.599999999999966,38313.5,2664.0,44380.799999999996
9393,L56572,L,297.6,308.1,1437,46.3,149,0,0,0,0,0,0,10.5,66533.09999999999,6898.7,45906.9
9394,H38807,H,297.7,308.2,1489,43.0,151,0,0,0,0,0,0,10.5,64027.0,6493.0,46538.2
9395,L56574,L,297.7,308.2,1334,53.0,156,0,0,0,0,0,0,10.5,70702.0,8268.0,48079.2
9396,L56575,L,297.7,308.2,1500,39.9,158,0,0,0,0,0,0,10.5,59850.0,6304.2,48695.6
9397,L56576,L,297.8,308.3,1498,47.3,160,0,0,0,0,0,0,10.5,70855.4,7568.0,49328.0
9398,M24257,M,297.7,308.2,1370,53.4,162,0,0,0,0,0,0,10.5,73158.0,8650.8,49928.4
9399,H38812,H,297.7,308.2,1526,40.1,165,0,0,0,0,0,0,10.5,61192.6,6616.5,50853.0
9400,L56579,L,297.8,308.3,1477,44.8,170,0,0,0,0,0,0,10.5,66169.59999999999,7615.999999999999,52411.0
9401,L56580,L,297.7,308.2,1446,43.9,172,0,0,0,0,0,0,10.5,63479.4,7550.8,53010.4
9402,M24261,M,297.7,308.2,1720,25.6,174,0,0,0,0,0,0,10.5,44032.0,4454.400000000001,53626.799999999996
9403,L56582,L,297.7,308.1,1734,30.7,177,0,0,0,0,0,0,10.400000000000034,53233.799999999996,5433.9,54533.700000000004
9404,L56583,L,297.7,308.1,1697,29.1,179,0,0,0,0,0,0,10.400000000000034,49382.700000000004,5208.900000000001,55149.9
9405,L56584,L,297.7,308.2,2007,19.3,181,0,0,0,0,0,0,10.5,38735.1,3493.3,55784.2
9406,M24265,M,297.7,308.1,1469,48.8,183,0,0,0,0,0,0,10.400000000000034,71687.2,8930.4,56382.3
9407,M24266,M,297.7,308.1,2189,15.6,186,0,0,0,0,0,0,10.400000000000034,34148.4,2901.6,57306.600000000006
9408,L56587,L,297.8,308.3,1435,50.1,189,0,0,0,0,0,0,10.5,71893.5,9468.9,58268.700000000004
9409,H38822,H,297.9,308.4,1637,34.5,191,0,0,0,0,0,0,10.5,56476.5,6589.5,58904.399999999994
9410,L56589,L,298.0,308.5,1664,28.3,196,0,0,0,0,0,0,10.5,47091.200000000004,5546.8,60466.0
9411,M24270,M,298.0,308.5,1666,31.0,198,0,0,0,0,0,0,10.5,51646.0,6138.0,61083.0
9412,L56591,L,298.0,308.5,1404,46.6,201,0,0,0,0,0,0,10.5,65426.4,9366.6,62008.5
9413,L56592,L,298.0,308.5,1702,26.7,203,0,0,0,0,0,0,10.5,45443.4,5420.099999999999,62625.5
9414,L56593,L,298.1,308.6,1439,44.9,205,0,0,0,0,0,0,10.5,64611.1,9204.5,63263.00000000001
9415,L56594,L,298.1,308.6,1354,53.9,207,1,0,0,0,1,0,10.5,72980.59999999999,11157.3,63880.200000000004
9416,M24275,M,298.2,308.7,1361,44.2,0,0,0,0,0,0,0,10.5,60156.200000000004,0.0,0.0
9417,M24276,M,298.1,308.5,1463,45.9,3,0,0,0,0,0,0,10.399999999999977,67151.7,137.7,925.5
9418,H38831,H,298.1,308.4,1515,43.8,6,0,0,0,0,0,0,10.299999999999955,66357.0,262.79999999999995,1850.3999999999999
9419,L56598,L,298.0,308.4,1432,46.2,11,0,0,0,0,0,0,10.399999999999977,66158.40000000001,508.20000000000005,3392.3999999999996
9420,L56599,L,298.0,308.4,1911,22.0,13,0,0,0,0,0,0,10.399999999999977,42042.0,286.0,4009.2
9421,L56600,L,298.0,308.4,1472,42.0,15,0,0,0,0,0,0,10.399999999999977,61824.0,630.0,4626.0
9422,M24281,M,298.1,308.5,1382,54.5,17,0,0,0,0,0,0,10.399999999999977,75319.0,926.5,5244.5
9423,L56602,L,298.1,308.5,1665,29.6,20,0,0,0,0,0,0,10.399999999999977,49284.0,592.0,6170.0
9424,L56603,L,298.1,308.5,1676,30.5,22,0,0,0,0,0,0,10.399999999999977,51118.0,671.0,6787.0
9425,M24284,M,298.0,308.5,1585,33.0,24,0,0,0,0,0,0,10.5,52305.0,792.0,7404.0
9426,M24285,M,298.1,308.6,1415,46.3,27,0,0,0,0,0,0,10.5,65514.49999999999,1250.1,8332.2
9427,L56606,L,298.1,308.7,1341,55.7,30,0,0,0,0,0,0,10.599999999999966,74693.7,1671.0,9261.0
9428,L56607,L,298.2,308.8,1540,34.8,32,0,0,0,0,0,0,10.600000000000023,53591.99999999999,1113.6,9881.6
9429,H38842,H,298.2,308.8,1837,28.4,34,0,0,0,0,0,0,10.600000000000023,52170.799999999996,965.5999999999999,10499.2
9430,L56609,L,298.2,308.8,1498,36.0,39,0,0,0,0,0,0,10.600000000000023,53928.0,1404.0,12043.2
9431,L56610,L,298.1,308.7,1671,28.8,41,0,0,0,0,0,0,10.599999999999966,48124.8,1180.8,12656.699999999999
9432,L56611,L,298.0,308.6,1430,57.0,43,0,0,0,0,0,0,10.600000000000023,81510.0,2451.0,13269.800000000001
9433,L56612,L,298.0,308.7,1619,40.1,45,0,0,0,0,0,0,10.699999999999989,64921.9,1804.5,13891.5
9434,M24293,M,298.0,308.7,1430,51.9,47,0,0,0,0,0,0,10.699999999999989,74217.0,2439.2999999999997,14508.9
9435,L56614,L,298.0,308.6,1626,33.3,50,0,0,0,0,0,0,10.600000000000023,54145.799999999996,1664.9999999999998,15430.000000000002
9436,L56615,L,298.0,308.7,1443,49.3,52,0,0,0,0,0,0,10.699999999999989,71139.9,2563.6,16052.4
9437,L56616,L,298.0,308.6,1481,42.5,54,0,0,0,0,0,0,10.600000000000023,62942.5,2295.0,16664.4
9438,M24297,M,298.1,308.7,1527,43.0,56,0,0,0,0,0,0,10.599999999999966,65661.0,2408.0,17287.2
9439,M24298,M,298.1,308.7,1315,56.8,59,0,0,0,0,0,0,10.599999999999966,74692.0,3351.2,18213.3
9440,M24299,M,298.1,308.8,1433,48.2,62,0,0,0,0,0,0,10.699999999999989,69070.6,2988.4,19145.600000000002
9441,M24300,M,298.1,308.8,1378,53.5,65,0,0,0,0,0,0,10.699999999999989,73723.0,3477.5,20072.0
9442,L56621,L,298.1,308.8,1432,43.4,68,0,0,0,0,0,0,10.699999999999989,62148.799999999996,2951.2,20998.4
9443,M24302,M,298.1,308.8,1394,47.9,70,0,0,0,0,0,0,10.699999999999989,66772.59999999999,3353.0,21616.0
9444,H38857,H,298.0,308.8,1411,53.8,73,0,0,0,0,0,0,10.800000000000011,75911.8,3927.3999999999996,22542.4
9445,L56624,L,298.1,308.9,2136,15.9,78,0,0,0,0,0,0,10.799999999999955,33962.4,1240.2,24094.199999999997
9446,M24305,M,298.2,309.0,1446,45.8,80,0,0,0,0,0,0,10.800000000000011,66226.8,3664.0,24720.0
9447,H38860,H,298.1,308.9,1388,53.5,83,0,0,0,0,0,0,10.799999999999955,74258.0,4440.5,25638.699999999997
9448,M24307,M,298.1,308.9,1323,51.7,88,0,0,0,0,0,0,10.799999999999955,68399.1,4549.6,27183.199999999997
9449,L56628,L,298.2,309.0,1780,29.3,91,0,0,0,0,0,0,10.800000000000011,52154.0,2666.3,28119.0
9450,M24309,M,298.1,308.8,1434,41.8,93,0,0,0,0,0,0,10.699999999999989,59941.2,3887.3999999999996,28718.4
9451,M24310,M,298.0,308.7,1494,42.6,96,0,0,0,0,0,0,10.699999999999989,63644.4,4089.6000000000004,29635.199999999997
9452,H38865,H,298.0,308.7,1536,39.6,99,0,0,0,0,0,0,10.699999999999989,60825.600000000006,3920.4,30561.3
9453,M24312,M,298.0,308.7,1392,53.4,104,0,0,0,0,0,0,10.699999999999989,74332.8,5553.599999999999,32104.8
9454,H38867,H,298.2,309.0,1360,56.8,107,0,0,0,0,0,0,10.800000000000011,77248.0,6077.599999999999,33063.0
9455,L56634,L,298.4,309.2,1583,35.4,112,0,0,0,0,0,0,10.800000000000011,56038.2,3964.7999999999997,34630.4
9456,L56635,L,298.5,309.2,1983,20.2,114,0,0,0,0,0,0,10.699999999999989,40056.6,2302.7999999999997,35248.799999999996
9457,L56636,L,298.5,309.3,1630,33.3,116,0,0,0,0,0,0,10.800000000000011,54278.99999999999,3862.7999999999997,35878.8
9458,M24317,M,298.5,309.3,1692,26.7,118,0,0,0,0,0,0,10.800000000000011,45176.4,3150.6,36497.4
9459,L56638,L,298.4,309.1,1417,40.6,121,0,0,0,0,0,0,10.700000000000045,57530.200000000004,4912.6,37401.100000000006
9460,L56639,L,298.4,309.1,1579,36.1,123,0,0,0,0,0,0,10.700000000000045,57001.9,4440.3,38019.3
9461,M24320,M,298.4,309.2,1399,45.2,125,0,0,0,0,0,0,10.800000000000011,63234.8,5650.0,38650.0
9462,M24321,M,298.4,309.2,1414,46.4,128,0,0,0,0,0,0,10.800000000000011,65609.59999999999,5939.2,39577.6
9463,L56642,L,298.5,309.3,1570,40.1,131,0,0,0,0,0,0,10.800000000000011,62957.0,5253.1,40518.3
9464,M24323,M,298.5,309.3,1552,36.8,133,0,0,0,0,0,0,10.800000000000011,57113.6,4894.4,41136.9
9465,L56644,L,298.6,309.4,1440,48.2,136,0,0,0,0,0,0,10.799999999999955,69408.0,6555.200000000001,42078.399999999994
9466,M24325,M,298.6,309.4,1460,43.8,138,0,0,0,0,0,0,10.799999999999955,63947.99999999999,6044.4,42697.2
9467,L56646,L,298.6,309.4,1471,48.0,141,0,0,0,0,0,0,10.799999999999955,70608.0,6768.0,43625.399999999994
9468,L56647,L,298.6,309.3,1702,27.6,143,0,0,0,0,0,0,10.699999999999989,46975.200000000004,3946.8,44229.9
9469,L56648,L,298.6,309.4,1375,55.4,145,0,0,0,0,0,0,10.799999999999955,76175.0,8033.0,44863.0
9470,L56649,L,298.6,309.4,1698,33.2,147,0,0,0,0,0,0,10.799999999999955,56373.600000000006,4880.400000000001,45481.799999999996
9471,H38884,H,298.6,309.4,1439,47.1,149,0,0,0,0,0,0,10.799999999999955,67776.90000000001,7017.900000000001,46100.6
9472,M24331,M,298.6,309.4,1774,27.5,154,0,0,0,0,0,0,10.799999999999955,48785.0,4235.0,47647.6
9473,M24332,M,298.7,309.4,1375,48.3,157,0,0,0,0,0,0,10.699999999999989,66412.5,7583.099999999999,48575.799999999996
9474,L56653,L,298.7,309.5,1446,40.0,160,0,0,0,0,0,0,10.800000000000011,57840.0,6400.0,49520.0
9475,M24334,M,298.7,309.6,1455,46.8,162,0,0,0,0,0,0,10.900000000000034,68094.0,7581.599999999999,50155.200000000004
9476,L56655,L,298.8,309.6,1523,41.9,165,0,0,0,0,0,0,10.800000000000011,63813.7,6913.5,51084.00000000001
9477,M24336,M,298.8,309.6,1692,31.9,167,0,0,0,0,0,0,10.800000000000011,53974.799999999996,5327.3,51703.200000000004
9478,M24337,M,298.8,309.6,1693,33.3,170,0,0,0,0,0,0,10.800000000000011,56376.899999999994,5660.999999999999,52632.00000000001
9479,L56658,L,298.8,309.6,1890,24.0,173,0,0,0,0,0,0,10.800000000000011,45360.0,4152.0,53560.8
9480,H38893,H,298.9,309.6,1600,33.5,175,0,0,0,0,0,0,10.700000000000045,53600.0,5862.5,54180.00000000001
9481,M24340,M,298.9,309.6,1434,43.8,180,0,0,0,0,0,0,10.700000000000045,62809.2,7883.999999999999,55728.00000000001
9482,L56661,L,298.9,309.6,1365,50.9,183,0,0,0,0,0,0,10.700000000000045,69478.5,9314.699999999999,56656.8
9483,H38896,H,298.8,309.6,1309,57.4,185,0,0,0,0,0,0,10.800000000000011,75136.59999999999,10619.0,57276.00000000001
9484,H38897,H,298.9,309.6,1546,35.3,190,0,0,0,0,0,0,10.700000000000045,54573.799999999996,6706.999999999999,58824.00000000001
9485,L56664,L,298.9,309.6,1663,33.7,195,0,0,0,0,0,0,10.700000000000045,56043.100000000006,6571.500000000001,60372.00000000001
9486,L56665,L,298.9,309.6,1589,34.2,197,0,0,0,0,0,0,10.700000000000045,54343.8,6737.400000000001,60991.200000000004
9487,M24346,M,298.9,309.6,1472,46.0,199,0,0,0,0,0,0,10.700000000000045,67712.0,9154.0,61610.4
9488,L56667,L,298.9,309.6,1583,39.8,202,0,0,0,0,0,0,10.700000000000045,63003.399999999994,8039.599999999999,62539.200000000004
9489,M24348,M,298.9,309.6,1567,34.5,204,0,0,0,0,0,0,10.700000000000045,54061.5,7038.0,63158.4
9490,L56669,L,298.9,309.7,1407,41.9,207,0,0,0,0,0,0,10.800000000000011,58953.299999999996,8673.3,64107.899999999994
9491,M24350,M,299.0,309.7,1418,44.7,209,0,0,0,0,0,0,10.699999999999989,63384.600000000006,9342.300000000001,64727.299999999996
9492,M24351,M,299.0,309.7,1489,40.7,212,0,0,0,0,0,0,10.699999999999989,60602.3,8628.400000000001,65656.4
9493,L56672,L,299.1,309.9,1586,36.6,215,0,0,0,0,0,0,10.799999999999955,58047.600000000006,7869.0,66628.5
9494,L56673,L,299.1,309.8,1398,55.4,217,1,0,0,0,1,0,10.699999999999989,77449.2,12021.8,67226.6
9495,L56674,L,299.2,309.9,1516,41.4,219,0,0,0,0,0,0,10.699999999999989,62762.4,9066.6,67868.09999999999
9496,H38909,H,299.3,310.0,1373,44.8,221,0,0,0,0,0,0,10.699999999999989,61510.399999999994,9900.8,68510.0
9497,M24356,M,299.2,310.0,1349,50.4,226,0,0,0,0,0,0,10.800000000000011,67989.59999999999,11390.4,70060.0
9498,H38911,H,299.1,309.9,1443,40.3,0,0,0,0,0,0,0,10.799999999999955,58152.899999999994,0.0,0.0
9499,H38912,H,299.2,310.1,1542,36.1,5,0,0,0,0,0,0,10.900000000000034,55666.200000000004,180.5,1550.5
9500,L56679,L,299.2,310.1,1534,37.7,10,0,0,0,0,0,0,10.900000000000034,57831.8,377.0,3101.0
9501,L56680,L,299.2,310.2,1697,30.6,12,0,0,0,0,0,0,11.0,51928.200000000004,367.20000000000005,3722.3999999999996
9502,L56681,L,299.3,310.3,1396,47.4,14,0,0,0,0,0,0,11.0,66170.4,663.6,4344.2
9503,L56682,L,299.3,310.2,1495,49.2,16,0,0,0,0,0,0,10.899999999999977,73554.0,787.2,4963.2
9504,M24363,M,299.2,310.3,1551,44.8,18,0,0,0,0,0,0,11.100000000000023,69484.79999999999,806.4,5585.400000000001
9505,L56684,L,299.2,310.3,1440,47.0,21,0,0,0,0,0,0,11.100000000000023,67680.0,987.0,6516.3
9506,L56685,L,299.2,310.3,1429,40.1,23,0,0,0,0,0,0,11.100000000000023,57302.9,922.3000000000001,7136.900000000001
9507,H38920,H,299.3,310.4,1548,41.6,25,0,0,0,0,0,0,11.099999999999966,64396.8,1040.0,7759.999999999999
9508,L56687,L,299.3,310.5,1505,38.8,30,0,0,0,0,0,0,11.199999999999989,58393.99999999999,1164.0,9315.0
9509,L56688,L,299.2,310.4,1611,36.4,32,0,0,0,0,0,0,11.199999999999989,58640.399999999994,1164.8,9932.8
9510,M24369,M,299.2,310.4,1502,39.8,34,0,0,0,0,0,0,11.199999999999989,59779.6,1353.1999999999998,10553.599999999999
9511,M24370,M,299.2,310.4,1504,43.3,37,0,0,0,0,0,0,11.199999999999989,65123.2,1602.1,11484.8
9512,L56691,L,299.1,310.3,1449,40.7,40,0,0,0,0,0,0,11.199999999999989,58974.3,1628.0,12412.0
9513,L56692,L,299.0,310.2,1575,37.8,42,0,0,0,0,0,0,11.199999999999989,59534.99999999999,1587.6,13028.4
9514,M24373,M,299.0,310.2,1598,33.4,44,0,0,0,0,0,0,11.199999999999989,53373.2,1469.6,13648.8
9515,L56694,L,299.0,310.1,1416,45.9,47,0,0,0,0,0,0,11.100000000000023,64994.4,2157.2999999999997,14574.7
9516,L56695,L,299.0,310.2,1682,28.8,49,0,0,0,0,0,0,11.199999999999989,48441.6,1411.2,15199.8
9517,L56696,L,298.9,310.1,1341,54.5,51,0,0,0,0,0,0,11.200000000000045,73084.5,2779.5,15815.1
9518,L56697,L,298.9,310.1,1523,39.1,53,0,0,0,0,0,0,11.200000000000045,59549.3,2072.3,16435.300000000003
9519,L56698,L,299.0,310.1,1580,41.9,55,0,0,0,0,0,0,11.100000000000023,66202.0,2304.5,17055.5
9520,L56699,L,299.0,310.1,1531,36.0,57,0,0,0,0,0,0,11.100000000000023,55116.0,2052.0,17675.7
9521,L56700,L,299.0,310.1,1375,48.9,59,0,0,0,0,0,0,11.100000000000023,67237.5,2885.1,18295.9
9522,M24381,M,298.9,310.1,1484,40.4,61,0,0,0,0,0,0,11.200000000000045,59953.6,2464.4,18916.100000000002
9523,M24382,M,299.0,310.2,1657,32.3,64,0,0,0,0,0,0,11.199999999999989,53521.1,2067.2,19852.8
9524,L56703,L,299.0,310.2,1494,40.6,67,0,0,0,0,0,0,11.199999999999989,60656.4,2720.2000000000003,20783.399999999998
9525,H38938,H,299.0,310.3,1658,27.6,69,0,0,0,0,0,0,11.300000000000011,45760.8,1904.4,21410.7
9526,L56705,L,299.1,310.3,1411,42.1,74,0,0,0,0,0,0,11.199999999999989,59403.1,3115.4,22962.2
9527,M24386,M,299.2,310.4,1395,55.4,76,0,0,0,0,0,0,11.199999999999989,77283.0,4210.4,23590.399999999998
9528,L56707,L,299.1,310.4,1550,43.9,79,0,0,0,0,0,0,11.299999999999955,68045.0,3468.1,24521.6
9529,M24388,M,299.1,310.3,1233,59.0,81,0,0,0,0,0,0,11.199999999999989,72747.0,4779.0,25134.3
9530,L56709,L,299.1,310.3,1459,46.7,84,0,0,0,0,0,0,11.199999999999989,68135.3,3922.8,26065.2
9531,H38944,H,299.1,310.4,1405,53.6,86,0,0,0,0,0,0,11.299999999999955,75308.0,4609.6,26694.399999999998
9532,L56711,L,299.2,310.5,1458,44.1,91,0,0,0,0,0,0,11.300000000000011,64297.8,4013.1,28255.5
9533,L56712,L,299.2,310.5,1384,48.7,93,0,0,0,0,0,0,11.300000000000011,67400.8,4529.1,28876.5
9534,L56713,L,299.2,310.5,1705,29.5,95,0,0,0,0,0,0,11.300000000000011,50297.5,2802.5,29497.5
9535,L56714,L,299.3,310.6,1443,45.7,97,0,0,0,0,0,0,11.300000000000011,65945.1,4432.900000000001,30128.2
9536,M24395,M,299.3,310.6,1609,31.4,99,0,0,0,0,0,0,11.300000000000011,50522.6,3108.6,30749.4
9537,L56716,L,299.3,310.5,1818,26.0,102,0,0,0,0,0,0,11.199999999999989,47268.0,2652.0,31671.0
9538,M24397,M,299.3,310.6,1457,42.1,104,0,0,0,0,0,0,11.300000000000011,61339.700000000004,4378.400000000001,32302.4
9539,L56718,L,299.3,310.6,1480,45.1,107,0,0,0,0,0,0,11.300000000000011,66748.0,4825.7,33234.200000000004
9540,L56719,L,299.4,310.8,1424,47.7,109,0,0,0,0,0,0,11.400000000000034,67924.8,5199.3,33877.200000000004
9541,M24400,M,299.4,310.8,1628,40.2,111,0,0,0,0,0,0,11.400000000000034,65445.600000000006,4462.200000000001,34498.8
9542,M24401,M,299.5,310.8,1754,31.3,114,0,0,0,0,0,0,11.300000000000011,54900.200000000004,3568.2000000000003,35431.200000000004
9543,L56722,L,299.6,310.9,1716,28.5,117,0,0,0,0,0,0,11.299999999999955,48906.0,3334.5,36375.299999999996
9544,M24403,M,299.5,310.9,1378,48.7,119,0,0,0,0,0,0,11.399999999999977,67108.6,5795.3,36997.1
9545,L56724,L,299.6,311.0,1708,31.0,122,0,0,0,0,0,0,11.399999999999977,52948.0,3782.0,37942.0
9546,L56725,L,299.6,311.0,1430,38.3,124,0,0,0,0,0,0,11.399999999999977,54768.99999999999,4749.2,38564.0
9547,M24406,M,299.7,311.2,1560,43.9,126,0,0,0,0,0,0,11.5,68484.0,5531.4,39211.2
9548,L56727,L,299.6,311.1,1679,30.7,129,0,0,0,0,0,0,11.5,51545.299999999996,3960.2999999999997,40131.9
9549,L56728,L,299.6,311.1,1521,37.2,131,0,0,0,0,0,0,11.5,56581.200000000004,4873.200000000001,40754.100000000006
9550,M24409,M,299.6,311.1,1649,33.8,133,0,0,0,0,0,0,11.5,55736.2,4495.4,41376.3
9551,M24410,M,299.5,311.0,1451,43.3,136,0,0,0,0,0,0,11.5,62828.299999999996,5888.799999999999,42296.0
9552,L56731,L,299.4,310.8,1391,48.9,139,0,0,0,0,0,0,11.400000000000034,68019.9,6797.099999999999,43201.200000000004
9553,M24412,M,299.3,310.8,1523,40.9,141,0,0,0,0,0,0,11.5,62290.7,5766.9,43822.8
9554,L56733,L,299.3,310.7,1495,39.2,144,0,0,0,0,0,0,11.399999999999977,58604.00000000001,5644.8,44740.799999999996
9555,M24414,M,299.3,310.7,1440,45.5,146,0,0,0,0,0,0,11.399999999999977,65520.0,6643.0,45362.2
9556,H38969,H,299.4,310.8,1585,31.4,149,0,0,0,0,0,0,11.400000000000034,49769.0,4678.599999999999,46309.200000000004
9557,L56736,L,299.5,310.8,1374,48.3,154,0,0,0,0,0,0,11.300000000000011,66364.2,7438.2,47863.200000000004
9558,M24417,M,299.5,310.8,1507,40.2,156,0,0,0,0,0,0,11.300000000000011,60581.4,6271.200000000001,48484.8
9559,M24418,M,299.5,310.9,1577,34.6,159,0,0,0,0,0,0,11.399999999999977,54564.200000000004,5501.400000000001,49433.1
9560,L56739,L,299.5,310.9,1496,38.5,162,0,0,0,0,0,0,11.399999999999977,57596.0,6237.0,50365.799999999996
9561,L56740,L,299.6,310.9,1487,42.5,164,0,0,0,0,0,0,11.299999999999955,63197.5,6970.0,50987.6
9562,L56741,L,299.6,310.9,1853,26.3,166,0,0,0,0,0,0,11.299999999999955,48733.9,4365.8,51609.399999999994
9563,M24422,M,299.7,311.0,1435,50.1,168,0,0,0,0,0,0,11.300000000000011,71893.5,8416.800000000001,52248.0
9564,M24423,M,299.8,311.1,1763,25.5,171,0,0,0,0,0,0,11.300000000000011,44956.5,4360.5,53198.100000000006
9565,L56744,L,299.8,311.1,1820,24.9,174,0,0,0,0,0,0,11.300000000000011,45318.0,4332.599999999999,54131.4
9566,M24425,M,299.8,311.1,1498,38.1,176,0,0,0,0,0,0,11.300000000000011,57073.8,6705.6,54753.600000000006
9567,L56746,L,299.8,311.1,1603,35.1,179,0,0,0,0,0,0,11.300000000000011,56265.3,6282.900000000001,55686.9
9568,L56747,L,299.8,311.1,1412,42.5,181,0,0,0,0,0,0,11.300000000000011,60010.0,7692.5,56309.100000000006
9569,L56748,L,299.8,311.1,1588,38.0,183,0,0,0,0,0,0,11.300000000000011,60344.0,6954.0,56931.3
9570,M24429,M,299.8,311.0,1948,20.0,185,0,0,0,0,0,0,11.199999999999989,38960.0,3700.0,57535.0
9571,L56750,L,299.7,310.9,1384,48.2,188,0,0,0,0,0,0,11.199999999999989,66708.8,9061.6,58449.2
9572,L56751,L,299.7,310.8,1589,36.0,190,0,0,0,0,0,0,11.100000000000023,57204.0,6840.0,59052.0
9573,M24432,M,299.7,310.8,1405,47.6,192,0,0,0,0,0,0,11.100000000000023,66878.0,9139.2,59673.600000000006
9574,L56753,L,299.7,310.9,1491,40.1,195,0,0,0,0,0,0,11.199999999999989,59789.1,7819.5,60625.49999999999
9575,H38988,H,299.7,310.8,1418,46.6,197,0,0,0,0,0,0,11.100000000000023,66078.8,9180.2,61227.600000000006
9576,M24435,M,299.6,310.8,1603,35.4,202,0,0,0,0,0,0,11.199999999999989,56746.2,7150.799999999999,62781.600000000006
9577,L56756,L,299.6,310.7,1922,23.3,205,1,1,0,0,0,0,11.099999999999966,44782.6,4776.5,63693.5
9578,M24437,M,299.5,310.7,1364,49.5,0,0,0,0,0,0,0,11.199999999999989,67518.0,0.0,0.0
9579,L56758,L,299.4,310.7,1551,41.2,3,0,0,0,0,0,0,11.300000000000011,63901.200000000004,123.60000000000001,932.0999999999999
9580,L56759,L,299.5,310.7,1589,33.5,5,0,0,0,0,0,0,11.199999999999989,53231.5,167.5,1553.5
9581,M24440,M,299.5,310.7,1423,56.5,7,0,0,0,0,0,0,11.199999999999989,80399.5,395.5,2174.9
9582,L56761,L,299.4,310.6,1418,53.1,10,0,0,0,0,0,0,11.200000000000045,75295.8,531.0,3106.0
9583,M24442,M,299.3,310.5,1404,47.5,12,0,0,0,0,0,0,11.199999999999989,66690.0,570.0,3726.0
9584,L56763,L,299.3,310.5,1281,59.8,15,0,0,0,0,0,0,11.199999999999989,76603.8,897.0,4657.5
9585,L56764,L,299.3,310.5,1529,41.3,17,0,0,0,0,0,0,11.199999999999989,63147.7,702.0999999999999,5278.5
9586,M24445,M,299.3,310.5,1563,42.1,19,0,0,0,0,0,0,11.199999999999989,65802.3,799.9,5899.5
9587,L56766,L,299.4,310.6,1348,54.5,22,0,0,0,0,0,0,11.200000000000045,73466.0,1199.0,6833.200000000001
9588,M24447,M,299.3,310.5,1462,40.5,24,0,0,0,0,0,0,11.199999999999989,59211.0,972.0,7452.0
9589,H39002,H,299.3,310.4,1510,45.5,27,0,0,0,0,0,0,11.099999999999966,68705.0,1228.5,8380.8
9590,L56769,L,299.2,310.4,1472,43.3,32,0,0,0,0,0,0,11.199999999999989,63737.6,1385.6,9932.8
9591,M24450,M,299.2,310.4,1325,52.0,34,0,0,0,0,0,0,11.199999999999989,68900.0,1768.0,10553.599999999999
9592,L56771,L,299.2,310.4,1570,37.3,37,0,0,0,0,0,0,11.199999999999989,58560.99999999999,1380.1,11484.8
9593,L56772,L,299.2,310.4,1379,46.8,39,0,0,0,0,0,0,11.199999999999989,64537.2,1825.1999999999998,12105.599999999999
9594,L56773,L,299.1,310.2,1352,52.8,41,0,0,0,0,0,0,11.099999999999966,71385.59999999999,2164.7999999999997,12718.199999999999
9595,L56774,L,299.1,310.3,1727,28.7,43,0,0,0,0,0,0,11.199999999999989,49564.9,1234.1,13342.9
9596,H39009,H,299.0,310.1,1432,50.0,45,0,0,0,0,0,0,11.100000000000023,71600.0,2250.0,13954.500000000002
9597,L56776,L,298.9,310.1,1466,43.4,50,0,0,0,0,0,0,11.200000000000045,63624.4,2170.0,15505.000000000002
9598,L56777,L,298.9,310.1,1510,38.0,52,0,0,0,0,0,0,11.200000000000045,57380.0,1976.0,16125.2
9599,L56778,L,299.0,310.2,1490,41.1,54,0,0,0,0,0,0,11.199999999999989,61239.0,2219.4,16750.8
9600,L56779,L,299.0,310.1,1463,37.4,56,0,0,0,0,0,0,11.100000000000023,54716.2,2094.4,17365.600000000002
9601,M24460,M,298.9,310.0,1561,45.3,58,0,0,0,0,0,0,11.100000000000023,70713.29999999999,2627.3999999999996,17980.0
9602,L56781,L,298.9,310.1,2109,18.0,61,0,0,0,0,0,0,11.200000000000045,37962.0,1098.0,18916.100000000002
9603,L56782,L,298.9,310.2,1705,32.5,63,0,0,0,0,0,0,11.300000000000011,55412.5,2047.5,19542.6
9604,M24463,M,298.9,310.1,1549,40.2,65,0,0,0,0,0,0,11.200000000000045,62269.8,2613.0,20156.5
9605,H39018,H,299.0,310.2,1637,38.0,68,0,0,0,0,0,0,11.199999999999989,62206.0,2584.0,21093.6
9606,M24465,M,298.9,310.1,1484,37.9,73,0,0,0,0,0,0,11.200000000000045,56243.6,2766.7,22637.300000000003
9607,L56786,L,298.9,310.1,1401,44.4,76,0,0,0,0,0,0,11.200000000000045,62204.4,3374.4,23567.600000000002
9608,L56787,L,298.9,310.1,1571,36.8,78,0,0,0,0,0,0,11.200000000000045,57812.799999999996,2870.3999999999996,24187.800000000003
9609,M24468,M,298.9,310.1,1513,41.5,80,0,0,0,0,0,0,11.200000000000045,62789.5,3320.0,24808.0
9610,L56789,L,299.0,310.1,1470,40.3,83,0,0,0,0,0,0,11.100000000000023,59240.99999999999,3344.8999999999996,25738.300000000003
9611,L56790,L,299.0,310.1,1505,41.3,85,0,0,0,0,0,0,11.100000000000023,62156.49999999999,3510.4999999999995,26358.500000000004
9612,L56791,L,299.0,310.2,1432,42.2,87,0,0,0,0,0,0,11.199999999999989,60430.4,3671.4,26987.399999999998
9613,M24472,M,299.0,310.2,1625,31.8,89,0,0,0,0,0,0,11.199999999999989,51675.0,2830.2000000000003,27607.8
9614,L56793,L,299.0,310.2,1377,62.5,92,1,0,0,1,0,0,11.199999999999989,86062.5,5750.0,28538.399999999998
9615,M24474,M,299.1,310.3,1441,43.9,94,0,0,0,0,0,0,11.199999999999989,63259.9,4126.599999999999,29168.2
9616,M24475,M,299.0,310.2,1564,39.9,97,0,0,0,0,0,0,11.199999999999989,62403.6,3870.2999999999997,30089.399999999998
9617,L56796,L,298.9,310.1,1580,37.3,100,0,0,0,0,0,0,11.200000000000045,58933.99999999999,3729.9999999999995,31010.000000000004
9618,L56797,L,299.0,310.2,1516,35.3,102,0,0,0,0,0,0,11.199999999999989,53514.799999999996,3600.6,31640.399999999998
9619,L56798,L,299.0,310.1,1447,42.8,104,0,0,0,0,0,0,11.100000000000023,61931.6,4451.2,32250.4
9620,M24479,M,298.9,310.0,1323,52.9,106,0,0,0,0,0,0,11.100000000000023,69986.7,5607.4,32860.0
9621,L56800,L,298.9,310.0,1470,45.9,109,0,0,0,0,0,0,11.100000000000023,67473.0,5003.099999999999,33790.0
9622,M24481,M,299.0,310.0,2049,19.5,111,0,0,0,0,0,0,11.0,39955.5,2164.5,34410.0
9623,L56802,L,298.9,310.0,1794,27.2,114,0,0,0,0,0,0,11.100000000000023,48796.799999999996,3100.7999999999997,35340.0
9624,L56803,L,298.9,310.1,1356,47.8,116,0,0,0,0,0,0,11.200000000000045,64816.799999999996,5544.799999999999,35971.600000000006
9625,H39038,H,299.0,310.1,1555,38.6,118,0,0,0,0,0,0,11.100000000000023,60023.0,4554.8,36591.8
9626,M24485,M,299.0,310.1,1487,47.5,123,0,0,0,0,0,0,11.100000000000023,70632.5,5842.5,38142.3
9627,M24486,M,299.0,310.0,1341,58.9,126,0,0,0,0,0,0,11.0,78984.9,7421.4,39060.0
9628,M24487,M,298.9,310.0,1487,36.6,129,0,0,0,0,0,0,11.100000000000023,54424.200000000004,4721.400000000001,39990.0
9629,H39042,H,299.0,310.0,1569,34.3,132,0,0,0,0,0,0,11.0,53816.7,4527.599999999999,40920.0
9630,H39043,H,299.0,310.1,2053,19.7,137,0,0,0,0,0,0,11.100000000000023,40444.1,2698.9,42483.700000000004
9631,L56810,L,299.0,310.1,1583,35.8,142,0,0,0,0,0,0,11.100000000000023,56671.399999999994,5083.599999999999,44034.200000000004
9632,L56811,L,299.0,310.0,1672,33.2,144,0,0,0,0,0,0,11.0,55510.4,4780.8,44640.0
9633,M24492,M,299.0,310.0,1337,57.4,146,0,0,0,0,0,0,11.0,76743.8,8380.4,45260.0
9634,H39047,H,299.1,310.1,1421,41.2,149,0,0,0,0,0,0,11.0,58545.200000000004,6138.8,46204.9
9635,L56814,L,299.1,310.2,1425,52.7,154,0,0,0,0,0,0,11.099999999999966,75097.5,8115.8,47770.799999999996
9636,L56815,L,299.2,310.2,1609,33.2,156,0,0,0,0,0,0,11.0,53418.8,5179.200000000001,48391.2
9637,L56816,L,299.2,310.3,1507,41.3,158,0,0,0,0,0,0,11.100000000000023,62239.1,6525.4,49027.4
9638,L56817,L,299.2,310.3,1463,38.9,160,0,0,0,0,0,0,11.100000000000023,56910.7,6224.0,49648.0
9639,H39052,H,299.3,310.4,1393,44.9,162,0,0,0,0,0,0,11.099999999999966,62545.7,7273.8,50284.799999999996
9640,L56819,L,299.3,310.4,1725,26.8,167,0,0,0,0,0,0,11.099999999999966,46230.0,4475.6,51836.799999999996
9641,L56820,L,299.4,310.5,1514,36.1,169,0,0,0,0,0,0,11.100000000000023,54655.4,6100.900000000001,52474.5
9642,L56821,L,299.3,310.4,1365,53.9,171,0,0,0,0,0,0,11.099999999999966,73573.5,9216.9,53078.399999999994
9643,L56822,L,299.4,310.5,1372,46.3,173,0,0,0,0,0,0,11.100000000000023,63523.6,8009.9,53716.5
9644,L56823,L,299.4,310.4,1509,40.6,175,0,0,0,0,0,0,11.0,61265.4,7105.0,54319.99999999999
9645,L56824,L,299.3,310.4,1629,32.6,177,0,0,0,0,0,0,11.099999999999966,53105.4,5770.2,54940.799999999996
9646,L56825,L,299.4,310.5,1749,28.1,179,0,0,0,0,0,0,11.100000000000023,49146.9,5029.900000000001,55579.5
9647,L56826,L,299.4,310.4,1582,31.7,181,0,0,0,0,0,0,11.0,50149.4,5737.7,56182.399999999994
9648,L56827,L,299.2,310.2,1458,47.0,183,0,0,0,0,0,0,11.0,68526.0,8601.0,56766.6
9649,L56828,L,299.1,310.1,1416,41.2,185,0,0,0,0,0,0,11.0,58339.200000000004,7622.000000000001,57368.50000000001
9650,H39063,H,299.1,310.0,1657,33.1,187,0,0,0,0,0,0,10.899999999999977,54846.700000000004,6189.7,57970.0
9651,M24510,M,299.1,310.0,1437,41.1,192,0,0,0,0,0,0,10.899999999999977,59060.700000000004,7891.200000000001,59520.0
9652,M24511,M,299.1,310.0,1580,36.0,195,0,0,0,0,0,0,10.899999999999977,56880.0,7020.0,60450.0
9653,M24512,M,299.0,310.0,1488,46.3,198,0,0,0,0,0,0,11.0,68894.4,9167.4,61380.0
9654,L56833,L,299.0,309.9,1373,55.7,201,1,0,0,0,1,0,10.899999999999977,76476.1,11195.7,62289.899999999994
9655,L56834,L,299.1,310.0,1367,56.3,203,1,0,0,0,1,0,10.899999999999977,76962.09999999999,11428.9,62930.0
9656,H39069,H,299.1,310.0,1431,49.5,205,0,0,0,0,0,0,10.899999999999977,70834.5,10147.5,63550.0
9657,L56836,L,299.0,310.1,1623,33.0,210,0,0,0,0,0,0,11.100000000000023,53559.0,6930.0,65121.00000000001
9658,L56837,L,299.0,310.0,1484,39.6,212,0,0,0,0,0,0,11.0,58766.4,8395.2,65720.0
9659,L56838,L,299.0,309.9,1548,34.5,214,0,0,0,0,0,0,10.899999999999977,53406.0,7383.0,66318.59999999999
9660,L56839,L,298.9,309.8,1287,61.9,216,1,0,0,0,1,0,10.900000000000034,79665.3,13370.4,66916.8
9661,M24520,M,298.9,309.8,1392,43.1,218,0,0,0,0,0,0,10.900000000000034,59995.200000000004,9395.800000000001,67536.40000000001
9662,H39075,H,299.0,310.0,1458,44.9,221,0,0,0,0,0,0,11.0,65464.2,9922.9,68510.0
9663,M24522,M,299.1,310.1,1570,30.9,226,0,0,0,0,0,0,11.0,48513.0,6983.4,70082.6
9664,L56843,L,299.1,310.1,1435,48.8,229,1,0,0,0,1,0,11.0,70028.0,11175.199999999999,71012.90000000001
9665,L56844,L,299.1,310.2,1317,54.8,231,1,0,0,0,1,0,11.099999999999966,72171.59999999999,12658.8,71656.2
9666,L56845,L,299.2,310.3,1610,33.3,233,0,0,0,0,0,0,11.100000000000023,53612.99999999999,7758.9,72299.90000000001
9667,M24526,M,299.1,310.3,1838,24.0,235,0,0,0,0,0,0,11.199999999999989,44112.0,5640.0,72920.5
9668,L56847,L,299.2,310.3,1352,48.9,238,1,0,0,0,1,0,11.100000000000023,66112.8,11638.199999999999,73851.40000000001
9669,L56848,L,299.1,310.3,1619,35.2,240,0,0,0,0,0,0,11.199999999999989,56988.8,8448.0,74472.0
9670,L56849,L,299.1,310.3,1619,31.1,242,0,0,0,0,0,0,11.199999999999989,50350.9,7526.200000000001,75092.6
9671,L56850,L,299.0,310.2,1690,30.7,244,0,0,0,0,0,0,11.199999999999989,51883.0,7490.8,75688.8
9672,L56851,L,299.0,310.2,1412,44.1,246,0,0,0,0,0,0,11.199999999999989,62269.200000000004,10848.6,76309.2
9673,H39086,H,299.0,310.2,1744,31.5,0,0,0,0,0,0,0,11.199999999999989,54936.0,0.0,0.0
9674,M24533,M,299.0,310.1,1593,35.4,5,0,0,0,0,0,0,11.100000000000023,56392.2,177.0,1550.5
9675,L56854,L,299.1,310.2,1695,29.6,8,0,0,0,0,0,0,11.099999999999966,50172.0,236.8,2481.6
9676,M24535,M,299.0,310.2,1298,57.2,10,0,0,0,0,0,0,11.199999999999989,74245.6,572.0,3102.0
9677,L56856,L,299.0,310.1,1886,21.2,13,0,0,0,0,0,0,11.100000000000023,39983.2,275.59999999999997,4031.3
9678,L56857,L,299.0,310.1,2033,19.3,15,0,0,0,0,0,0,11.100000000000023,39236.9,289.5,4651.5
9679,M24538,M,299.1,310.2,1711,28.1,17,0,0,0,0,0,0,11.099999999999966,48079.100000000006,477.70000000000005,5273.4
9680,L56859,L,299.1,310.2,1598,33.4,20,0,0,0,0,0,0,11.099999999999966,53373.2,668.0,6204.0
9681,L56860,L,299.1,310.1,1894,24.2,22,0,0,0,0,0,0,11.0,45834.799999999996,532.4,6822.200000000001
9682,M24541,M,299.1,310.1,1412,44.4,24,0,0,0,0,0,0,11.0,62692.799999999996,1065.6,7442.400000000001
9683,L56862,L,299.1,310.0,1394,46.6,27,0,0,0,0,0,0,10.899999999999977,64960.4,1258.2,8370.0
9684,M24543,M,299.0,310.0,1338,56.4,29,0,0,0,0,0,0,11.0,75463.2,1635.6,8990.0
9685,H39098,H,298.9,309.9,1376,51.0,32,0,0,0,0,0,0,11.0,70176.0,1632.0,9916.8
9686,L56865,L,299.0,310.0,1360,48.1,37,0,0,0,0,0,0,11.0,65416.0,1779.7,11470.0
9687,L56866,L,299.1,310.1,1486,40.7,39,0,0,0,0,0,0,11.0,60480.200000000004,1587.3000000000002,12093.900000000001
9688,M24547,M,299.1,310.1,1649,31.6,41,0,0,0,0,0,0,11.0,52108.4,1295.6000000000001,12714.1
9689,L56868,L,299.1,310.1,1367,45.6,44,0,0,0,0,0,0,11.0,62335.200000000004,2006.4,13644.400000000001
9690,L56869,L,299.0,310.1,1362,59.5,46,0,0,0,0,0,0,11.100000000000023,81039.0,2737.0,14264.6
9691,M24550,M,298.9,310.0,1520,35.6,48,0,0,0,0,0,0,11.100000000000023,54112.0,1708.8000000000002,14880.0
9692,L56871,L,299.0,310.0,1582,31.9,51,0,0,0,0,0,0,11.0,50465.799999999996,1626.8999999999999,15810.0
9693,M24552,M,299.0,310.0,1667,30.0,53,0,0,0,0,0,0,11.0,50010.0,1590.0,16430.0
9694,L56873,L,298.9,310.0,1693,28.8,56,0,0,0,0,0,0,11.100000000000023,48758.4,1612.8,17360.0
9695,L56874,L,298.9,310.0,1559,33.4,58,0,0,0,0,0,0,11.100000000000023,52070.6,1937.1999999999998,17980.0
9696,L56875,L,298.9,309.9,1592,32.0,60,0,0,0,0,0,0,11.0,50944.0,1920.0,18594.0
9697,L56876,L,298.9,309.9,1404,39.8,62,0,0,0,0,0,0,11.0,55879.2,2467.6,19213.8
9698,M24557,M,298.8,309.8,1413,45.5,64,0,0,0,0,0,0,11.0,64291.5,2912.0,19827.2
9699,L56878,L,298.8,309.8,1663,28.2,67,0,0,0,0,0,0,11.0,46896.6,1889.3999999999999,20756.600000000002
9700,L56879,L,298.8,309.8,1508,36.3,69,0,0,0,0,0,0,11.0,54740.399999999994,2504.7,21376.2
9701,M24560,M,298.9,309.8,1353,53.7,71,0,0,0,0,0,0,10.900000000000034,72656.1,3812.7000000000003,21995.8
9702,L56881,L,298.8,309.8,1485,42.4,74,0,0,0,0,0,0,11.0,62964.0,3137.6,22925.2
9703,L56882,L,298.9,310.0,1633,31.2,76,0,0,0,0,0,0,11.100000000000023,50949.6,2371.2,23560.0
9704,L56883,L,298.9,310.0,1422,43.6,78,0,0,0,0,0,0,11.100000000000023,61999.200000000004,3400.8,24180.0
9705,L56884,L,298.9,310.1,1577,41.4,80,0,0,0,0,0,0,11.200000000000045,65287.799999999996,3312.0,24808.0
9706,L56885,L,298.9,310.0,1482,41.1,82,0,0,0,0,0,0,11.100000000000023,60910.200000000004,3370.2000000000003,25420.0
9707,M24566,M,299.0,310.1,1705,30.1,84,0,0,0,0,0,0,11.100000000000023,51320.5,2528.4,26048.4
9708,L56887,L,299.0,310.1,1699,32.9,87,0,0,0,0,0,0,11.100000000000023,55897.1,2862.2999999999997,26978.7
9709,L56888,L,299.0,310.1,1664,29.7,89,0,0,0,0,0,0,11.100000000000023,49420.799999999996,2643.2999999999997,27598.9
9710,M24569,M,299.0,310.0,1486,34.6,91,0,0,0,0,0,0,11.0,51415.6,3148.6,28210.0
9711,L56890,L,299.1,310.1,1336,61.3,94,0,0,0,0,0,0,11.0,81896.8,5762.2,29149.4
9712,H39125,H,299.1,310.1,1429,42.9,96,0,0,0,0,0,0,11.0,61304.1,4118.4,29769.600000000002
9713,M24572,M,299.1,310.2,1456,48.4,101,0,0,0,0,0,0,11.099999999999966,70470.4,4888.4,31330.199999999997
9714,L56893,L,299.1,310.2,1496,45.0,104,0,0,0,0,0,0,11.099999999999966,67320.0,4680.0,32260.8
9715,L56894,L,299.1,310.1,1894,20.1,106,0,0,0,0,0,0,11.0,38069.4,2130.6000000000004,32870.600000000006
9716,L56895,L,299.1,310.1,1373,55.6,108,0,0,0,0,0,0,11.0,76338.8,6004.8,33490.8
9717,H39130,H,299.0,310.0,1387,45.2,110,0,0,0,0,0,0,11.0,62692.4,4972.0,34100.0
9718,L56897,L,298.9,309.9,1500,44.2,115,0,0,0,0,0,0,11.0,66300.0,5083.0,35638.5
9719,L56898,L,298.9,309.9,1517,36.6,117,0,0,0,0,0,0,11.0,55522.200000000004,4282.2,36258.299999999996
9720,L56899,L,298.9,309.9,1309,56.2,119,0,0,0,0,0,0,11.0,73565.8,6687.8,36878.1
9721,M24580,M,298.9,309.9,1357,54.5,121,0,0,0,0,0,0,11.0,73956.5,6594.5,37497.899999999994
9722,L56901,L,298.8,309.8,1490,40.6,124,0,0,0,0,0,0,11.0,60494.0,5034.400000000001,38415.200000000004
9723,H39136,H,298.8,309.8,1911,21.6,126,0,0,0,0,0,0,11.0,41277.600000000006,2721.6000000000004,39034.8
9724,L56903,L,298.8,309.8,1599,33.6,131,0,0,0,0,0,0,11.0,53726.4,4401.6,40583.8
9725,M24584,M,298.8,309.7,2098,19.0,133,0,0,0,0,0,0,10.899999999999977,39862.0,2527.0,41190.1
9726,M24585,M,298.7,309.7,1629,27.9,136,0,0,0,0,0,0,11.0,45449.1,3794.3999999999996,42119.2
9727,L56906,L,298.8,309.8,1557,37.2,139,0,0,0,0,0,0,11.0,57920.4,5170.8,43062.200000000004
9728,L56907,L,298.8,309.8,1461,39.4,141,0,0,0,0,0,0,11.0,57563.4,5555.4,43681.8
9729,L56908,L,298.8,309.8,1563,33.7,143,0,0,0,0,0,0,11.0,52673.100000000006,4819.1,44301.4
9730,L56909,L,298.7,309.8,1695,29.0,145,0,0,0,0,0,0,11.100000000000023,49155.0,4205.0,44921.0
9731,L56910,L,298.8,310.0,1528,36.7,147,0,0,0,0,0,0,11.199999999999989,56077.600000000006,5394.900000000001,45570.0
9732,L56911,L,298.8,310.0,1389,49.6,149,0,0,0,0,0,0,11.199999999999989,68894.40000000001,7390.400000000001,46190.0
9733,L56912,L,298.9,310.0,2231,17.4,151,0,0,0,0,0,0,11.100000000000023,38819.399999999994,2627.3999999999996,46810.0
9734,M24593,M,298.9,310.1,1442,42.9,153,0,0,0,0,0,0,11.200000000000045,61861.799999999996,6563.7,47445.3
9735,H39148,H,298.9,310.1,1458,44.3,156,0,0,0,0,0,0,11.200000000000045,64589.399999999994,6910.799999999999,48375.600000000006
9736,L56915,L,299.0,310.1,1444,47.7,161,0,0,0,0,0,0,11.100000000000023,68878.8,7679.700000000001,49926.100000000006
9737,M24596,M,298.9,310.0,1348,58.2,163,0,0,0,0,0,0,11.100000000000023,78453.6,9486.6,50530.0
9738,L56917,L,298.9,310.0,1791,27.6,166,0,0,0,0,0,0,11.100000000000023,49431.600000000006,4581.6,51460.0
9739,L56918,L,299.0,310.0,1509,38.0,168,0,0,0,0,0,0,11.0,57342.0,6384.0,52080.0
9740,L56919,L,298.9,310.0,1515,42.9,170,0,0,0,0,0,0,11.100000000000023,64993.5,7293.0,52700.0
9741,M24600,M,298.9,310.1,1655,31.5,172,0,0,0,0,0,0,11.200000000000045,52132.5,5418.0,53337.200000000004
9742,L56921,L,298.9,310.1,1495,42.9,175,0,0,0,0,0,0,11.200000000000045,64135.5,7507.5,54267.50000000001
9743,L56922,L,298.9,310.2,1623,37.2,177,0,0,0,0,0,0,11.300000000000011,60375.600000000006,6584.400000000001,54905.4
9744,L56923,L,298.9,310.2,1562,42.5,179,0,0,0,0,0,0,11.300000000000011,66385.0,7607.5,55525.799999999996
9745,L56924,L,298.8,310.1,1574,36.2,181,0,0,0,0,0,0,11.300000000000011,56978.8,6552.200000000001,56128.100000000006
9746,L56925,L,298.8,310.0,1611,32.4,183,0,0,0,0,0,0,11.199999999999989,52196.399999999994,5929.2,56730.0
9747,L56926,L,298.8,310.0,1403,45.6,185,0,0,0,0,0,0,11.199999999999989,63976.8,8436.0,57350.0
9748,L56927,L,298.8,310.1,1481,47.4,187,0,0,0,0,0,0,11.300000000000011,70199.4,8863.8,57988.700000000004
9749,M24608,M,298.9,310.1,1441,41.2,189,0,0,0,0,0,0,11.200000000000045,59369.200000000004,7786.8,58608.9
9750,H39163,H,298.8,310.1,1483,45.4,192,0,0,0,0,0,0,11.300000000000011,67328.2,8716.8,59539.200000000004
9751,L56930,L,298.7,310.0,1555,32.6,197,0,0,0,0,0,0,11.300000000000011,50693.0,6422.200000000001,61070.0
9752,L56931,L,298.6,309.9,1615,28.8,199,0,0,0,0,0,0,11.299999999999955,46512.0,5731.2,61670.1
9753,L56932,L,298.6,309.8,1561,32.6,201,0,0,0,0,0,0,11.199999999999989,50888.600000000006,6552.6,62269.8
9754,L56933,L,298.5,309.8,1593,35.1,203,0,0,0,0,0,0,11.300000000000011,55914.3,7125.3,62889.4
9755,M24614,M,298.5,309.7,1552,34.0,205,0,0,0,0,0,0,11.199999999999989,52768.0,6970.0,63488.5
9756,H39169,H,298.5,309.7,1561,35.3,208,0,0,0,0,0,0,11.199999999999989,55103.299999999996,7342.4,64417.6
9757,L56936,L,298.6,309.8,1597,35.9,213,0,0,0,0,0,0,11.199999999999989,57332.299999999996,7646.7,65987.40000000001
9758,M24617,M,298.6,309.9,1517,34.0,215,0,0,0,0,0,0,11.299999999999955,51578.0,7310.0,66628.5
9759,L56938,L,298.6,309.8,2271,16.2,218,1,1,0,0,0,0,11.199999999999989,36790.2,3531.6,67536.40000000001
9760,L56939,L,298.5,309.7,1613,36.7,0,0,0,0,0,0,0,11.199999999999989,59197.100000000006,0.0,0.0
9761,M24620,M,298.5,309.6,1509,47.3,2,0,0,0,0,0,0,11.100000000000023,71375.7,94.6,619.2
9762,L56941,L,298.6,309.7,1703,26.1,5,0,0,0,0,0,0,11.099999999999966,44448.3,130.5,1548.5
9763,L56942,L,298.6,309.7,1925,22.1,7,0,0,0,0,0,0,11.099999999999966,42542.5,154.70000000000002,2167.9
9764,M24623,M,298.6,309.6,1635,29.7,9,0,0,0,0,0,0,11.0,48559.5,267.3,2786.4
9765,L56944,L,298.5,309.5,1294,66.7,12,1,0,0,1,0,0,11.0,86309.8,800.4000000000001,3714.0
9766,L56945,L,298.6,309.6,1472,39.1,14,0,0,0,0,0,0,11.0,57555.200000000004,547.4,4334.400000000001
9767,H39180,H,298.6,309.6,1449,42.5,16,0,0,0,0,0,0,11.0,61582.5,680.0,4953.6
9768,L56947,L,298.6,309.6,1563,35.0,21,0,0,0,0,0,0,11.0,54705.0,735.0,6501.6
9769,L56948,L,298.6,309.6,1611,35.7,23,0,0,0,0,0,0,11.0,57512.700000000004,821.1,7120.8
9770,L56949,L,298.6,309.6,1386,48.6,25,0,0,0,0,0,0,11.0,67359.6,1215.0,7740.000000000001
9771,H39184,H,298.6,309.5,1584,31.8,27,0,0,0,0,0,0,10.899999999999977,50371.200000000004,858.6,8356.5
9772,M24631,M,298.7,309.6,1424,50.4,32,0,0,0,0,0,0,10.900000000000034,71769.59999999999,1612.8,9907.2
9773,L56952,L,298.5,309.5,1561,34.8,35,0,0,0,0,0,0,11.0,54322.799999999996,1218.0,10832.5
9774,L56953,L,298.5,309.4,1560,37.9,37,0,0,0,0,0,0,10.899999999999977,59124.0,1402.3,11447.8
9775,H39188,H,298.6,309.5,1375,41.0,39,0,0,0,0,0,0,10.899999999999977,56375.0,1599.0,12070.5
9776,M24635,M,298.6,309.5,1684,27.8,44,0,0,0,0,0,0,10.899999999999977,46815.200000000004,1223.2,13618.0
9777,M24636,M,298.6,309.6,1397,54.1,47,0,0,0,0,0,0,11.0,75577.7,2542.7000000000003,14551.2
9778,L56957,L,298.6,309.6,1387,57.6,50,0,0,0,0,0,0,11.0,79891.2,2880.0,15480.000000000002
9779,H39192,H,298.7,309.7,1311,54.5,52,0,0,0,0,0,0,11.0,71449.5,2834.0,16104.4
9780,L56959,L,298.8,309.8,1509,36.2,57,0,0,0,0,0,0,11.0,54625.8,2063.4,17658.600000000002
9781,M24640,M,298.8,309.8,1477,46.7,59,0,0,0,0,0,0,11.0,68975.90000000001,2755.3,18278.2
9782,L56961,L,298.8,309.9,1441,41.6,62,0,0,0,0,0,0,11.099999999999966,59945.6,2579.2000000000003,19213.8
9783,L56962,L,298.7,309.9,1404,47.1,64,0,0,0,0,0,0,11.199999999999989,66128.40000000001,3014.4,19833.6
9784,H39197,H,298.8,309.9,1466,44.6,66,0,0,0,0,0,0,11.099999999999966,65383.6,2943.6,20453.399999999998
9785,M24644,M,298.7,309.8,1435,48.8,71,0,0,0,0,0,0,11.100000000000023,70028.0,3464.7999999999997,21995.8
9786,H39199,H,298.7,309.7,1697,29.8,74,0,0,0,0,0,0,11.0,50570.6,2205.2000000000003,22917.8
9787,M24646,M,298.7,309.6,1738,27.3,79,0,0,0,0,0,0,10.900000000000034,47447.4,2156.7000000000003,24458.4
9788,H39201,H,298.6,309.5,1420,50.4,82,0,0,0,0,0,0,10.899999999999977,71568.0,4132.8,25379.0
9789,M24648,M,298.5,309.5,1535,39.8,87,0,0,0,0,0,0,11.0,61092.99999999999,3462.6,26926.5
9790,L56969,L,298.6,309.6,1715,28.4,90,0,0,0,0,0,0,11.0,48706.0,2556.0,27864.000000000004
9791,L56970,L,298.6,309.5,1483,43.2,92,0,0,0,0,0,0,10.899999999999977,64065.600000000006,3974.4,28474.0
9792,M24651,M,298.5,309.4,1521,37.5,94,0,0,0,0,0,0,10.899999999999977,57037.5,3525.0,29083.6
9793,H39206,H,298.5,309.4,1573,36.0,97,0,0,0,0,0,0,10.899999999999977,56628.0,3492.0,30011.8
9794,H39207,H,298.5,309.4,1414,46.7,102,0,0,0,0,0,0,10.899999999999977,66033.8,4763.400000000001,31558.8
9795,L56974,L,298.5,309.3,1590,33.9,107,0,0,0,0,0,0,10.800000000000011,53901.0,3627.2999999999997,33095.1
9796,L56975,L,298.5,309.3,1623,33.1,109,0,0,0,0,0,0,10.800000000000011,53721.3,3607.9,33713.700000000004
9797,H39210,H,298.4,309.3,1694,30.9,111,0,0,0,0,0,0,10.900000000000034,52344.6,3429.8999999999996,34332.3
9798,M24657,M,298.4,309.2,1597,33.5,116,0,0,0,0,0,0,10.800000000000011,53499.5,3886.0,35867.2
9799,L56978,L,298.5,309.3,1471,44.7,119,0,0,0,0,0,0,10.800000000000011,65753.7,5319.3,36806.700000000004
9800,M24659,M,298.5,309.3,1551,34.7,121,0,0,0,0,0,0,10.800000000000011,53819.700000000004,4198.700000000001,37425.3
9801,H39214,H,298.5,309.3,1421,50.3,124,0,0,0,0,0,0,10.800000000000011,71476.3,6237.2,38353.200000000004
9802,M24661,M,298.4,309.3,1496,45.6,129,0,0,0,0,0,0,10.900000000000034,68217.6,5882.400000000001,39899.700000000004
9803,H39216,H,298.4,309.3,1984,19.2,132,0,0,0,0,0,0,10.900000000000034,38092.799999999996,2534.4,40827.6
9804,L56983,L,298.4,309.2,1692,29.8,137,0,0,0,0,0,0,10.800000000000011,50421.6,4082.6,42360.4
9805,L56984,L,298.4,309.1,1467,42.5,139,0,0,0,0,0,0,10.700000000000045,62347.5,5907.5,42964.9
9806,L56985,L,298.4,309.2,1651,28.5,141,0,0,0,0,0,0,10.800000000000011,47053.5,4018.5,43597.2
9807,L56986,L,298.3,309.1,1417,60.5,143,0,0,0,0,0,0,10.800000000000011,85728.5,8651.5,44201.3
9808,L56987,L,298.2,309.0,1413,55.0,145,0,0,0,0,0,0,10.800000000000011,77715.0,7975.0,44805.0
9809,M24668,M,298.2,309.0,1441,44.2,147,0,0,0,0,0,0,10.800000000000011,63692.200000000004,6497.400000000001,45423.0
9810,M24669,M,298.2,309.0,1353,50.3,150,0,0,0,0,0,0,10.800000000000011,68055.9,7545.0,46350.0
9811,L56990,L,298.1,309.0,1502,40.9,153,0,0,0,0,0,0,10.899999999999977,61431.799999999996,6257.7,47277.0
9812,L56991,L,298.2,309.0,1610,31.7,155,0,0,0,0,0,0,10.800000000000011,51037.0,4913.5,47895.0
9813,M24672,M,298.2,309.1,1411,45.8,157,0,0,0,0,0,0,10.900000000000034,64623.799999999996,7190.599999999999,48528.700000000004
9814,L56993,L,298.3,309.1,1387,52.3,160,0,0,0,0,0,0,10.800000000000011,72540.09999999999,8368.0,49456.0
9815,H39228,H,298.3,309.1,1430,40.9,162,0,0,0,0,0,0,10.800000000000011,58487.0,6625.8,50074.200000000004
9816,M24675,M,298.4,309.1,1576,38.8,167,0,0,0,0,0,0,10.700000000000045,61148.799999999996,6479.599999999999,51619.700000000004
9817,M24676,M,298.5,309.2,1721,29.4,170,0,0,0,0,0,0,10.699999999999989,50597.399999999994,4998.0,52564.0
9818,M24677,M,298.5,309.3,1465,42.4,173,0,0,0,0,0,0,10.800000000000011,62116.0,7335.2,53508.9
9819,M24678,M,298.6,309.4,1407,45.1,176,0,0,0,0,0,0,10.799999999999955,63455.700000000004,7937.6,54454.399999999994
9820,M24679,M,298.6,309.4,1464,36.9,179,0,0,0,0,0,0,10.799999999999955,54021.6,6605.099999999999,55382.6
9821,M24680,M,298.6,309.5,1568,36.7,182,0,0,0,0,0,0,10.899999999999977,57545.600000000006,6679.400000000001,56329.0
9822,L57001,L,298.6,309.4,1667,35.6,185,0,0,0,0,0,0,10.799999999999955,59345.200000000004,6586.0,57238.99999999999
9823,L57002,L,298.5,309.4,1360,60.9,187,1,0,0,0,1,0,10.899999999999977,82824.0,11388.3,57857.799999999996
9824,M24683,M,298.5,309.3,1488,43.7,189,0,0,0,0,0,0,10.800000000000011,65025.600000000006,8259.300000000001,58457.700000000004
9825,L57004,L,298.4,309.3,1504,39.3,192,0,0,0,0,0,0,10.900000000000034,59107.2,7545.599999999999,59385.600000000006
9826,L57005,L,298.4,309.2,1610,32.4,194,0,0,0,0,0,0,10.800000000000011,52164.0,6285.599999999999,59984.799999999996
9827,L57006,L,298.4,309.2,1345,52.7,196,0,0,0,0,0,0,10.800000000000011,70881.5,10329.2,60603.2
9828,M24687,M,298.3,309.3,1376,57.0,198,0,0,0,0,0,0,11.0,78432.0,11286.0,61241.4
9829,L57008,L,298.4,309.4,1385,50.0,201,0,0,0,0,0,0,11.0,69250.0,10050.0,62189.399999999994
9830,M24689,M,298.4,309.4,1429,41.8,203,0,0,0,0,0,0,11.0,59732.2,8485.4,62808.2
9831,L57010,L,298.3,309.3,1337,56.1,206,1,0,0,0,1,0,11.0,75005.7,11556.6,63715.8
9832,L57011,L,298.4,309.3,1542,35.4,208,0,0,0,0,0,0,10.900000000000034,54586.799999999996,7363.2,64334.4
9833,L57012,L,298.4,309.2,2118,17.7,210,0,0,0,0,0,0,10.800000000000011,37488.6,3717.0,64932.0
9834,L57013,L,298.3,309.1,1386,45.3,212,0,0,0,0,0,0,10.800000000000011,62785.799999999996,9603.599999999999,65529.200000000004
9835,M24694,M,298.3,309.1,1632,32.7,0,0,0,0,0,0,0,10.800000000000011,53366.4,0.0,0.0
9836,L57015,L,298.4,309.3,1545,36.9,3,0,0,0,0,0,0,10.900000000000034,57010.5,110.69999999999999,927.9000000000001
9837,M24696,M,298.4,309.3,1390,53.6,5,0,0,0,0,0,0,10.900000000000034,74504.0,268.0,1546.5
9838,M24697,M,298.4,309.3,1355,50.6,8,0,0,0,0,0,0,10.900000000000034,68563.0,404.8,2474.4
9839,L57018,L,298.4,309.2,1425,45.5,11,0,0,0,0,0,0,10.800000000000011,64837.5,500.5,3401.2
9840,M24699,M,298.4,309.2,1491,51.2,13,0,0,0,0,0,0,10.800000000000011,76339.2,665.6,4019.6
9841,H39254,H,298.3,309.2,1486,42.4,16,0,0,0,0,0,0,10.899999999999977,63006.4,678.4,4947.2
9842,M24701,M,298.3,309.2,1359,51.4,21,0,0,0,0,0,0,10.899999999999977,69852.59999999999,1079.3999999999999,6493.2
9843,L57022,L,298.4,309.3,1395,47.6,24,0,0,0,0,0,0,10.900000000000034,66402.0,1142.4,7423.200000000001
9844,L57023,L,298.3,309.2,1383,52.1,26,0,0,0,0,0,0,10.899999999999977,72054.3,1354.6000000000001,8039.2
9845,H39258,H,298.3,309.1,1484,37.0,28,0,0,0,0,0,0,10.800000000000011,54908.0,1036.0,8654.800000000001
9846,L57025,L,298.3,309.1,1421,47.4,33,0,0,0,0,0,0,10.800000000000011,67355.4,1564.2,10200.300000000001
9847,L57026,L,298.3,309.0,1339,58.8,35,0,0,0,0,0,0,10.699999999999989,78733.2,2058.0,10815.0
9848,L57027,L,298.4,309.1,1362,46.1,37,0,0,0,0,0,0,10.700000000000045,62788.200000000004,1705.7,11436.7
9849,H39262,H,298.5,309.2,1568,40.6,39,0,0,0,0,0,0,10.699999999999989,63660.8,1583.4,12058.8
9850,L57029,L,298.6,309.4,2312,15.5,44,0,0,0,0,0,0,10.799999999999955,35836.0,682.0,13613.599999999999
9851,M24710,M,298.5,309.3,1498,34.6,46,0,0,0,0,0,0,10.800000000000011,51830.8,1591.6000000000001,14227.800000000001
9852,M24711,M,298.5,309.3,1761,27.2,49,0,0,0,0,0,0,10.800000000000011,47899.2,1332.8,15155.7
9853,L57032,L,298.6,309.4,1316,51.4,52,0,0,0,0,0,0,10.799999999999955,67642.4,2672.7999999999997,16088.8
9854,L57033,L,298.6,309.4,1525,37.8,54,0,0,0,0,0,0,10.799999999999955,57644.99999999999,2041.1999999999998,16707.6
9855,H39268,H,298.6,309.4,1362,45.3,56,0,0,0,0,0,0,10.799999999999955,61698.6,2536.7999999999997,17326.399999999998
9856,L57035,L,298.7,309.6,1516,38.5,61,0,0,0,0,0,0,10.900000000000034,58366.0,2348.5,18885.600000000002
9857,L57036,L,298.6,309.5,1450,44.2,63,0,0,0,0,0,0,10.899999999999977,64090.00000000001,2784.6000000000004,19498.5
9858,M24717,M,298.6,309.5,1366,55.0,65,0,0,0,0,0,0,10.899999999999977,75130.0,3575.0,20117.5
9859,L57038,L,298.5,309.5,1547,33.1,68,0,0,0,0,0,0,11.0,51205.700000000004,2250.8,21046.0
9860,M24719,M,298.6,309.5,1580,33.9,70,0,0,0,0,0,0,10.899999999999977,53562.0,2373.0,21665.0
9861,H39274,H,298.7,309.6,1755,26.9,73,0,0,0,0,0,0,10.900000000000034,47209.5,1963.6999999999998,22600.800000000003
9862,M24721,M,298.7,309.6,1800,24.8,78,0,0,0,0,0,0,10.900000000000034,44640.0,1934.4,24148.800000000003
9863,M24722,M,298.8,309.7,1439,45.8,81,0,0,0,0,0,0,10.899999999999977,65906.2,3709.7999999999997,25085.7
9864,L57043,L,298.9,309.8,1411,56.3,84,0,0,0,0,0,0,10.900000000000034,79439.3,4729.2,26023.2
9865,M24724,M,298.9,309.9,1645,31.4,86,0,0,0,0,0,0,11.0,51653.0,2700.4,26651.399999999998
9866,M24725,M,298.9,309.8,2450,13.9,89,0,0,0,0,0,0,10.900000000000034,34055.0,1237.1000000000001,27572.2
9867,L57046,L,299.0,309.9,1630,34.0,92,0,0,0,0,0,0,10.899999999999977,55420.0,3128.0,28510.8
9868,L57047,L,299.0,309.9,1411,44.7,94,0,0,0,0,0,0,10.899999999999977,63071.700000000004,4201.8,29130.6
9869,L57048,L,298.9,309.9,1526,35.4,96,0,0,0,0,0,0,11.0,54020.4,3398.3999999999996,29750.399999999998
9870,L57049,L,298.9,309.9,1590,31.3,98,0,0,0,0,0,0,11.0,49767.0,3067.4,30370.199999999997
9871,H39284,H,299.0,309.9,1884,25.6,100,0,0,0,0,0,0,10.899999999999977,48230.4,2560.0,30989.999999999996
9872,M24731,M,298.9,309.8,1947,21.7,105,0,0,0,0,0,0,10.900000000000034,42249.9,2278.5,32529.0
9873,L57052,L,298.9,309.9,1373,52.1,108,0,0,0,0,0,0,11.0,71533.3,5626.8,33469.2
9874,L57053,L,298.9,309.8,1616,36.5,110,0,0,0,0,0,0,10.900000000000034,58984.0,4015.0,34078.0
9875,M24734,M,298.9,309.9,1449,44.1,112,0,0,0,0,0,0,11.0,63900.9,4939.2,34708.799999999996
9876,M24735,M,298.9,309.8,1363,50.6,115,0,0,0,0,0,0,10.900000000000034,68967.8,5819.0,35627.0
9877,H39290,H,298.8,309.7,1461,55.1,118,0,0,0,0,0,0,10.899999999999977,80501.1,6501.8,36544.6
9878,L57057,L,298.8,309.7,1374,58.6,123,0,0,0,0,0,0,10.899999999999977,80516.40000000001,7207.8,38093.1
9879,L57058,L,298.7,309.7,1293,59.1,125,0,0,0,0,0,0,11.0,76416.3,7387.5,38712.5
9880,M24739,M,298.8,309.8,1490,38.6,127,0,0,0,0,0,0,11.0,57514.0,4902.2,39344.6
9881,L57060,L,298.8,309.8,1753,27.5,130,0,0,0,0,0,0,11.0,48207.5,3575.0,40274.0
9882,L57061,L,298.8,309.8,1493,38.5,132,0,0,0,0,0,0,11.0,57480.5,5082.0,40893.6
9883,L57062,L,298.8,309.8,1895,22.0,134,0,0,0,0,0,0,11.0,41690.0,2948.0,41513.200000000004
9884,H39297,H,298.7,309.6,1654,34.3,136,0,0,0,0,0,0,10.900000000000034,56732.2,4664.799999999999,42105.600000000006
9885,L57064,L,298.7,309.5,1673,30.8,141,0,0,0,0,0,0,10.800000000000011,51528.4,4342.8,43639.5
9886,L57065,L,298.8,309.6,1613,27.7,143,0,0,0,0,0,0,10.800000000000011,44680.1,3961.1,44272.8
9887,L57066,L,298.8,309.6,1903,22.3,145,0,0,0,0,0,0,10.800000000000011,42436.9,3233.5,44892.0
9888,L57067,L,298.8,309.5,1368,44.7,147,0,0,0,0,0,0,10.699999999999989,61149.600000000006,6570.900000000001,45496.5
9889,M24748,M,298.8,309.6,1575,34.4,149,0,0,0,0,0,0,10.800000000000011,54180.0,5125.599999999999,46130.4
9890,H39303,H,298.8,309.6,1516,40.2,152,0,0,0,0,0,0,10.800000000000011,60943.200000000004,6110.400000000001,47059.200000000004
9891,L57070,L,298.8,309.5,1645,32.8,157,0,0,0,0,0,0,10.699999999999989,53955.99999999999,5149.599999999999,48591.5
9892,L57071,L,298.8,309.5,1374,48.1,159,0,0,0,0,0,0,10.699999999999989,66089.40000000001,7647.900000000001,49210.5
9893,H39306,H,298.9,309.7,1407,48.6,161,0,0,0,0,0,0,10.800000000000011,68380.2,7824.6,49861.7
9894,M24753,M,298.9,309.6,1284,55.3,166,0,0,0,0,0,0,10.700000000000045,71005.2,9179.8,51393.600000000006
9895,L57074,L,298.9,309.5,1645,31.1,169,0,0,0,0,0,0,10.600000000000023,51159.5,5255.900000000001,52305.5
9896,L57075,L,298.8,309.4,1387,54.1,171,0,0,0,0,0,0,10.599999999999966,75036.7,9251.1,52907.399999999994
9897,M24756,M,298.8,309.3,1618,35.1,173,0,0,0,0,0,0,10.5,56791.8,6072.3,53508.9
9898,L57077,L,298.8,309.3,1357,47.1,176,0,0,0,0,0,0,10.5,63914.700000000004,8289.6,54436.8
9899,L57078,L,298.7,309.2,1396,44.8,178,0,0,0,0,0,0,10.5,62540.799999999996,7974.4,55037.6
9900,L57079,L,298.7,309.2,1586,31.4,180,0,0,0,0,0,0,10.5,49800.399999999994,5652.0,55656.0
9901,H39314,H,298.7,309.2,1449,42.3,182,0,0,0,0,0,0,10.5,61292.7,7698.599999999999,56274.4
9902,M24761,M,298.7,309.2,1423,48.9,187,0,0,0,0,0,0,10.5,69584.7,9144.3,57820.4
9903,H39316,H,298.7,309.3,1402,45.3,190,0,0,0,0,0,0,10.600000000000023,63510.6,8607.0,58767.0
9904,M24763,M,298.7,309.2,1437,45.7,195,0,0,0,0,0,0,10.5,65670.90000000001,8911.5,60294.0
9905,L57084,L,298.6,309.1,1537,35.7,198,0,0,0,0,0,0,10.5,54870.9,7068.6,61201.8
9906,M24765,M,298.7,309.1,1423,49.5,200,0,0,0,0,0,0,10.400000000000034,70438.5,9900.0,61820.00000000001
9907,M24766,M,298.6,309.1,1587,37.3,203,0,0,0,0,0,0,10.5,59195.1,7571.9,62747.3
9908,M24767,M,298.6,309.1,1487,43.2,206,0,0,0,0,0,0,10.5,64238.4,8899.2,63674.600000000006
9909,L57088,L,298.6,309.0,1456,47.7,0,0,0,0,0,0,0,10.399999999999977,69451.2,0.0,0.0
9910,L57089,L,298.7,309.1,1607,32.7,2,0,0,0,0,0,0,10.400000000000034,52548.9,65.4,618.2
9911,L57090,L,298.6,309.0,1469,46.0,4,0,0,0,0,0,0,10.399999999999977,67574.0,184.0,1236.0
9912,M24771,M,298.6,309.0,1481,40.8,6,0,0,0,0,0,0,10.399999999999977,60424.799999999996,244.79999999999998,1854.0
9913,L57092,L,298.6,308.9,1327,58.8,9,0,0,0,0,0,0,10.299999999999955,78027.59999999999,529.1999999999999,2780.1
9914,L57093,L,298.5,308.8,1589,30.6,11,0,0,0,0,0,0,10.300000000000011,48623.4,336.6,3396.8
9915,L57094,L,298.5,308.8,1670,29.6,13,0,0,0,0,0,0,10.300000000000011,49432.0,384.8,4014.4
9916,M24775,M,298.5,308.7,1662,28.3,15,0,0,0,0,0,0,10.199999999999989,47034.6,424.5,4630.5
9917,M24776,M,298.5,308.8,1553,34.9,18,0,0,0,0,0,0,10.300000000000011,54199.7,628.1999999999999,5558.400000000001
9918,M24777,M,298.5,308.8,1557,36.0,21,0,0,0,0,0,0,10.300000000000011,56052.0,756.0,6484.8
9919,L57098,L,298.4,308.8,1352,56.7,24,0,0,0,0,0,0,10.400000000000034,76658.40000000001,1360.8000000000002,7411.200000000001
9920,L57099,L,298.5,308.8,1305,58.7,26,0,0,0,0,0,0,10.300000000000011,76603.5,1526.2,8028.8
9921,H39334,H,298.5,308.7,1450,43.9,28,0,0,0,0,0,0,10.199999999999989,63655.0,1229.2,8643.6
9922,M24781,M,298.5,308.7,1347,48.5,33,0,0,0,0,0,0,10.199999999999989,65329.5,1600.5,10187.1
9923,H39336,H,298.6,308.8,1566,39.1,36,0,0,0,0,0,0,10.199999999999989,61230.600000000006,1407.6000000000001,11116.800000000001
9924,M24783,M,298.5,308.7,1615,33.3,41,0,0,0,0,0,0,10.199999999999989,53779.49999999999,1365.3,12656.699999999999
9925,M24784,M,298.5,308.6,1384,54.4,44,0,0,0,0,0,0,10.100000000000023,75289.59999999999,2393.6,13578.400000000001
9926,M24785,M,298.5,308.7,1367,47.3,47,0,0,0,0,0,0,10.199999999999989,64659.1,2223.1,14508.9
9927,M24786,M,298.5,308.6,1897,20.2,50,0,0,0,0,0,0,10.100000000000023,38319.4,1010.0,15430.000000000002
9928,L57107,L,298.5,308.6,1522,36.9,53,0,0,0,0,0,0,10.100000000000023,56161.799999999996,1955.6999999999998,16355.800000000001
9929,M24788,M,298.4,308.5,1576,27.4,55,0,0,0,0,0,0,10.100000000000023,43182.399999999994,1507.0,16967.5
9930,H39343,H,298.4,308.4,1479,39.2,58,0,0,0,0,0,0,10.0,57976.8,2273.6000000000004,17887.199999999997
9931,L57110,L,298.3,308.3,1452,45.5,63,0,0,0,0,0,0,10.0,66066.0,2866.5,19422.9
9932,L57111,L,298.3,308.3,1432,46.9,65,0,0,0,0,0,0,10.0,67160.8,3048.5,20039.5
9933,L57112,L,298.3,308.2,1663,28.4,67,0,0,0,0,0,0,9.899999999999977,47229.2,1902.8,20649.399999999998
9934,L57113,L,298.3,308.3,1597,32.4,69,0,0,0,0,0,0,10.0,51742.799999999996,2235.6,21272.7
9935,L57114,L,298.3,308.2,1472,44.3,71,0,0,0,0,0,0,9.899999999999977,65209.6,3145.2999999999997,21882.2
9936,L57115,L,298.4,308.3,1452,48.5,73,0,0,0,0,0,0,9.900000000000034,70422.0,3540.5,22505.9
9937,H39350,H,298.3,308.2,1534,33.2,75,0,0,0,0,0,0,9.899999999999977,50928.8,2490.0,23115.0
9938,L57117,L,298.3,308.1,1505,46.1,80,0,0,0,0,0,0,9.800000000000011,69380.5,3688.0,24648.0
9939,L57118,L,298.3,308.1,1528,33.9,82,0,0,0,0,0,0,9.800000000000011,51799.2,2779.7999999999997,25264.2
9940,H39353,H,298.3,308.1,2636,12.8,84,0,0,0,0,0,0,9.800000000000011,33740.8,1075.2,25880.4
9941,M24800,M,298.3,308.1,1722,28.6,89,0,0,0,0,0,0,9.800000000000011,49249.200000000004,2545.4,27420.9
9942,L57121,L,298.4,308.1,1395,44.0,92,0,0,0,0,0,0,9.700000000000045,61380.0,4048.0,28345.2
9943,L57122,L,298.4,308.1,1375,50.8,94,0,0,0,0,0,0,9.700000000000045,69850.0,4775.2,28961.4
9944,M24803,M,298.3,308.0,1766,26.0,96,0,0,0,0,0,0,9.699999999999989,45916.0,2496.0,29568.0
9945,L57124,L,298.3,307.9,1399,47.8,99,0,0,0,0,0,0,9.599999999999966,66872.2,4732.2,30482.1
9946,L57125,L,298.3,308.0,1578,37.8,101,0,0,0,0,0,0,9.699999999999989,59648.399999999994,3817.7999999999997,31108.0
9947,L57126,L,298.3,307.9,1502,42.0,103,0,0,0,0,0,0,9.599999999999966,63084.0,4326.0,31713.699999999997
9948,M24807,M,298.2,307.9,1529,36.6,105,0,0,0,0,0,0,9.699999999999989,55961.4,3843.0,32329.499999999996
9949,L57128,L,298.2,307.8,1804,25.1,108,0,0,0,0,0,0,9.600000000000023,45280.4,2710.8,33242.4
9950,M24809,M,298.2,307.8,1411,53.4,110,0,0,0,0,0,0,9.600000000000023,75347.4,5874.0,33858.0
9951,L57130,L,298.1,307.8,1413,54.1,113,0,0,0,0,0,0,9.699999999999989,76443.3,6113.3,34781.4
9952,L57131,L,298.2,307.8,1355,59.4,115,0,0,0,0,0,0,9.600000000000023,80487.0,6831.0,35397.0
9953,L57132,L,298.2,307.8,1429,46.9,117,0,0,0,0,0,0,9.600000000000023,67020.09999999999,5487.3,36012.6
9954,L57133,L,298.1,307.8,1565,35.3,119,0,0,0,0,0,0,9.699999999999989,55244.49999999999,4200.7,36628.200000000004
9955,M24814,M,298.1,307.9,1446,42.8,121,0,0,0,0,0,0,9.799999999999955,61888.799999999996,5178.799999999999,37255.899999999994
9956,M24815,M,298.2,307.9,1462,38.8,124,0,0,0,0,0,0,9.699999999999989,56725.6,4811.2,38179.6
9957,M24816,M,298.2,307.8,1578,34.5,127,0,0,0,0,0,0,9.600000000000023,54441.0,4381.5,39090.6
9958,L57137,L,298.1,307.8,1606,33.0,130,0,0,0,0,0,0,9.699999999999989,52998.0,4290.0,40014.0
9959,M24818,M,298.1,307.8,1525,35.9,132,0,0,0,0,0,0,9.699999999999989,54747.5,4738.8,40629.6
9960,L57139,L,298.1,307.8,1379,49.1,135,0,0,0,0,0,0,9.699999999999989,67708.90000000001,6628.5,41553.0
9961,L57140,L,298.2,307.8,1575,35.0,137,0,0,0,0,0,0,9.600000000000023,55125.0,4795.0,42168.6
9962,L57141,L,298.2,307.9,1399,54.9,139,0,0,0,0,0,0,9.699999999999989,76805.09999999999,7631.099999999999,42798.1
9963,L57142,L,298.2,307.9,1429,49.4,141,0,0,0,0,0,0,9.699999999999989,70592.59999999999,6965.4,43413.899999999994
9964,L57143,L,298.3,307.9,1435,39.9,143,0,0,0,0,0,0,9.599999999999966,57256.5,5705.7,44029.7
9965,L57144,L,298.3,307.9,1766,26.5,145,0,0,0,0,0,0,9.599999999999966,46799.0,3842.5,44645.5
9966,L57145,L,298.3,307.9,1703,28.9,147,0,0,0,0,0,0,9.599999999999966,49216.7,4248.3,45261.299999999996
9967,L57146,L,298.3,307.9,1507,41.2,149,0,0,0,0,0,0,9.599999999999966,62088.4,6138.8,45877.1
9968,M24827,M,298.3,307.9,1609,32.4,151,0,0,0,0,0,0,9.599999999999966,52131.6,4892.4,46492.899999999994
9969,L57148,L,298.4,308.0,1605,32.4,154,0,0,0,0,0,0,9.600000000000023,52002.0,4989.599999999999,47432.0
9970,L57149,L,298.4,308.1,1491,50.0,156,0,0,0,0,0,0,9.700000000000045,74550.0,7800.0,48063.600000000006
9971,H39384,H,298.4,308.1,1891,24.7,158,0,0,0,0,0,0,9.700000000000045,46707.7,3902.6,48679.8
9972,H39385,H,298.5,308.2,1563,44.6,163,0,0,0,0,0,0,9.699999999999989,69709.8,7269.8,50236.6
9973,L57152,L,298.6,308.2,1390,51.4,168,0,0,0,0,0,0,9.599999999999966,71446.0,8635.199999999999,51777.6
9974,L57153,L,298.5,308.2,1444,40.5,170,0,0,0,0,0,0,9.699999999999989,58482.0,6885.0,52394.0
9975,L57154,L,298.6,308.2,1361,68.2,172,1,0,0,1,1,0,9.599999999999966,92820.2,11730.4,53010.4
9976,M24835,M,298.6,308.3,1589,34.1,174,0,0,0,0,0,0,9.699999999999989,54184.9,5933.400000000001,53644.200000000004
9977,L57156,L,298.6,308.2,1705,26.3,177,0,0,0,0,0,0,9.599999999999966,44841.5,4655.1,54551.4
9978,L57157,L,298.6,308.3,1422,40.4,179,0,0,0,0,0,0,9.699999999999989,57448.799999999996,7231.599999999999,55185.700000000004
9979,H39392,H,298.6,308.3,1377,52.1,181,0,0,0,0,0,0,9.699999999999989,71741.7,9430.1,55802.3
9980,L57159,L,298.5,308.3,1334,49.8,186,0,0,0,0,0,0,9.800000000000011,66433.2,9262.8,57343.8
9981,L57160,L,298.6,308.4,1559,36.6,188,0,0,0,0,0,0,9.799999999999955,57059.4,6880.8,57979.2
9982,L57161,L,298.7,308.5,1353,47.0,190,0,0,0,0,0,0,9.800000000000011,63591.0,8930.0,58615.0
9983,M24842,M,298.7,308.4,1507,45.7,192,0,0,0,0,0,0,9.699999999999989,68869.90000000001,8774.400000000001,59212.799999999996
9984,L57163,L,298.7,308.4,1694,28.7,195,0,0,0,0,0,0,9.699999999999989,48617.799999999996,5596.5,60137.99999999999
9985,H39398,H,298.7,308.4,1432,42.8,197,0,0,0,0,0,0,9.699999999999989,61289.6,8431.599999999999,60754.799999999996
9986,H39399,H,298.7,308.5,1572,35.6,202,0,0,0,0,0,0,9.800000000000011,55963.200000000004,7191.200000000001,62317.0
9987,M24846,M,298.8,308.6,1507,42.3,207,0,0,0,0,0,0,9.800000000000011,63746.1,8756.099999999999,63880.200000000004
9988,M24847,M,298.8,308.6,1500,37.1,210,0,0,0,0,0,0,9.800000000000011,55650.0,7791.0,64806.00000000001
9989,L57168,L,298.9,308.6,1771,24.1,213,0,0,0,0,0,0,9.700000000000045,42681.100000000006,5133.3,65731.8
9990,M24849,M,298.8,308.5,1577,33.2,0,0,0,0,0,0,0,9.699999999999989,52356.4,0.0,0.0
9991,L57170,L,298.8,308.5,1527,36.2,3,0,0,0,0,0,0,9.699999999999989,55277.4,108.60000000000001,925.5
9992,M24851,M,298.9,308.4,1827,26.1,5,0,0,0,0,0,0,9.5,47684.700000000004,130.5,1542.0
9993,L57172,L,298.8,308.4,1484,39.2,8,0,0,0,0,0,0,9.599999999999966,58172.8,313.6,2467.2
9994,L57173,L,298.8,308.4,1401,47.3,10,0,0,0,0,0,0,9.599999999999966,66267.3,473.0,3084.0
9995,L57174,L,298.8,308.3,1634,27.9,12,0,0,0,0,0,0,9.5,45588.6,334.79999999999995,3699.6000000000004
9996,M24855,M,298.8,308.4,1604,29.5,14,0,0,0,0,0,0,9.599999999999966,47318.0,413.0,4317.599999999999
9997,H39410,H,298.9,308.4,1632,31.8,17,0,0,0,0,0,0,9.5,51897.6,540.6,5242.799999999999
9998,M24857,M,299.0,308.6,1645,33.4,22,0,0,0,0,0,0,9.600000000000023,54943.0,734.8,6789.200000000001
9999,H39412,H,299.0,308.7,1408,48.5,25,0,0,0,0,0,0,9.699999999999989,68288.0,1212.5,7717.5
10000,M24859,M,299.0,308.7,1500,40.2,30,0,0,0,0,0,0,9.699999999999989,60300.00000000001,1206.0,9261.0
